"hfpxzc href","qBF1Pd","MW4etd","UY7F9","W4Efsd","W4Efsd 2","W4Efsd 3","W4Efsd 4","W4Efsd 5","W4Efsd 6","UsdlK","lcr4fd href","Cw1rxd","R8c4Qb","Cw1rxd 2","R8c4Qb 2","Jn12ke src","ah5Ghc","ah5Ghc 2","ah5Ghc 3"
"","","","","","","","","","","","","","","","","","","",""
"","","","","","","","","","","","","","","","","","","",""
"https://www.google.fr/maps/place/Nicolas+Berthier+-+Avocat+P%C3%A9naliste,+P%C3%A9nal+des+Affaires,+Dommage+corporel,+Cour+d%27assises,+Comparution+Imm%C3%A9diate,+Garde-%C3%A0-Vue/data=!4m7!3m6!1s0x12c9c0c7efc28ae3:0x6b7cb254db3fb9dc!8m2!3d43.28847!4d5.38009!16s%2Fg%2F11c1v24q5c!19sChIJ44rC78fAyRIR3Lk_21SyfGs?authuser=0&hl=fr&rclk=1","Nicolas Berthier - Avocat Pénaliste, Pénal des Affaires, Dommage corporel, Cour d'assises, Comparution Immédiate, Garde-à-Vue","5,0","(44)","Avocat pénaliste","·","22 Rue Edmond Rostand","Ouvert","· Ferme à 21:00","·","07 83 18 04 79","https://www.google.fr/aclk?sa=L&ai=DChsSEwiu8Oe1tMWSAxWmgIMHHQICKwwYACICCAEQABoCZWY&co=1&ase=2&gclid=CjwKCAiAv5bMBhAIEiwAqP9GuLmDsJShdu4lYbcUNQcdqcbI8IcFNK4URrG6UMzSYR3uWiOGeTwgShoCInIQAvD_BwE&cce=2&category=acrcp_v1_32&sig=AOD64_0bs4pGXjW_7KHfPtPjG3xgv5JhIA&adurl&q&ctype=99&nis=6","","Site Web","","Itinéraires","","","",""
"https://www.google.fr/maps/place/Hazzan+David+Avocat/data=!4m7!3m6!1s0x12c9c750afce8963:0xa2ae06f956eceb5f!8m2!3d43.273656!4d5.391133!16s%2Fg%2F1tzfv9rk!19sChIJY4nOr1DHyRIRX-vsVvkGrqI?authuser=0&hl=fr&rclk=1","Hazzan David Avocat","4,6","(12)","Avocat","·","271 Avenue du Prado","Ferme bientôt","· 19:00 · Ouvre à 09:00 lun.","·","04 91 22 02 28","https://www.google.fr/aclk?sa=L&ai=DChsSEwiu8Oe1tMWSAxWmgIMHHQICKwwYACICCAEQAhoCZWY&co=1&ase=2&gclid=CjwKCAiAv5bMBhAIEiwAqP9GuE_ttEdqhsyiKdeTirN6srmOJ9tdTqvwi9v5-HiZh2m5gDwg5pE5pBoC6S8QAvD_BwE&cce=2&category=acrcp_v1_32&sig=AOD64_1W0eBkKniklRtPR4jVbI2rq-T1Ww&adurl&q&ctype=99&nis=6","","Site Web","","Itinéraires","","","",""
"https://www.google.fr/maps/place/AMG+Avocats/data=!4m7!3m6!1s0x12c9c1b240e0a14f:0xed9fab241381d94b!8m2!3d43.3051111!4d5.3674382!16s%2Fg%2F11j0qg9f6f!19sChIJT6HgQLLByRIRS9mBEySrn-0?authuser=0&hl=fr&rclk=1","AMG Avocats","4,9","(119)","Avocat","·","6 Bd de Dunkerque","Fermé","· Ouvre à 09:00 lun.","·","04 91 57 10 79","http://www.amgavocatsmarseille.com/","","Site Web","","Itinéraires","https://ssl.gstatic.com/local/servicebusiness/default_user.png","""Leur expertise et leur écoute attentive ont été des atouts majeurs.""","",""
"https://www.google.fr/maps/place/L%C3%A9na+DENICOURT+Successeur+de+TRILOFF+AVOCAT+%28cabinet+ferm%C3%A9%29/data=!4m7!3m6!1s0x12c9c0b967194e4d:0x181bd4283e06cc93!8m2!3d43.3039809!4d5.3705354!16s%2Fg%2F11bwn5k_kg!19sChIJTU4ZZ7nAyRIRk8wGPijUGxg?authuser=0&hl=fr&rclk=1","Léna DENICOURT Successeur de TRILOFF AVOCAT (cabinet fermé)","4,5","(82)","Avocat","·","·","Ferme bientôt","· 19:00 · Ouvre à 09:00 lun.","Secteur République-Joliette-Euromed, 25 Rue Fauchier","04 13 94 05 88","https://www.denicourt-avocat.fr/","","Site Web","","Itinéraires","https://ssl.gstatic.com/local/servicebusiness/default_user.png","""Maître TRILOFF est une","avocate","compétente, humaine et à l'écoute."""
"https://www.google.fr/maps/place/XAVIER+COLAS/data=!4m7!3m6!1s0x12c9c1d1d6550517:0x1e958321838f4824!8m2!3d43.3132079!4d5.3688848!16s%2Fg%2F11rfq35nyv!19sChIJFwVV1tHByRIRJEiPgyGDlR4?authuser=0&hl=fr&rclk=1","XAVIER COLAS","4,9","(47)","Avocat","·","Résidence My Liberty, 7 Rue Pierre Guiral bâtiment B apt 131","Fermé","· Ouvre à 09:00 lun.","·","04 84 89 51 06","https://avocat-xavier-colas.com/","","Site Web","","Itinéraires","https://ssl.gstatic.com/local/servicebusiness/default_user.png","""Excellent","avocat","end droit des affaires et en réparation d'erreur médicale."""
"https://www.google.fr/maps/place/Ma%C3%AEtre+Fiona+SILES+-+Avocat+Marseille/data=!4m7!3m6!1s0x12c9c1ef3017ac09:0x79f29a8a8212c89c!8m2!3d43.3104111!4d5.3690025!16s%2Fg%2F11yxhy83g_!19sChIJCawXMO_ByRIRnMgSgoqa8nk?authuser=0&hl=fr&rclk=1","Maître Fiona SILES - Avocat Marseille","","","Avocat","·","L’Astrolabe, 79 Bd de Dunkerque","Ferme bientôt","· 19:00 · Ouvre à 09:00 lun.","·","06 14 67 58 09","","","Itinéraires","","","","","",""
"https://www.google.fr/maps/place/SUDAIX+-+Soci%C3%A9t%C3%A9+d%27Avocats/data=!4m7!3m6!1s0x12c9c10dba60bdc9:0x60e5b74e1940045f!8m2!3d43.3124489!4d5.3711012!16s%2Fg%2F11vdsbf5vx!19sChIJyb1gug3ByRIRXwRAGU635WA?authuser=0&hl=fr&rclk=1","SUDAIX - Société d'Avocats","4,9","(23)","Cabinet d'avocats","·","74 Rue de Ruffi","Fermé","· Ouvre à 09:00 lun.","·","04 12 04 74 05","https://sudaix-avocats.fr/","","Site Web","","Itinéraires","https://ssl.gstatic.com/local/servicebusiness/default_user.png","""Si vous cherchez un","avocat","digne de confiance il est le choix idéal."""
"https://www.google.fr/maps/place/Avocat+Virginia+Dumont+Scognamiglio/data=!4m7!3m6!1s0x12c9c0b9ea7a67d3:0x68abccfe5f77d2b0!8m2!3d43.2917103!4d5.3723225!16s%2Fg%2F11c520wxcs!19sChIJ02d66rnAyRIRsNJ3X_7Mq2g?authuser=0&hl=fr&rclk=1","Avocat Virginia Dumont Scognamiglio","4,4","(52)","Avocat spécialisé en droit immobilier","·","69 Rue Sainte","Ouvert","· Ferme à 21:00","·","06 68 97 67 06","https://www.dumontscognamiglioavocat.fr/","","Site Web","","Itinéraires","https://ssl.gstatic.com/local/servicebusiness/default_user.png","""Maître DUMONT-SCOGNAMIGLIO est une","avocate","très compétente et très humaine."""
"https://www.google.fr/maps/place/Ma%C3%AEtre+Olivier+Rosato/data=!4m7!3m6!1s0x12c9c0e9218a7727:0xc70dc28203b59696!8m2!3d43.3041964!4d5.3653676!16s%2Fg%2F11b6d0k0sz!19sChIJJ3eKIenAyRIRlpa1A4LCDcc?authuser=0&hl=fr&rclk=1","Maître Olivier Rosato","4,5","(31)","Avocat pénaliste","·","3 Quai de la Joliette","Fermé","· Ouvre à 09:00 lun.","·","04 91 91 22 03","https://www.rosato-avocats.com/fr/","","Site Web","","Itinéraires","https://ssl.gstatic.com/local/servicebusiness/default_user.png","""C’est un","avocat","exceptionnellement rigoureux et attentif à ses clients."""
"https://www.google.fr/maps/place/Avocat+Marseille+Ma%C3%AEtre+Riahi/data=!4m7!3m6!1s0x12c9c0c770e2e80f:0x93a9eed48b3ae1f0!8m2!3d43.2973147!4d5.371755!16s%2Fg%2F11btvgbfdy!19sChIJD-jicMfAyRIR8OE6i9TuqZM?authuser=0&hl=fr&rclk=1","Avocat Marseille Maître Riahi","5,0","(17)","Avocat","·","18 Rue Bonneterie","Ferme bientôt","· 19:00 · Ouvre à 14:00 lun.","·","06 23 49 50 57","https://avocats-hr.fr/","","Site Web","","Itinéraires","https://ssl.gstatic.com/local/servicebusiness/default_user.png","""Excellent","avocat","Maître RIAHI est très à l'écoute et très compétent."""
"https://www.google.fr/maps/place/Avocat+Delavaud+Anne-Sophie/data=!4m7!3m6!1s0x12c9c0b97701fa73:0xfe78cb201330f539!8m2!3d43.2846738!4d5.367477!16s%2Fg%2F11df3xfyhz!19sChIJc_oBd7nAyRIROfUwEyDLeP4?authuser=0&hl=fr&rclk=1","Avocat Delavaud Anne-Sophie","4,9","(112)","Avocat spécialisé en droit du travail","·","99 Chem. du Roucas Blanc","Ouvert","· Ferme à 20:00","·","04 82 29 10 57","https://www.avocat-delavaud.fr/","","Site Web","","Itinéraires","https://ssl.gstatic.com/local/servicebusiness/default_user.png","""Une","avocate","très professionnelle, à la hauteur de mes attentes !!"""
"https://www.google.fr/maps/place/Ma%C3%AEtre+Michael+ZERBIB+Avocat+en+dommage+corporel,+indemnisation+accident+de+la+route,+erreur+m%C3%A9dicale+et+agression/data=!4m7!3m6!1s0x12c9c0b7808834c7:0xf603911912f952f2!8m2!3d43.294301!4d5.3748664!16s%2Fg%2F1tcwzqhs!19sChIJxzSIgLfAyRIR8lL5EhmRA_Y?authuser=0&hl=fr&rclk=1","Maître Michael ZERBIB Avocat en dommage corporel, indemnisation accident de la route, erreur médicale et agression","5,0","(194)","Avocat","·","14 Rue Pythéas","Ferme bientôt","· 19:00 · Ouvre à 09:00 lun.","·","04 91 48 49 24","https://www.avocat-zerbib.com/","","Site Web","","Itinéraires","https://ssl.gstatic.com/local/servicebusiness/default_user.png","""Super","avocat","et super équipe à votre attention pour le moindre détails."""
"https://www.google.fr/maps/place/Hamdi+BACHTLI+-+AVOCAT+-+%C3%89TRANGERS+-+OQTF+-+TITRE+DE+S%C3%89JOUR+-+ASILE+-+NATIONALIT%C3%89+-+DIVORCE+AMIABLE/data=!4m7!3m6!1s0x12c9c18a34696683:0x93f5a75845456ab8!8m2!3d43.2922165!4d5.3777632!16s%2Fg%2F11vf48ypfm!19sChIJg2ZpNIrByRIRuGpFRVin9ZM?authuser=0&hl=fr&rclk=1","Hamdi BACHTLI - AVOCAT - ÉTRANGERS - OQTF - TITRE DE SÉJOUR - ASILE - NATIONALITÉ - DIVORCE AMIABLE","4,8","(49)","Avocat","·","27 Rue Grignan","Ouvert","· Ferme à 20:00","·","07 65 83 40 84","","","Itinéraires","","","https://ssl.gstatic.com/local/servicebusiness/default_user.png","""","Avocat","à l'écoute extrêmement compétent et professionnelle."""
"https://www.google.fr/maps/place/Mariama+Millou+-+Avocate/data=!4m7!3m6!1s0x12c9c17b0eb15ae9:0x4bbfc8b52c63af73!8m2!3d43.2923432!4d5.3741242!16s%2Fg%2F11qpt7fr3f!19sChIJ6VqxDnvByRIRc69jLLXIv0s?authuser=0&hl=fr&rclk=1","Mariama Millou - Avocate","5,0","(38)","Avocat pénaliste","·","42 Rue Sainte","Ouvert 24h/24","","·","06 10 99 42 24","https://www.mariama-millou-avocat.com/","","Site Web","","Itinéraires","https://ssl.gstatic.com/local/servicebusiness/default_user.png","""Maître Mariama Millou est une","avocate","exceptionnelle."""
"https://www.google.fr/maps/place/Cabinet+d%27avocats+Defenz+Marseille/data=!4m7!3m6!1s0x12c9c0b9cbeeeec7:0xaf97162401e6cb52!8m2!3d43.2972673!4d5.3730112!16s%2Fg%2F113h7wbh6!19sChIJx-7uy7nAyRIRUsvmASQWl68?authuser=0&hl=fr&rclk=1","Cabinet d'avocats Defenz Marseille","4,8","(34)","Avocat","·","11 Rue de la République","Ferme bientôt","· 19:30 · Ouvre à 09:00 lun.","·","04 96 20 60 70","https://www.defenz.eu/","","Site Web","","Itinéraires","https://ssl.gstatic.com/local/servicebusiness/default_user.png","""Un excellent","avocat","qui m'a accompagné de A à Z tout au long de mon affaire."""
"https://www.google.fr/maps/place/Hedi+SAHRAOUI+-+SUDAIX+AVOCATS+-+Avocat+en+droit+commercial,+droit+bancaire,+contrats,+saisies,+cautions,+immobilier/data=!4m7!3m6!1s0x12c9c108879cbd03:0x8f4e420474daac42!8m2!3d43.3124489!4d5.3711012!16s%2Fg%2F11pf5kgtlk!19sChIJA72chwjByRIRQqzadARCTo8?authuser=0&hl=fr&rclk=1","Hedi SAHRAOUI - SUDAIX AVOCATS - Avocat en droit commercial, droit bancaire, contrats, saisies, cautions, immobilier","4,5","(28)","Cabinet d'avocats","·","rez-de-chaussée, 74 Rue de Ruffi","Fermé","· Ouvre à 09:00 lun.","·","04 12 04 74 05","https://sudaix-avocats.fr/","","Site Web","","Itinéraires","https://ssl.gstatic.com/local/servicebusiness/default_user.png","""Maître SAHRAOUI est un","avocat","compétent, professionnel et à l'écoute."""
"https://www.google.fr/maps/place/Ma%C3%AEtre+Y.+Zemmam+-+Avocat/data=!4m7!3m6!1s0x12c9c0b9b3b1b0c9:0x721d559c01c98ec0!8m2!3d43.2918512!4d5.3759402!16s%2Fg%2F1wcj_z64!19sChIJybCxs7nAyRIRwI7JAZxVHXI?authuser=0&hl=fr&rclk=1","Maître Y. Zemmam - Avocat","4,5","(42)","Avocat","·","53 Rue Grignan","Ouvert","· Ferme à 20:00","·","09 51 93 46 65","http://www.zemmam-avocat.com/","","Site Web","","Itinéraires","https://ssl.gstatic.com/local/servicebusiness/default_user.png","""Très bon","avocat","rapidité et efficacité au top je le recommande à 100%"""
"https://www.google.fr/maps/place/Ma%C3%AEtre+St%C3%A9phane+Kulbastian+:+Avocat+Permis+de+conduire,+Famille,+Succession+et+P%C3%A9nal/data=!4m7!3m6!1s0x12c9c18281a49c03:0x10f5a68390a70b63!8m2!3d43.2911065!4d5.377673!16s%2Fg%2F11rv83wk22!19sChIJA5ykgYLByRIRYwunkIOm9RA?authuser=0&hl=fr&rclk=1","Maître Stéphane Kulbastian : Avocat Permis de conduire, Famille, Succession et Pénal","4,9","(596)","Avocat","·","74 Rue Paradis","Fermé","· Ouvre à 09:00 lun.","·","04 96 16 16 33","https://avocat-sk.com/","","Site Web","","Itinéraires","https://ssl.gstatic.com/local/servicebusiness/default_user.png","""... et appliqué il mérite 10 étoiles c'est vraiment un super","avocat","."""
"https://www.google.fr/maps/place/Avocat+succession+Marseille+-+Ma%C3%AEtre+Charlotte+DE+VILLAINES/data=!4m7!3m6!1s0x12c9c13f5d8b6815:0xa657b1eb3c95d4c6!8m2!3d43.289106!4d5.3744691!16s%2Fg%2F11ng5g4pyj!19sChIJFWiLXT_ByRIRxtSVPOuxV6Y?authuser=0&hl=fr&rclk=1","Avocat succession Marseille - Maître Charlotte DE VILLAINES","5,0","(21)","Avocat spécialisé en droit de la famille","·","22 Rue Edouard Delanglade","Ferme bientôt","· 19:00 · Ouvre à 09:00 lun.","·","04 91 81 02 19","https://www.charlotte-devillaines.fr/","","Site Web","","Itinéraires","https://ssl.gstatic.com/local/servicebusiness/default_user.png","""","Avocate","disponible, sympathique et professionnelle."""
"https://www.google.fr/maps/place/Jaberson+Avocats+-+Marseille/data=!4m7!3m6!1s0x12c9c0bf680fffff:0x5ead0092abf8e5f!8m2!3d43.296388!4d5.373713!16s%2Fg%2F11gdgv1kcl!19sChIJ__8PaL_AyRIRX46_KgnQ6gU?authuser=0&hl=fr&rclk=1","Jaberson Avocats - Marseille","4,8","(16)","Cabinet d'avocats","·","1 Rue de la République","Ferme bientôt","· 19:00 · Ouvre à 08:00 lun.","·","04 91 31 98 90","http://www.jaberson-avocats.com/","","Site Web","","Itinéraires","https://ssl.gstatic.com/local/servicebusiness/default_user.png","""Merci pour votre écoute attentive et vos conseils avisés.""","",""
"https://www.google.fr/maps/place/Michel+AMAS+-+Avocat/data=!4m7!3m6!1s0x12c9c0ba5029fa35:0xae8ccdcac40cb5f7!8m2!3d43.288862!4d5.373603!16s%2Fg%2F1td2qsjb!19sChIJNfopULrAyRIR97UMxMrNjK4?authuser=0&hl=fr&rclk=1","Michel AMAS - Avocat","4,7","(736)","Avocat","·","36 Rue Edouard Delanglade","Fermé","· Ouvre à 09:00 lun.","·","04 91 33 27 00","https://www.amas-schenone.fr/","","Site Web","","Itinéraires","https://ssl.gstatic.com/local/servicebusiness/default_user.png","""Excellent","avocat","excellent travail et investie a 100%"""
"https://www.google.fr/maps/place/Cabinet+Karim+BOUGUESSA+-+AVOCAT/data=!4m7!3m6!1s0x12c9c0b7e8d44763:0xe3d26b8a34f2e4b0!8m2!3d43.2901867!4d5.376309!16s%2Fg%2F11cjs8h0kw!19sChIJY0fU6LfAyRIRsOTyNIpr0uM?authuser=0&hl=fr&rclk=1","Cabinet Karim BOUGUESSA - AVOCAT","4,9","(38)","Avocat","·","21 Cr Pierre Puget","Ouvert","· Ferme à 21:00","·","06 77 12 00 74","","","Itinéraires","","","https://ssl.gstatic.com/local/servicebusiness/default_user.png","""Un","avocat","très professionnel, présent pour ses clients et leurs familles."""
"https://www.google.fr/maps/place/Nicolas+Berthier+-+Avocat+P%C3%A9naliste,+P%C3%A9nal+des+Affaires,+Dommage+corporel,+Cour+d%27assises,+Comparution+Imm%C3%A9diate,+Garde-%C3%A0-Vue/data=!4m7!3m6!1s0x12c9c0c7efc28ae3:0x6b7cb254db3fb9dc!8m2!3d43.28847!4d5.38009!16s%2Fg%2F11c1v24q5c!19sChIJ44rC78fAyRIR3Lk_21SyfGs?authuser=0&hl=fr&rclk=1","Nicolas Berthier - Avocat Pénaliste, Pénal des Affaires, Dommage corporel, Cour d'assises, Comparution Immédiate, Garde-à-Vue","5,0","(44)","Avocat pénaliste","·","22 Rue Edmond Rostand","Ouvert","· Ferme à 21:00","·","07 83 18 04 79","https://www.google.fr/aclk?sa=L&ai=DChsSEwja-Mi8tMWSAxWPBgYAHbzxA4UYACICCAEQBBoCd3M&co=1&ase=2&gclid=CjwKCAiAv5bMBhAIEiwAqP9GuIBruKPk-12R3c69K9qaZ1tDcs655n39P_f7ezxEG5HBKzRTge15NRoCupUQAvD_BwE&cce=2&category=acrcp_v1_32&sig=AOD64_03j3rxsVQ7eikhO_MY1Uz01E3qgA&adurl&q&ctype=99&nis=6","","Site Web","","Itinéraires","","","",""
"https://www.google.fr/maps/place/Agn%C3%A8s+BOUZON-ROULLE+Avocat+-+Droit+immobilier+-+Droit+de+la+famille/data=!4m7!3m6!1s0x12c9c1566587e273:0x4a31e42b40c6c1d6!8m2!3d43.29156!4d5.378973!16s%2Fg%2F11cs3zlvjx!19sChIJc-KHZVbByRIR1sHGQCvkMUo?authuser=0&hl=fr&rclk=1","Agnès BOUZON-ROULLE Avocat - Droit immobilier - Droit de la famille","4,9","(122)","Avocat","·","2 Place Félix Baret","Ferme bientôt","· 19:30 · Ouvre à 09:00 lun.","·","04 96 11 29 00","https://www.google.fr/aclk?sa=L&ai=DChsSEwja-Mi8tMWSAxWPBgYAHbzxA4UYACICCAEQABoCd3M&co=1&ase=2&gclid=CjwKCAiAv5bMBhAIEiwAqP9GuJ_pkai31QgqhkgBALpwCdt6OJFKSCrRV67oWcHMvrYhsvzfL1VuXBoCIzsQAvD_BwE&cce=2&category=acrcp_v1_32&sig=AOD64_3y626CJEtIfGlOLHfiSlK-We0Clw&adurl&q&ctype=99&nis=6","","Site Web","","Itinéraires","","","",""
"https://www.google.fr/maps/place/Avocat+Sonia+MEZI/data=!4m7!3m6!1s0x12c9c0b9da8afa97:0xf538db44625105bc!8m2!3d43.289696!4d5.375532!16s%2Fg%2F11b6d7dxvn!19sChIJl_qK2rnAyRIRvAVRYkTbOPU?authuser=0&hl=fr&rclk=1","Avocat Sonia MEZI","4,8","(52)","Avocat","·","3 Rue Roux de Brignoles","Ferme bientôt","· 19:30 · Ouvre à 09:00 lun.","·","04 96 11 24 30","https://www.mezi-avocat.fr/","","Site Web","","Itinéraires","https://ssl.gstatic.com/local/servicebusiness/default_user.png","""Super équipe","avocat","au top réactive et qui aime son métier"""
"https://www.google.fr/maps/place/Cabinet+Ga%C3%ABtan+POITEVIN/data=!4m7!3m6!1s0x12c9c0b84dbe2cb3:0x3b9d2ac7c44e6dc1!8m2!3d43.2918286!4d5.3749073!16s%2Fg%2F11cmchq_81!19sChIJsyy-TbjAyRIRwW1OxMcqnTs?authuser=0&hl=fr&rclk=1","Cabinet Gaëtan POITEVIN","4,5","(21)","Avocat","·","66 Rue Grignan","Ouvert","· Ferme à 20:00","·","06 48 00 91 22","https://www.poitevinavocat.fr/","","Site Web","","Itinéraires","https://ssl.gstatic.com/local/servicebusiness/default_user.png","""Maître POITEVIN est un excellent","avocat","!"""
"https://www.google.fr/maps/place/Muriel+Fassi%C3%A9+-+Avocat+en+droit+du+travail+%C3%A0+Marseille/data=!4m7!3m6!1s0x12c9c0b00c1d5205:0x19be0121e3088708!8m2!3d43.2915723!4d5.3740602!16s%2Fg%2F11fmddrrsf!19sChIJBVIdDLDAyRIRCIcI4yEBvhk?authuser=0&hl=fr&rclk=1","Muriel Fassié - Avocat en droit du travail à Marseille","5,0","(76)","Avocat en droit du travail","·","80 Rue Grignan","Ferme bientôt","· 19:00 · Ouvre à 09:00 lun.","·","04 88 22 78 20","https://www.avocat-fassie.fr/","","Site Web","","Itinéraires","https://ssl.gstatic.com/local/servicebusiness/default_user.png","""Maître FASSIÉ est une excellente","avocate","qui est à l'écoute de ses clients."""
"https://www.google.fr/maps/place/Ma%C3%AEtre+Aouatef+Duval-Zouari+au+Barreau+de+Marseille+-+Avocat+en+droit+immobilier+et+en+droit+de+l%27urbanisme/data=!4m7!3m6!1s0x12c9c0ba3d76a787:0xa181eccd5e8f9588!8m2!3d43.2935209!4d5.3724497!16s%2Fg%2F11g7zdrnrm!19sChIJh6d2PbrAyRIRiJWPXs3sgaE?authuser=0&hl=fr&rclk=1","Maître Aouatef Duval-Zouari au Barreau de Marseille - Avocat en droit immobilier et en droit de l'urbanisme","5,0","(15)","Avocat spécialisé en droit immobilier","·","8 Quai de Rive Neuve","Ferme bientôt","· 19:30 · Ouvre à 08:00 sam.","·","04 11 62 05 81","http://adz-avocat.fr/","","Site Web","","Itinéraires","https://ssl.gstatic.com/local/servicebusiness/default_user.png","""","Avocate","compétente et très professionnelle faite lui confiance !"""
"https://www.google.fr/maps/place/Soci%C3%A9t%C3%A9+d%27Avocat+Emmanuel+Heftman/data=!4m7!3m6!1s0x12c9c0c80309e43d:0x22825d0386356e4e!8m2!3d43.2926874!4d5.3772328!16s%2Fg%2F1v3hx4xw!19sChIJPeQJA8jAyRIRTm41hgNdgiI?authuser=0&hl=fr&rclk=1","Société d'Avocat Emmanuel Heftman","5,0","(107)","Avocat","·","39 Rue Paradis","Ferme bientôt","· 19:00 · Ouvre à 08:45 lun.","·","04 91 47 74 26","","","Itinéraires","","","https://ssl.gstatic.com/local/servicebusiness/default_user.png","""Très bon","avocat",", avec un grand professionnalisme je le recommande!"""
"https://www.google.fr/maps/place/Cabinet+de+LAUBIER/data=!4m7!3m6!1s0x12c9c0986f43a8ff:0xbc46b29e419f29ba!8m2!3d43.2926905!4d5.3740999!16s%2Fg%2F11bx1s0sf9!19sChIJ_6hDb5jAyRIRuimfQZ6yRrw?authuser=0&hl=fr&rclk=1","Cabinet de LAUBIER","4,9","(32)","Avocat","·","RACINE AVOCATS, 19A Cr Honoré d'Estienne d'Orves","Fermé","· Ouvre à 08:30 lun.","·","04 91 15 75 75","http://www.delaubieravocat.fr/","","Site Web","","Itinéraires","https://ssl.gstatic.com/local/servicebusiness/default_user.png","""","Avocat","très professionnel et investi pour ses clients."""
"https://www.google.fr/maps/place/Sylvana+DOVI+-+Avocate+en+droit+des+affaires+et+fiscalit%C3%A9/data=!4m7!3m6!1s0x12c9c1c56d35daf3:0xd582b43bfdcea58!8m2!3d43.2891653!4d5.3731261!16s%2Fg%2F11shs__kvz!19sChIJ89o1bcXByRIRWOrcv0MrWA0?authuser=0&hl=fr&rclk=1","Sylvana DOVI - Avocate en droit des affaires et fiscalité","5,0","(46)","Avocat","·","25 Boulevard Notre Dame","Ouvert","· Ferme à 20:00","","","","","Itinéraires","","","https://ssl.gstatic.com/local/servicebusiness/default_user.png","""Je tiens à partager mon expérience avec Me Dovi,","avocate","remarquable."""
"https://www.google.fr/maps/place/Ma%C3%AEtre+Sophie+Llinares/data=!4m7!3m6!1s0x12c9c1d9084d213b:0xefb045099d54a008!8m2!3d43.2929855!4d5.3784353!16s%2Fg%2F11vbj_18hs!19sChIJOyFNCNnByRIRCKBUnQlFsO8?authuser=0&hl=fr&rclk=1","Maître Sophie Llinares","4,8","(36)","Avocat en droit administratif","·","54 Rue Saint-Ferréol","Ferme bientôt","· 19:00 · Ouvre à 09:00 lun.","·","06 27 41 60 72","https://www.sophie-llinares-avocat.fr/","","Site Web","","Itinéraires","https://ssl.gstatic.com/local/servicebusiness/default_user.png","""une","avocate","compétente et impliquée comme on en voit rarement."""
"https://www.google.fr/maps/place/Nathan+Hazzan+-+Avocat+Marseille+accident+de+la+route,+erreur+m%C3%A9dicale/data=!4m7!3m6!1s0x12c9c0c7ee4a90c3:0xe95dcfd9f6ebc291!8m2!3d43.2911538!4d5.3722786!16s%2Fg%2F11g_qps0ld!19sChIJw5BK7sfAyRIRkcLr9tnPXek?authuser=0&hl=fr&rclk=1","Nathan Hazzan - Avocat Marseille accident de la route, erreur médicale","5,0","(37)","Avocat","·","102 Rue Grignan","Ferme bientôt","· 19:00 · Ouvre à 09:00 lun.","·","04 84 89 41 87","https://www.nathanhazzan-avocat.fr/contact","","Site Web","","Itinéraires","https://ssl.gstatic.com/local/servicebusiness/default_user.png","""Me Hazzan est excellent","avocat",", très professionnel et à l’écoute."""
"https://www.google.fr/maps/place/Ma%C3%AEtre+Benjamin+Liautaud/data=!4m7!3m6!1s0x12c9c0b9948eaaab:0x7bcd911b6507da40!8m2!3d43.2927954!4d5.3784761!16s%2Fg%2F11c48t06sr!19sChIJq6qOlLnAyRIRQNoHZRuRzXs?authuser=0&hl=fr&rclk=1","Maître Benjamin Liautaud","5,0","(125)","Avocat pénaliste","·","58 Rue Saint-Ferréol","Ferme bientôt","· 19:00 · Ouvre à 10:00 sam.","·","04 12 40 04 00","https://www.benjaminliautaud.fr/","","Site Web","","Itinéraires","https://ssl.gstatic.com/local/servicebusiness/default_user.png","""Super","avocat","vraiment humain et très proche de ces clients"""
"https://www.google.fr/maps/place/Emilien+Goguel-Mazet+-+Avocat+en+droit+fiscal+et+droit+des+affaires/data=!4m7!3m6!1s0x4659ba1a8d938f4d:0xd85205a622a4d955!8m2!3d43.5407656!4d5.0218248!16s%2Fg%2F11vpy269mg!19sChIJTY-TjRq6WUYRVdmkIqYFUtg?authuser=0&hl=fr&rclk=1","Emilien Goguel-Mazet - Avocat en droit fiscal et droit des affaires","5,0","(8)","Avocat fiscaliste","","·","Ferme bientôt","· 19:30 · Ouvre à 09:00 lun.","","07 85 98 19 25","https://goguelmazet-avocat.fr/","","Site Web","","Itinéraires","https://ssl.gstatic.com/local/servicebusiness/default_user.png","""C'est un","avocat","calme, compétent et rassurant!"""
"https://www.google.fr/maps/place/Cabinet+Bouhadouza/data=!4m7!3m6!1s0x12c9c0b908b9c90b:0xc3957daa47767402!8m2!3d43.2922165!4d5.3777632!16s%2Fg%2F11gbx9wb3w!19sChIJC8m5CLnAyRIRAnR2R6p9lcM?authuser=0&hl=fr&rclk=1","Cabinet Bouhadouza","5,0","(114)","Avocat","·","·","Fermé","· Ouvre à 09:00 lun.","27 Rue Grignan","06 41 46 10 45","https://www.avocat-bouhadouza.fr/","","Site Web","","Itinéraires","https://ssl.gstatic.com/local/servicebusiness/default_user.png","""","Avocate","à l'écoute, compréhensive et de très bon conseil !"""
"https://www.google.fr/maps/place/Juliette+Oberti+-+Avocat+en+dommage+corporel+et+droit+des+victimes/data=!4m7!3m6!1s0x12c9c1c57bd9088d:0x4deeaf5cd4627d20!8m2!3d43.2915895!4d5.3740623!16s%2Fg%2F11p9lxfhry!19sChIJjQjZe8XByRIRIH1i1Fyv7k0?authuser=0&hl=fr&rclk=1","Juliette Oberti - Avocat en dommage corporel et droit des victimes","5,0","(43)","Avocat","·","80 Rue Grignan","Ferme bientôt","· 19:00 · Ouvre à 09:00 lun.","·","06 51 86 03 93","http://oberti-avocat.com/","","Site Web","","Itinéraires","https://ssl.gstatic.com/local/servicebusiness/default_user.png","""Une jeune","avocate","au top, sérieuse et remplis de talent!"""
"https://www.google.fr/maps/place/Mickael+NAKACHE+Avocat/data=!4m7!3m6!1s0x12c9c17a6647e60d:0xc003748b4a2c970f!8m2!3d43.2917772!4d5.3773108!16s%2Fg%2F11gh_78pv5!19sChIJDeZHZnrByRIRD5csSot0A8A?authuser=0&hl=fr&rclk=1","Mickael NAKACHE Avocat","4,8","(221)","Avocat","·","56 Rue Paradis","Fermé","· Ouvre à 09:00 lun.","·","04 88 60 04 75","https://mn-avocats.fr/","","Site Web","","Itinéraires","https://ssl.gstatic.com/local/servicebusiness/default_user.png","""Très bon","avocat",", prise en charge rapide, très professionnel et aimable."""
"https://www.google.fr/maps/place/Fr%C3%A9d%C3%A9ric+PASCAL+Avocat/data=!4m7!3m6!1s0x12c9c0b712b480bd:0x207e159998490a50!8m2!3d43.2890689!4d5.3761682!16s%2Fg%2F1tdj6xq5!19sChIJvYC0ErfAyRIRUApJmJkVfiA?authuser=0&hl=fr&rclk=1","Frédéric PASCAL Avocat","4,8","(72)","Avocat","·","46 Rue Breteuil","Ferme bientôt","· 19:00 · Ouvre à 09:00 lun.","·","04 91 43 28 06","http://www.pascal-avocat-marseille.com/fr","","Site Web","","Itinéraires","https://ssl.gstatic.com/local/servicebusiness/default_user.png","""Très bon","avocat",", compétent, patient et réactif."""
"https://www.google.fr/maps/place/Ma%C3%AEtre+Elodie+Victor+-+Avocate+en+droit+des+%C3%A9trangers/data=!4m7!3m6!1s0x12c9c18bf97e0327:0xe060fd429eba0c30!8m2!3d43.2920423!4d5.3796824!16s%2Fg%2F11yl5zpj9q!19sChIJJwN--YvByRIRMAy6nkL9YOA?authuser=0&hl=fr&rclk=1","Maître Elodie Victor - Avocate en droit des étrangers","5,0","(24)","Avocat en droit de l'immigration","·","·","Ferme bientôt","· 19:00 · Ouvre à 09:00 lun.","8 Rue Montgrand","06 08 43 33 44","https://elodievictor-avocat.com/","","Site Web","","Itinéraires","https://ssl.gstatic.com/local/servicebusiness/default_user.png","""Un","avocat","compétent et digne de confiance que je recommande fortement."""
"https://www.google.fr/maps/place/Avocat+Propri%C3%A9t%C3%A9+Intellectuelle+Marseille+-+Ma%C3%AEtre+Chlo%C3%A9+Gilliard/data=!4m7!3m6!1s0x12c9c04f215a597b:0x19b1460568a1fb8c!8m2!3d43.292007!4d5.377229!16s%2Fg%2F11cnc10s9j!19sChIJe1laIU_AyRIRjPuhaAVGsRk?authuser=0&hl=fr&rclk=1","Avocat Propriété Intellectuelle Marseille - Maître Chloé Gilliard","5,0","(17)","Avocat","·","54 Rue Paradis","Ferme bientôt","· 19:00 · Ouvre à 09:00 lun.","·","04 88 92 84 05","https://www.avocatgilliard.fr/","","Site Web","","Itinéraires","https://ssl.gstatic.com/local/servicebusiness/default_user.png","""Extrêmement sérieuse et compétente""","",""
"https://www.google.fr/maps/place/Sabrina+Guers,+Avocat+Droit+P%C3%A9nal+Marseille/data=!4m7!3m6!1s0x12c9c121b1b19a9d:0xfb18975c396934d1!8m2!3d43.2877094!4d5.3789544!16s%2Fg%2F11hfm_f8nc!19sChIJnZqxsSHByRIR0TRpOVyXGPs?authuser=0&hl=fr&rclk=1","Sabrina Guers, Avocat Droit Pénal Marseille","4,6","(144)","Avocat","·","·","Ouvert","· Ferme à 20:00","132 Rue Paradis","06 18 55 16 42","https://www.avocatsautrement.fr/","","Site Web","","Itinéraires","https://ssl.gstatic.com/local/servicebusiness/default_user.png","""Une","avocate","très compétente au top, sympathique et très professionnelle"""
"https://www.google.fr/maps/place/MARGOT+ELIN+AVOCAT/data=!4m7!3m6!1s0x12c9c15a5edce4cd:0xc5dc5aa3d2ae0818!8m2!3d43.2972572!4d5.3730348!16s%2Fg%2F11yz8mfcvz!19sChIJzeTcXlrByRIRGAiu0qNa3MU?authuser=0&hl=fr&rclk=1","MARGOT ELIN AVOCAT","5,0","(2)","Avocat d'affaires","·","11 Rue de la République","Ferme bientôt","· 19:00 · Ouvre à 09:00 lun.","·","06 69 74 79 51","https://www.linkedin.com/in/margot-elin-921399a7/","","Site Web","","Itinéraires","","","",""
"https://www.google.fr/maps/place/Avocat+Divorce+Amiable+Marseille/data=!4m7!3m6!1s0x12c9c0b9b3b1b0c9:0x444ea3b365ebe3f!8m2!3d43.2911552!4d5.3763645!16s%2Fg%2F1tvtw1xc!19sChIJybCxs7nAyRIRP75eNjvqRAQ?authuser=0&hl=fr&rclk=1","Avocat Divorce Amiable Marseille","5,0","(36)","Avocat","·","35 Rue Montgrand","Ouvert","· Ferme à 20:00","·","06 66 85 79 10","http://www.zemmam-avocat.com/","","Site Web","","Itinéraires","https://ssl.gstatic.com/local/servicebusiness/default_user.png","""Très bon","avocat","à lécoute est très efficace je le conseille à tous"""
"https://www.google.fr/maps/place/Agn%C3%A8s+BOUZON-ROULLE+Avocat+-+Droit+immobilier+-+Droit+de+la+famille/data=!4m7!3m6!1s0x12c9c1566587e273:0x4a31e42b40c6c1d6!8m2!3d43.29156!4d5.378973!16s%2Fg%2F11cs3zlvjx!19sChIJc-KHZVbByRIR1sHGQCvkMUo?authuser=0&hl=fr&rclk=1","Agnès BOUZON-ROULLE Avocat - Droit immobilier - Droit de la famille","4,9","(122)","Avocat","·","·","Ferme bientôt","· 19:30 · Ouvre à 09:00 lun.","2 Pl. Félix Baret","04 96 11 29 00","","","Itinéraires","","","https://ssl.gstatic.com/local/servicebusiness/default_user.png","""Une excellente","avocate","que je ne peux que recommander."""
"https://www.google.fr/maps/place/Romain+Allongue+Avocat+Marseille,+Accident+de+la+Route,+Tous+dommages+corporels/data=!4m7!3m6!1s0x12c9c0b814b80047:0xc85ab2a7811dbd36!8m2!3d43.2920187!4d5.3757775!16s%2Fg%2F11b6v8nlmq!19sChIJRwC4FLjAyRIRNr0dgaeyWsg?authuser=0&hl=fr&rclk=1","Romain Allongue Avocat Marseille, Accident de la Route, Tous dommages corporels","5,0","(163)","Avocat","·","60 Rue Grignan","Ferme bientôt","· 19:00 · Ouvre à 09:00 lun.","·","09 82 25 00 93","https://romainallongue-avocat-marseille.com/","","Site Web","","Itinéraires","https://ssl.gstatic.com/local/servicebusiness/default_user.png","""Très bon","avocat","à l'écoute et professionnelle, avec un vrai engagement."""
"https://www.google.fr/maps/place/Ma%C3%AEtre+Amelle+GUERCHI+Avocat/data=!4m7!3m6!1s0x12c9c0ba3a6129db:0xacaa65b8619d1b16!8m2!3d43.2918222!4d5.3790854!16s%2Fg%2F11hyl62vqt!19sChIJ2ylhOrrAyRIRFhudYbhlqqw?authuser=0&hl=fr&rclk=1","Maître Amelle GUERCHI Avocat","4,9","(120)","Avocat","·","16 Rue Montgrand","Fermé","· Ouvre à 09:00 lun.","·","04 84 89 65 59","https://www.amelleguerchi.fr/","","Site Web","","Itinéraires","https://ssl.gstatic.com/local/servicebusiness/default_user.png","""Excellente","avocate",", alliant professionnalisme, rigueur et réactivité."""
"https://www.google.fr/maps/place/Avocat+Pelgrin/data=!4m7!3m6!1s0x12c9c0b7bfdbfb85:0x475dbbc3c9bbb23c!8m2!3d43.2925284!4d5.3761455!16s%2Fg%2F1hm4w16fc!19sChIJhfvbv7fAyRIRPLK7ycO7XUc?authuser=0&hl=fr&rclk=1","Avocat Pelgrin","4,4","(29)","Avocat","·","16 Rue Lulli","Ferme bientôt","· 19:00 · Ouvre à 09:00 lun.","·","04 91 37 23 05","https://www.avocat-pelgrin.com/","","Site Web","","Itinéraires","https://ssl.gstatic.com/local/servicebusiness/default_user.png","""Cette","avocate","est compétente, humaine et authentique."""
"https://www.google.fr/maps/place/Cabinet+St%C3%A9phanie+SCHRODER+AVOCAT+INDEMNISATION+r%C3%A9paration+de+pr%C3%A9judices+corporels+-+accidents+de+la+circulation/data=!4m7!3m6!1s0x12c9c0c770e2e80f:0xd45395dc8d3d2f05!8m2!3d43.2876321!4d5.3772065!16s%2Fg%2F11b67lzh5c!19sChIJD-jicMfAyRIRBS89jdyVU9Q?authuser=0&hl=fr&rclk=1","Cabinet Stéphanie SCHRODER AVOCAT INDEMNISATION réparation de préjudices corporels - accidents de la circulation","4,9","(108)","Avocat","·","·","Ferme bientôt","· 19:00 · Ouvre à 09:00 lun.","Immeuble le Debussy, 76 Rue Dragon","06 04 52 02 21","http://schroderavocat.com/","","Site Web","","Itinéraires","https://ssl.gstatic.com/local/servicebusiness/default_user.png","""Sa pugnacité et sa disponibilité font d'elle, une excellent","avocate","."""
"https://www.google.fr/maps/place/Ma%C3%AEtre+JULLIEN+Laurent,+avocat+en+dommage+corporel,+indemnisation+accident+de+la+route+et+agression/data=!4m7!3m6!1s0x12c9c0b9bfad8565:0xfeae7b9d792021c8!8m2!3d43.2891653!4d5.3731261!16s%2Fg%2F11bxc59zwc!19sChIJZYWtv7nAyRIRyCEgeZ17rv4?authuser=0&hl=fr&rclk=1","Maître JULLIEN Laurent, avocat en dommage corporel, indemnisation accident de la route et agression","5,0","(59)","Avocat spécialisé en dommages corporels","·","25 Boulevard Notre Dame","Ouvert","· Ferme à 20:00","·","04 91 92 68 84","http://www.avocatjullien.fr/","","Site Web","","Itinéraires","https://ssl.gstatic.com/local/servicebusiness/default_user.png","""Sa réactivité et sa disponibilité par mail et SMS sont remarquables.""","",""
"https://www.google.fr/maps/place/Naima+Haoulia+Avocat+Droit+de+la+famille/data=!4m7!3m6!1s0x12c9c0ba4e8f9401:0x9a19ac1b5b69619a!8m2!3d43.2912208!4d5.3775357!16s%2Fg%2F11cn11ydxx!19sChIJAZSPTrrAyRIRmmFpWxusGZo?authuser=0&hl=fr&rclk=1","Naima Haoulia Avocat Droit de la famille","4,9","(54)","Avocat","·","70 Rue Paradis","Fermé","· Ouvre à 08:30 lun.","·","09 86 47 21 49","http://www.haoulia-avocats.com/","","Site Web","","Itinéraires","https://ssl.gstatic.com/local/servicebusiness/default_user.png","""Maître Haoulia est une","avocate","très compétente et à l’écoute."""
"https://www.google.fr/maps/place/Ma%C3%AEtre+L%C3%A9na+DENICOURT+%7C+Avocat+comp%C3%A9tent+en+droit+du+dommage+corporel+et+droit+de+la+famille/data=!4m7!3m6!1s0x12c9c1ad4263742b:0x512c494c15a4d081!8m2!3d43.2879203!4d5.3792735!16s%2Fg%2F11rsh2gzxt!19sChIJK3RjQq3ByRIRgdCkFUxJLFE?authuser=0&hl=fr&rclk=1","Maître Léna DENICOURT | Avocat compétent en droit du dommage corporel et droit de la famille","4,9","(99)","Avocat","·","135 Rue Paradis","Ferme bientôt","· 19:00 · Ouvre à 08:30 lun.","·","04 13 94 05 88","http://denicourt-avocat.fr/","","Site Web","","Itinéraires","https://ssl.gstatic.com/local/servicebusiness/default_user.png","""C'est une merveilleuse","avocate","qui mérite largement les étoiles sinon Plus."""
"https://www.google.fr/maps/place/Juliette+MOUGNIOT+-+Avocat+en+droit+de+la+sant%C3%A9+et+r%C3%A9paration+du+dommage+corporel/data=!4m7!3m6!1s0x28e44931c6155145:0xc1d507ea4b57878c!8m2!3d43.289106!4d5.3744691!16s%2Fg%2F11sfbhhzkl!19sChIJRVEVxjFJ5CgRjIdXS-oH1cE?authuser=0&hl=fr&rclk=1","Juliette MOUGNIOT - Avocat en droit de la santé et réparation du dommage corporel","5,0","(41)","Avocat en droit médical","·","22 Rue Edouard Delanglade","Ferme bientôt","· 19:00 · Ouvre à 09:00 lun.","·","06 21 62 54 43","https://mougniot-avocat.fr/","","Site Web","","Itinéraires","https://ssl.gstatic.com/local/servicebusiness/default_user.png","""Une","avocate","compétente et fiable, que je recommande sincèrement."""
"https://www.google.fr/maps/place/Ma%C3%AEtre+SARFATI/data=!4m7!3m6!1s0x12c9c0b99a5d0527:0x98a68e47e4ac8e05!8m2!3d43.2917474!4d5.3772264!16s%2Fg%2F12hlzyxvx!19sChIJJwVdmrnAyRIRBY6s5EeOppg?authuser=0&hl=fr&rclk=1","Maître SARFATI","5,0","(167)","Avocat","·","56 Rue Paradis","Fermé","· Ouvre à 09:00 lun.","·","04 96 11 11 85","http://www.cabinet-sarfati.fr/","","Site Web","","Itinéraires","https://ssl.gstatic.com/local/servicebusiness/default_user.png","""Excellent","avocat","indemnisation au-delà de nos espérances."""
"https://www.google.fr/maps/place/Cabinet+Avocat+Emmanuelle+VITELLI/data=!4m7!3m6!1s0x12c9c1fed66f00f9:0x2d4619936bebb55b!8m2!3d43.2917103!4d5.3723225!16s%2Fg%2F11h79stnng!19sChIJ-QBv1v7ByRIRW7Xra5MZRi0?authuser=0&hl=fr&rclk=1","Cabinet Avocat Emmanuelle VITELLI","5,0","(13)","Avocat spécialisé en droit du travail","·","69 Rue Sainte","Ouvert","· Ferme à 20:00","·","06 84 08 93 90","https://www.avocat-vitelli.fr/","","Site Web","","Itinéraires","https://ssl.gstatic.com/local/servicebusiness/default_user.png","""Un soutien exemplaire dans une démarche juridique longue et douloureuse.""","",""
"https://www.google.fr/maps/place/Cabinet+ESCARGUEL/data=!4m7!3m6!1s0x12c9c17c1f7f57e3:0x47459f846bc0ca9c!8m2!3d43.2891612!4d5.3744175!16s%2Fg%2F11gnprfdy5!19sChIJ41d_H3zByRIRnMrAa4SfRUc?authuser=0&hl=fr&rclk=1","Cabinet ESCARGUEL","4,8","(37)","Avocat","·","22 Rue Edouard Delanglade","Fermé","· Ouvre à 10:00 lun.","·","07 49 30 89 40","https://www.cabinetescarguel.fr/","","Site Web","","Itinéraires","https://ssl.gstatic.com/local/servicebusiness/default_user.png","""","Avocate","très professionnelle et très compétente."""
"https://www.google.fr/maps/place/Me+Natacha+MONTHEIL+-+Avocat,+Docteur+en+droit+-+Accidents,+Immobilier,+Famille/data=!4m7!3m6!1s0x12c9bf846d228bbb:0x7fda25b90578ffaf!8m2!3d43.296636!4d5.3762706!16s%2Fg%2F11sjln3127!19sChIJu4sibYS_yRIRr_94Bbkl2n8?authuser=0&hl=fr&rclk=1","Me Natacha MONTHEIL - Avocat, Docteur en droit - Accidents, Immobilier, Famille","5,0","(11)","Avocat","·","8 Rue des Fabres","Ferme bientôt","· 19:00 · Ouvre à 09:30 lun.","·","09 73 89 22 01","https://www.avocat-montheil.com/","","Site Web","","Itinéraires","https://ssl.gstatic.com/local/servicebusiness/default_user.png","""Excellente","avocate",", professionnelle, réactive et à l’écoute."""
"https://www.google.fr/maps/place/Avocat+Marseille+-+Ma%C3%AEtre+Herv%C3%A9+Seroussi+-+accident+de+la+route,+dommage+corporel,+agression+et+erreur+medicale/data=!4m7!3m6!1s0x12c9c0ba13f8ffa9:0xee0cc844f5ab045d!8m2!3d43.2909838!4d5.3792827!16s%2Fg%2F11bx5ppdf9!19sChIJqf_4E7rAyRIRXQSr9UTIDO4?authuser=0&hl=fr&rclk=1","Avocat Marseille - Maître Hervé Seroussi - accident de la route, dommage corporel, agression et erreur medicale","4,6","(169)","Avocat","·","·","Ferme bientôt","· 19:00 · Ouvre à 08:30 sam.","14 Pl. Félix Baret","06 18 04 22 94","http://www.cabinetseroussi.fr/","","Site Web","","Itinéraires","https://ssl.gstatic.com/local/servicebusiness/default_user.png","""Son expertise juridique et son suivi personnalisé ont été essentiels.""","",""
"https://www.google.fr/maps/place/Hamchache+avocat/data=!4m7!3m6!1s0x12c9c0b85a9d332b:0xd500b41b52707ec9!8m2!3d43.2973147!4d5.3717549!16s%2Fg%2F11g0tl2lst!19sChIJKzOdWrjAyRIRyX5wUhu0ANU?authuser=0&hl=fr&rclk=1","Hamchache avocat","5,0","(8)","Avocat","·","18 Rue Bonneterie","","","","06 23 60 62 04","https://avocats-hr.fr/","","Site Web","","Itinéraires","https://ssl.gstatic.com/local/servicebusiness/default_user.png","""","Avocate","très professionnelle, disponible et surtout très compétente."""
"https://www.google.fr/maps/place/Avocat+DJENNAD/data=!4m7!3m6!1s0x12c9c0b9f2d5b9a1:0x31d95eea108f44d!8m2!3d43.2921884!4d5.3733513!16s%2Fg%2F11fjmdwlf3!19sChIJobnV8rnAyRIRTfQIoe6VHQM?authuser=0&hl=fr&rclk=1","Avocat DJENNAD","4,4","(53)","Avocat","·","52 Rue Sainte","Fermé","· Ouvre à 09:30 lun.","·","07 60 49 21 77","https://www.avocat-djennad.com/","","Site Web","","Itinéraires","https://ssl.gstatic.com/local/servicebusiness/default_user.png","""Une","avocate","brillante, à l écoute et d une extrême bienveillance."""
"https://www.google.fr/maps/place/Ma%C3%AEtre+Benjamin+DOUKHAN+-+Avocat+dommage+corporel,+accident+de+la+route+et+indemnisation+victimes+-+Cabinet+BSD+Avocats/data=!4m7!3m6!1s0x12c9c10e88c3babb:0xa0e127c6aba2aadc!8m2!3d43.2911179!4d5.3761872!16s%2Fg%2F11fjx_3jwt!19sChIJu7rDiA7ByRIR3Kqiq8Yn4aA?authuser=0&hl=fr&rclk=1","Maître Benjamin DOUKHAN - Avocat dommage corporel, accident de la route et indemnisation victimes - Cabinet BSD Avocats","4,8","(79)","Avocat","·","37 Rue Montgrand","Fermé","· Ouvre à 08:30 lun.","·","06 16 76 23 50","https://www.cabinet-bsd.com/","","Site Web","","Itinéraires","https://ssl.gstatic.com/local/servicebusiness/default_user.png","""","Avocat","très professionnel, disponible, dévoué et à notre écoute."""
"https://www.google.fr/maps/place/Avocat+en+droit+du+Travail+:+Anthony+LUNARDI+-+ALS+AVOCATS/data=!4m7!3m6!1s0x12c9c177e7a63543:0x6a2d15f14e684091!8m2!3d43.2915761!4d5.3739784!16s%2Fg%2F11h2pkc6cn!19sChIJQzWm53fByRIRkUBoTvEVLWo?authuser=0&hl=fr&rclk=1","Avocat en droit du Travail : Anthony LUNARDI - ALS AVOCATS","5,0","(17)","Avocat généraliste","·","82 Rue Grignan","Ferme bientôt","· 19:00 · Ouvre à 09:00 lun.","·","04 88 80 13 36","https://www.alsavocats.fr/","","Site Web","","Itinéraires","https://ssl.gstatic.com/local/servicebusiness/default_user.png","""Un","avocat","très à l'écoute, sans air condescendant, sans jugement, humain."""
"https://www.google.fr/maps/place/Flora+Gilbert+Avocats+%26+Associ%C3%A9s/data=!4m7!3m6!1s0x12c9c15cc0ab0127:0x484a322b51bd824c!8m2!3d43.2920423!4d5.3796824!16s%2Fg%2F11hzwh6yfn!19sChIJJwGrwFzByRIRTIK9USsySkg?authuser=0&hl=fr&rclk=1","Flora Gilbert Avocats & Associés","4,7","(88)","Avocat","·","8 Rue Montgrand","Ferme bientôt","· 19:00 · Ouvre à 09:00 lun.","·","04 91 73 28 22","http://www.avocatfloragilbert.com/","","Site Web","","Itinéraires","https://ssl.gstatic.com/local/servicebusiness/default_user.png","""Maître Flora est une","avocate","honnête et extrêmement sympathique."""
"https://www.google.fr/maps/place/LEVY+DRAHI+AVOCATS/data=!4m7!3m6!1s0x12c9c0c8254392ab:0xab827eda25687a3f!8m2!3d43.2886523!4d5.372468!16s%2Fg%2F1tmmb1cx!19sChIJq5JDJcjAyRIRP3poJdp-gqs?authuser=0&hl=fr&rclk=1","LEVY DRAHI AVOCATS","4,9","(253)","Avocat","·","21 Rue Jules Moulet","Fermé","· Ouvre à 09:00 lun.","·","04 91 04 06 39","https://lda-accidents.com/","","Site Web","","Itinéraires","https://ssl.gstatic.com/local/servicebusiness/default_user.png","""Très bon","avocat",", très professionnel, très clair et très humain."""
"https://www.google.fr/maps/place/LEVY+DRAHI+AVOCATS/data=!4m7!3m6!1s0x12c9c0c8254392ab:0xab827eda25687a3f!8m2!3d43.2886523!4d5.372468!16s%2Fg%2F1tmmb1cx!19sChIJq5JDJcjAyRIRP3poJdp-gqs?authuser=0&hl=fr&rclk=1","LEVY DRAHI AVOCATS","4,9","(253)","Avocat","·","21 Rue Jules Moulet","Fermé","· Ouvre à 09:00 lun.","·","04 91 04 06 39","https://www.google.fr/aclk?sa=L&ai=DChsSEwja-Mi8tMWSAxWPBgYAHbzxA4UYACICCAEQABoCd3M&co=1&ase=2&gclid=CjwKCAiAv5bMBhAIEiwAqP9GuJ_pkai31QgqhkgBALpwCdt6OJFKSCrRV67oWcHMvrYhsvzfL1VuXBoCIzsQAvD_BwE&cce=2&category=acrcp_v1_32&sig=AOD64_3y626CJEtIfGlOLHfiSlK-We0Clw&adurl&q&ctype=99&nis=6","","Site Web","","Itinéraires","https://ssl.gstatic.com/local/servicebusiness/default_user.png","""Très bon","avocat",", très professionnel, très clair et très humain."""
"https://www.google.fr/maps/place/DOUDET+Steve+-+Avocat+en+Droit+du+travail+%2F+D%C3%A9fense+des+salari%C3%A9s/data=!4m7!3m6!1s0x12c9c0b998589d5d:0xf224bb6075b6be49!8m2!3d43.2924353!4d5.3771154!16s%2Fg%2F11b6dgcrd0!19sChIJXZ1YmLnAyRIRSb62dWC7JPI?authuser=0&hl=fr&rclk=1","DOUDET Steve - Avocat en Droit du travail / Défense des salariés","4,9","(59)","Avocat spécialisé en droit social","·","50 Rue Paradis","","","","04 91 66 00 24","http://www.doudet-avocat.fr/","","Site Web","","Itinéraires","https://ssl.gstatic.com/local/servicebusiness/default_user.png","""","Avocat","à l’écoute, sympathique et très agréable merci 🙏"""
"https://www.google.fr/maps/place/Ma%C3%AEtre+Christel+Andraud+-+Avocat+en+Droit+du+Travail+%C3%A0+Marseille/data=!4m7!3m6!1s0x12c9c0b6b05dd053:0xa98fcaabfa3003f4!8m2!3d43.2915833!4d5.377706!16s%2Fg%2F11d_9hgdmz!19sChIJU9BdsLbAyRIR9AMw-qvKj6k?authuser=0&hl=fr&rclk=1","Maître Christel Andraud - Avocat en Droit du Travail à Marseille","4,6","(60)","Avocat","·","63 Rue Paradis","Fermé","· Ouvre à 09:00 lun.","·","04 84 89 15 87","https://www.avocat-andraud.fr/","","Site Web","","Itinéraires","https://ssl.gstatic.com/local/servicebusiness/default_user.png","""","Avocate","très compétente et à l’écoute de ses clients."""
"https://www.google.fr/maps/place/Audrey+PANATTONI+-+Avocat+en+Droit+de+la+Famille/data=!4m7!3m6!1s0x12c9c0b9745e6989:0xfa44a1dbd94b10e9!8m2!3d43.2936782!4d5.3765135!16s%2Fg%2F113h_19x5!19sChIJiWledLnAyRIR6RBL2duhRPo?authuser=0&hl=fr&rclk=1","Audrey PANATTONI - Avocat en Droit de la Famille","4,9","(51)","Avocat","·","22 Rue Paradis","Fermé","· Ouvre à 09:00 lun.","·","04 91 54 20 13","","","Itinéraires","","","https://ssl.gstatic.com/local/servicebusiness/default_user.png","""Excellente","Avocat",", très bonne conseillère"""
"https://www.google.fr/maps/place/Guillaume+Bertolino+-+Avocat+p%C3%A9naliste/data=!4m7!3m6!1s0x12c9c1c8dd6f8e0d:0xaa6ef4f13ef7319d!8m2!3d43.2919285!4d5.372533!16s%2Fg%2F11shm6rsdr!19sChIJDY5v3cjByRIRnTH3PvH0bqo?authuser=0&hl=fr&rclk=1","Guillaume Bertolino - Avocat pénaliste","4,8","(22)","Avocat pénaliste","·","64 Rue Sainte","Ouvert 24h/24","","·","04 11 62 06 33","https://www.avocat-bertolino.fr/","","Site Web","","Itinéraires","https://ssl.gstatic.com/local/servicebusiness/default_user.png","""Très très bon","AVOCAT","que je recommande à tout le monde."""
"https://www.google.fr/maps/place/Denis+Martinez+Avocats+Marseille/data=!4m7!3m6!1s0x12c9c0b730385d0b:0x21e2d0652cf89268!8m2!3d43.2972673!4d5.3730112!16s%2Fg%2F11f3n8wspv!19sChIJC104MLfAyRIRaJL4LGXQ4iE?authuser=0&hl=fr&rclk=1","Denis Martinez Avocats Marseille","5,0","(3)","Avocat","·","11 Rue de la République","Ferme bientôt","· 19:00 · Ouvre à 08:30 lun.","·","06 50 79 09 33","http://legislation-professionnelle.fr/","","Site Web","","Itinéraires","","Services sur place","Rendez-vous en ligne",""
"https://www.google.fr/maps/place/Cabinet+DHF+Avocats/data=!4m7!3m6!1s0x12c9c13b7c1cab57:0xb72e6937abeb2d00!8m2!3d43.2916232!4d5.3732664!16s%2Fg%2F11x0yhlqvq!19sChIJV6scfDvByRIRAC3rqzdpLrc?authuser=0&hl=fr&rclk=1","Cabinet DHF Avocats","4,6","(22)","Avocat","·","45 Rue de la Paix Marcel Paul","Fermé","· Ouvre à 09:00 lun.","·","04 82 29 10 67","https://www.dhfavocats.com/","","Site Web","","Itinéraires","https://ssl.gstatic.com/local/servicebusiness/default_user.png","""Tres bonnne expérience personnel .""","",""
"https://www.google.fr/maps/place/Marie+Diouf+Avocat/data=!4m7!3m6!1s0x12c9c1288195df1d:0xc93bf146f4bcdd1f!8m2!3d43.2932534!4d5.3773428!16s%2Fg%2F11shsxcscn!19sChIJHd-VgSjByRIRH9289EbxO8k?authuser=0&hl=fr&rclk=1","Marie Diouf Avocat","5,0","(59)","Avocat spécialisé en droit de la famille","·","33 Rue Francis Davso","Ferme bientôt","· 19:00 · Ouvre à 09:00 lun.","·","06 75 69 41 92","https://avocat-divorce-famille-marie-diouf.fr/","","Site Web","","Itinéraires","https://ssl.gstatic.com/local/servicebusiness/default_user.png","""Une très bonne","avocate","avec bcp de charisme et une très bonne éloquence."""
"https://www.google.fr/maps/place/Ma%C3%AEtre+Lola+NIETO+-+Avocat+exer%C3%A7ant+principalement+en+droit+p%C3%A9nal+et+r%C3%A9paration+du+pr%C3%A9judice+corporel+%C3%A0+Marseille/data=!4m7!3m6!1s0x12c9c1ccf1b573e5:0xe848936bd32cce0d!8m2!3d43.2876321!4d5.3772065!16s%2Fg%2F11s4cbb0cs!19sChIJ5XO18czByRIRDc4s02uTSOg?authuser=0&hl=fr&rclk=1","Maître Lola NIETO - Avocat exerçant principalement en droit pénal et réparation du préjudice corporel à Marseille","4,9","(39)","Avocat","·","Immeuble Le Debussy, 76 Rue Dragon","Fermé","· Ouvre à 09:30 lun.","·","06 31 41 41 76","https://nieto-avocat-marseille.fr/","","Site Web","","Itinéraires","https://ssl.gstatic.com/local/servicebusiness/default_user.png","""Excellente","avocate",", très professionnelle et à l’écoute."""
"https://www.google.fr/maps/place/E.sanguinetti+J.ferraro+A.clerc/data=!4m7!3m6!1s0x12c9c0bbd141a827:0xc05381eb433278c0!8m2!3d43.2928092!4d5.3785429!16s%2Fg%2F1tf8j5qf!19sChIJJ6hB0bvAyRIRwHgyQ-uBU8A?authuser=0&hl=fr&rclk=1","E.sanguinetti J.ferraro A.clerc","4,9","(72)","Avocat","·","58 Rue Saint-Ferréol","Ferme bientôt","· 19:00 · Ouvre à 09:00 lun.","·","04 96 11 13 40","https://www.promethee-avocats.fr/","","Site Web","","Itinéraires","https://ssl.gstatic.com/local/servicebusiness/default_user.png","""Un","avocat","compétant discret et abordable."""
"https://www.google.fr/maps/place/Aur%C3%A9lia+Khalil,+Affaires+familiales,+Divorces,+Expulsions,+Victimes/data=!4m7!3m6!1s0x12c9c0ba4e8f969f:0xf10c2b0dcc7f8bcb!8m2!3d43.29053!4d5.3763929!16s%2Fg%2F11dxw1_gl4!19sChIJn5aPTrrAyRIRy4t_zA0rDPE?authuser=0&hl=fr&rclk=1","Aurélia Khalil, Affaires familiales, Divorces, Expulsions, Victimes","4,8","(124)","Avocat","·","18 Cr Pierre Puget","Fermé","· Ouvre à 09:30 lun.","·","06 16 85 15 57","https://www.avocat-aurelia-khalil.fr/?utm_source=gmb&utm_medium=organic&utm_campaign=visites_gmb","","Site Web","","Itinéraires","https://ssl.gstatic.com/local/servicebusiness/default_user.png","""C’est une","avocate","très compétente, investie avec une très grande réactivité."""
"https://www.google.fr/maps/place/Valensi+Avocats/data=!4m7!3m6!1s0x12c9c0b85bf066f1:0xb5b07e0c9b99acec!8m2!3d43.2924558!4d5.3744542!16s%2Fg%2F1tg09ly4!19sChIJ8WbwW7jAyRIR7KyZmwx-sLU?authuser=0&hl=fr&rclk=1","Valensi Avocats","4,9","(34)","Avocat","·","38 Rue Sainte","Fermé","· Ouvre à 09:00 lun.","·","04 91 33 17 22","https://valensiavocats.fr/","","Site Web","","Itinéraires","https://ssl.gstatic.com/local/servicebusiness/default_user.png","""Super","avocat",", très investi, à l’écoute avec une très bonne défense"""
"https://www.google.fr/maps/place/Yoann+Strino+-+Avocat+p%C3%A9naliste/data=!4m7!3m6!1s0x12c9c0bbd42ea347:0x4dc11b794844a773!8m2!3d43.2902969!4d5.3731607!16s%2Fg%2F11g886y6t_!19sChIJR6Mu1LvAyRIRc6dESHkbwU0?authuser=0&hl=fr&rclk=1","Yoann Strino - Avocat pénaliste","4,8","(52)","Avocat pénaliste","·","48 Cr Pierre Puget","Ferme bientôt","· 19:00 · Ouvre à 09:00 lun.","·","06 74 88 10 29","https://www.yoann-strino-avocat.fr/","","Site Web","","Itinéraires","https://ssl.gstatic.com/local/servicebusiness/default_user.png","""Un","avocat","brillant, humain et redoutablement efficace."""
"https://www.google.fr/maps/place/Ma%C3%AEtre+Aur%C3%A9lie+PLANTIN+-+Avocate+en+droit+de+l%27urbanisme+%C3%A0+Marseille/data=!4m7!3m6!1s0x12c9c0ea260cce35:0xb1833ad8ce221956!8m2!3d43.2942989!4d5.3769223!16s%2Fg%2F11c3x8w6_s!19sChIJNc4MJurAyRIRVhkiztg6g7E?authuser=0&hl=fr&rclk=1","Maître Aurélie PLANTIN - Avocate en droit de l'urbanisme à Marseille","4,8","(17)","Avocat","·","12 Rue du Jeune Anacharsis","Fermé","· Ouvre à 09:00 lun.","·","06 25 69 36 06","https://plantin-avocat.com/","","Site Web","","Itinéraires","https://ssl.gstatic.com/local/servicebusiness/default_user.png","""Je recommande cette","avocate","par mon expérience personnelle."""
"https://www.google.fr/maps/place/Jimmy+IMPINNA+Avocat+-+Droit+du+Travail/data=!4m7!3m6!1s0x12c9c0b9378f192d:0x6ccc6416ec83acc3!8m2!3d43.2920383!4d5.3769632!16s%2Fg%2F11b69czs60!19sChIJLRmPN7nAyRIRw6yD7BZkzGw?authuser=0&hl=fr&rclk=1","Jimmy IMPINNA Avocat - Droit du Travail","5,0","(80)","Avocat","·","37 Rue Grignan","Ferme bientôt","· 19:00 · Ouvre à 09:00 lun.","·","07 78 21 14 00","http://impinna-avocat.fr/","","Site Web","","Itinéraires","https://ssl.gstatic.com/local/servicebusiness/default_user.png","""","Avocat","très compétent à l'écoute efficace disponible réactif."""
"https://www.google.fr/maps/place/Touboul-Elbez+Karine/data=!4m7!3m6!1s0x12c9c0b7fa2f55e9:0x514bee0a7a049424!8m2!3d43.2915803!4d5.377723!16s%2Fg%2F1w2gs75p!19sChIJ6VUv-rfAyRIRJJQEegruS1E?authuser=0&hl=fr&rclk=1","Touboul-Elbez Karine","5,0","(67)","Avocat en droit des assurances","·","63 Rue Paradis","Fermé","· Ouvre à 09:00 lun.","·","04 91 04 65 04","","","Itinéraires","","","https://ssl.gstatic.com/local/servicebusiness/default_user.png","""... aux personnes qui ont besoin d une très bonne","avocate","."""
"https://www.google.fr/maps/place/Taillepied+Avocat/data=!4m7!3m6!1s0x12c9c0b9bfed0d09:0x95aee59971005849!8m2!3d43.2910207!4d5.3761863!16s%2Fg%2F11gbxbqsw8!19sChIJCQ3tv7nAyRIRSVgAcZnlrpU?authuser=0&hl=fr&rclk=1","Taillepied Avocat","5,0","(10)","Avocat","·","37 Rue Montgrand","Ouvert","· Ferme à 20:00","·","06 68 10 84 31","","","Itinéraires","","","https://ssl.gstatic.com/local/servicebusiness/default_user.png","""Un excellent","avocat","toujours disponible et réactifs 👍👍👍"""
"https://www.google.fr/maps/place/Ma%C3%AEtre+R%C3%A9mi+S%C3%A9n%C3%A9gas+-+Avocat+Droit+P%C3%A9nal/data=!4m7!3m6!1s0x12c9c13f0e33087d:0xeb6127ce6dc3febc!8m2!3d43.2914554!4d5.3771004!16s%2Fg%2F11l1f4gdj_!19sChIJfQgzDj_ByRIRvP7Dbc4nYes?authuser=0&hl=fr&rclk=1","Maître Rémi Sénégas - Avocat Droit Pénal","5,0","(9)","Avocat pénaliste","·","42 Rue Montgrand","Ouvert 24h/24","","·","06 86 65 59 62","https://senegas-avocat.fr/","","Site Web","","Itinéraires","https://ssl.gstatic.com/local/servicebusiness/default_user.png","""","Avocat","disponible et compétent."""
"https://www.google.fr/maps/place/Mounir+BAATOUR+-+Avocat+Marseille/data=!4m7!3m6!1s0x12c9c1d4f70b7351:0xa8d1fffae365e070!8m2!3d43.2926228!4d5.3769575!16s%2Fg%2F11l346snzk!19sChIJUXML99TByRIRcOBl4_r_0ag?authuser=0&hl=fr&rclk=1","Mounir BAATOUR - Avocat Marseille","4,5","(25)","Avocat","·","42 Rue Paradis","Ferme bientôt","· 19:00 · Ouvre à 09:00 sam.","·","07 55 49 10 20","https://baatour-avocat.fr/","","Site Web","","Itinéraires","https://ssl.gstatic.com/local/servicebusiness/default_user.png","""Un","avocat","très compétent et réactif, toujours à l’écoute."""
"https://www.google.fr/maps/place/Avocat+Rondeau-Abouly+V%C3%A9ronique+Marseille/data=!4m7!3m6!1s0x12c9c0c793caf2d9:0xeb72570f424d1ad3!8m2!3d43.2917103!4d5.3723225!16s%2Fg%2F1tq4hdt8!19sChIJ2fLKk8fAyRIR0xpNQg9Xcus?authuser=0&hl=fr&rclk=1","Avocat Rondeau-Abouly Véronique Marseille","5,0","(9)","Avocat","·","69 Rue Sainte","Ferme bientôt","· 19:00 · Ouvre à 10:00 sam.","·","04 91 55 52 61","https://www.cabinetrondeauabouly.com/","","Site Web","","Itinéraires","https://ssl.gstatic.com/local/servicebusiness/default_user.png","""Louisette Barcouzareaud""","",""
"https://www.google.fr/maps/place/avocat+marseille+13001+-+ma%C3%AEtre+alioune+mbengue/data=!4m7!3m6!1s0x12c9c0b96c645543:0x1d904b58e1fb219e!8m2!3d43.2934322!4d5.3771367!16s%2Fg%2F11ggm8gs5w!19sChIJQ1VkbLnAyRIRniH74VhLkB0?authuser=0&hl=fr&rclk=1","avocat marseille 13001 - maître alioune mbengue","5,0","(5)","Avocat","·","28 Rue Francis Davso","","","","04 82 29 16 46","http://www.avocat-mbengue.fr/contact","","Site Web","","Itinéraires","https://ssl.gstatic.com/local/servicebusiness/default_user.png","""Très bon restaurant""","",""
"https://www.google.fr/maps/place/LEVY+DRAHI+AVOCATS/data=!4m7!3m6!1s0x12c9c0c8254392ab:0xab827eda25687a3f!8m2!3d43.2886523!4d5.372468!16s%2Fg%2F1tmmb1cx!19sChIJq5JDJcjAyRIRP3poJdp-gqs?authuser=0&hl=fr&rclk=1","LEVY DRAHI AVOCATS","4,9","(253)","Avocat","·","21 Rue Jules Moulet","Fermé","· Ouvre à 09:00 lun.","·","04 91 04 06 39","https://www.google.fr/aclk?sa=L&ai=DChsSEwiu8Oe1tMWSAxWmgIMHHQICKwwYACICCAEQAhoCZWY&co=1&ase=2&gclid=CjwKCAiAv5bMBhAIEiwAqP9GuE_ttEdqhsyiKdeTirN6srmOJ9tdTqvwi9v5-HiZh2m5gDwg5pE5pBoC6S8QAvD_BwE&cce=2&category=acrcp_v1_32&sig=AOD64_1W0eBkKniklRtPR4jVbI2rq-T1Ww&adurl&q&ctype=99&nis=6","","Site Web","","Itinéraires","https://ssl.gstatic.com/local/servicebusiness/default_user.png","""Très bon","avocat",", très professionnel, très clair et très humain."""
"https://www.google.fr/maps/place/Nicolas+Berthier+-+Avocat+P%C3%A9naliste,+P%C3%A9nal+des+Affaires,+Dommage+corporel,+Cour+d%27assises,+Comparution+Imm%C3%A9diate,+Garde-%C3%A0-Vue/data=!4m7!3m6!1s0x12c9c0c7efc28ae3:0x6b7cb254db3fb9dc!8m2!3d43.28847!4d5.38009!16s%2Fg%2F11c1v24q5c!19sChIJ44rC78fAyRIR3Lk_21SyfGs?authuser=0&hl=fr&rclk=1","Nicolas Berthier - Avocat Pénaliste, Pénal des Affaires, Dommage corporel, Cour d'assises, Comparution Immédiate, Garde-à-Vue","5,0","(44)","Avocat pénaliste","·","22 Rue Edmond Rostand","Ouvert","· Ferme à 21:00","·","07 83 18 04 79","http://www.doudet-avocat.fr/","","Site Web","","Itinéraires","","","",""
"https://www.google.fr/maps/place/Agn%C3%A8s+BOUZON-ROULLE+Avocat+-+Droit+immobilier+-+Droit+de+la+famille/data=!4m7!3m6!1s0x12c9c1566587e273:0x4a31e42b40c6c1d6!8m2!3d43.29156!4d5.378973!16s%2Fg%2F11cs3zlvjx!19sChIJc-KHZVbByRIR1sHGQCvkMUo?authuser=0&hl=fr&rclk=1","Agnès BOUZON-ROULLE Avocat - Droit immobilier - Droit de la famille","4,9","(122)","Avocat","·","2 Place Félix Baret","Ferme bientôt","· 19:30 · Ouvre à 09:00 lun.","·","04 96 11 29 00","https://www.avocat-andraud.fr/","","Site Web","","Itinéraires","","","",""
"https://www.google.fr/maps/place/DOUDET+Steve+-+Avocat+en+Droit+du+travail+%2F+D%C3%A9fense+des+salari%C3%A9s/data=!4m7!3m6!1s0x12c9c0b998589d5d:0xf224bb6075b6be49!8m2!3d43.2924353!4d5.3771154!16s%2Fg%2F11b6dgcrd0!19sChIJXZ1YmLnAyRIRSb62dWC7JPI?authuser=0&hl=fr&rclk=1","DOUDET Steve - Avocat en Droit du travail / Défense des salariés","4,9","(59)","Avocat spécialisé en droit social","·","50 Rue Paradis","","","","04 91 66 00 24","","","","","Itinéraires","https://ssl.gstatic.com/local/servicebusiness/default_user.png","""","Avocat","à l’écoute, sympathique et très agréable merci 🙏"""
"https://www.google.fr/maps/place/Audrey+PANATTONI+-+Avocat+en+Droit+de+la+Famille/data=!4m7!3m6!1s0x12c9c0b9745e6989:0xfa44a1dbd94b10e9!8m2!3d43.2936782!4d5.3765135!16s%2Fg%2F113h_19x5!19sChIJiWledLnAyRIR6RBL2duhRPo?authuser=0&hl=fr&rclk=1","Audrey PANATTONI - Avocat en Droit de la Famille","4,9","(51)","Avocat","·","22 Rue Paradis","Fermé","· Ouvre à 09:00 lun.","·","04 91 54 20 13","http://legislation-professionnelle.fr/","","Itinéraires","","Site Web","https://ssl.gstatic.com/local/servicebusiness/default_user.png","""Excellente","Avocat",", très bonne conseillère"""
"https://www.google.fr/maps/place/Ma%C3%AEtre+Aur%C3%A9lie+PLANTIN+-+Avocate+en+droit+de+l%27urbanisme+%C3%A0+Marseille/data=!4m7!3m6!1s0x12c9c0ea260cce35:0xb1833ad8ce221956!8m2!3d43.2942989!4d5.3769223!16s%2Fg%2F11c3x8w6_s!19sChIJNc4MJurAyRIRVhkiztg6g7E?authuser=0&hl=fr&rclk=1","Maître Aurélie PLANTIN - Avocate en droit de l'urbanisme à Marseille","4,8","(17)","Avocat","·","12 Rue du Jeune Anacharsis","Fermé","· Ouvre à 09:00 lun.","·","06 25 69 36 06","","","","","Itinéraires","https://ssl.gstatic.com/local/servicebusiness/default_user.png","""Je recommande cette","avocate","par mon expérience personnelle."""
"https://www.google.fr/maps/place/Jimmy+IMPINNA+Avocat+-+Droit+du+Travail/data=!4m7!3m6!1s0x12c9c0b9378f192d:0x6ccc6416ec83acc3!8m2!3d43.2920383!4d5.3769632!16s%2Fg%2F11b69czs60!19sChIJLRmPN7nAyRIRw6yD7BZkzGw?authuser=0&hl=fr&rclk=1","Jimmy IMPINNA Avocat - Droit du Travail","5,0","(80)","Avocat","·","37 Rue Grignan","Ferme bientôt","· 19:00 · Ouvre à 09:00 lun.","·","07 78 21 14 00","","","","","Itinéraires","https://ssl.gstatic.com/local/servicebusiness/default_user.png","""","Avocat","très compétent à l'écoute efficace disponible réactif."""
"https://www.google.fr/maps/place/Touboul-Elbez+Karine/data=!4m7!3m6!1s0x12c9c0b7fa2f55e9:0x514bee0a7a049424!8m2!3d43.2915803!4d5.377723!16s%2Fg%2F1w2gs75p!19sChIJ6VUv-rfAyRIRJJQEegruS1E?authuser=0&hl=fr&rclk=1","Touboul-Elbez Karine","5,0","(67)","Avocat en droit des assurances","·","63 Rue Paradis","Fermé","· Ouvre à 09:00 lun.","·","04 91 04 65 04","https://senegas-avocat.fr/","","Itinéraires","","Site Web","https://ssl.gstatic.com/local/servicebusiness/default_user.png","""... aux personnes qui ont besoin d une très bonne","avocate","."""
"https://www.google.fr/maps/place/Taillepied+Avocat/data=!4m7!3m6!1s0x12c9c0b9bfed0d09:0x95aee59971005849!8m2!3d43.2910207!4d5.3761863!16s%2Fg%2F11gbxbqsw8!19sChIJCQ3tv7nAyRIRSVgAcZnlrpU?authuser=0&hl=fr&rclk=1","Taillepied Avocat","5,0","(10)","Avocat","·","37 Rue Montgrand","Ouvert","· Ferme à 20:00","·","06 68 10 84 31","https://baatour-avocat.fr/","","Itinéraires","","Site Web","https://ssl.gstatic.com/local/servicebusiness/default_user.png","""Un excellent","avocat","toujours disponible et réactifs 👍👍👍"""
"https://www.google.fr/maps/place/Avocat+Rondeau-Abouly+V%C3%A9ronique+Marseille/data=!4m7!3m6!1s0x12c9c0c793caf2d9:0xeb72570f424d1ad3!8m2!3d43.2917103!4d5.3723225!16s%2Fg%2F1tq4hdt8!19sChIJ2fLKk8fAyRIR0xpNQg9Xcus?authuser=0&hl=fr&rclk=1","Avocat Rondeau-Abouly Véronique Marseille","5,0","(9)","Avocat","·","69 Rue Sainte","Ferme bientôt","· 19:00 · Ouvre à 10:00 sam.","·","04 91 55 52 61","https://www.google.fr/aclk?sa=L&ai=DChsSEwja-Mi8tMWSAxWPBgYAHbzxA4UYACICCAEQBBoCd3M&co=1&ase=2&gclid=CjwKCAiAv5bMBhAIEiwAqP9GuIBruKPk-12R3c69K9qaZ1tDcs655n39P_f7ezxEG5HBKzRTge15NRoCupUQAvD_BwE&cce=2&category=acrcp_v1_32&sig=AOD64_03j3rxsVQ7eikhO_MY1Uz01E3qgA&adurl&q&ctype=99&nis=6","","Site Web","","Itinéraires","https://ssl.gstatic.com/local/servicebusiness/default_user.png","""Louisette Barcouzareaud""","",""
"https://www.google.fr/maps/place/avocat+marseille+13001+-+ma%C3%AEtre+alioune+mbengue/data=!4m7!3m6!1s0x12c9c0b96c645543:0x1d904b58e1fb219e!8m2!3d43.2934322!4d5.3771367!16s%2Fg%2F11ggm8gs5w!19sChIJQ1VkbLnAyRIRniH74VhLkB0?authuser=0&hl=fr&rclk=1","avocat marseille 13001 - maître alioune mbengue","5,0","(5)","Avocat","·","28 Rue Francis Davso","","","","04 82 29 16 46","https://www.google.fr/aclk?sa=L&ai=DChsSEwja-Mi8tMWSAxWPBgYAHbzxA4UYACICCAEQABoCd3M&co=1&ase=2&gclid=CjwKCAiAv5bMBhAIEiwAqP9GuJ_pkai31QgqhkgBALpwCdt6OJFKSCrRV67oWcHMvrYhsvzfL1VuXBoCIzsQAvD_BwE&cce=2&category=acrcp_v1_32&sig=AOD64_3y626CJEtIfGlOLHfiSlK-We0Clw&adurl&q&ctype=99&nis=6","","Site Web","","Itinéraires","https://ssl.gstatic.com/local/servicebusiness/default_user.png","""Très bon restaurant""","",""
"https://www.google.fr/maps/place/CABINET+DECAUX/data=!4m7!3m6!1s0x12c9c0b0c6baaaab:0xeac6679ec2cf90ea!8m2!3d43.2930682!4d5.3786489!16s%2Fg%2F11c1v2q92f!19sChIJq6q6xrDAyRIR6pDPwp5nxuo?authuser=0&hl=fr&rclk=1","CABINET DECAUX","4,8","(73)","Avocat","·","55 Rue Saint-Ferréol","Fermé","· Ouvre à 09:30 lun.","·","06 21 64 46 29","https://www.avocat-decaux.com/","","Site Web","","Itinéraires","https://ssl.gstatic.com/local/servicebusiness/default_user.png","""","Avocat","très professionnel et très efficace pour obtenir le titre de séjour."""
"https://www.google.fr/maps/place/Cyril+CASANOVA+Avocat/data=!4m7!3m6!1s0x12c9c1fb28afe123:0xe93d2776f47df1cb!8m2!3d43.2923878!4d5.3775357!16s%2Fg%2F11h6slq_x5!19sChIJI-GvKPvByRIRy_F99HYnPek?authuser=0&hl=fr&rclk=1","Cyril CASANOVA Avocat","5,0","(115)","Avocat","·","32 Rue Grignan","Fermé","· Ouvre à 09:00 lun.","·","06 66 90 56 93","","","Itinéraires","","","https://ssl.gstatic.com/local/servicebusiness/default_user.png","""Un","avocat","5 etoiles qui maitrise son sujet et ses dossiers."""
"https://www.google.fr/maps/place/Cabinet+Manenti+%26+Co+%C3%A0+Marseille/data=!4m7!3m6!1s0x12c9c0b9fb1fa763:0xe672b4502b140148!8m2!3d43.292007!4d5.377229!16s%2Fg%2F1xgc0rxj!19sChIJY6cf-7nAyRIRSAEUK1C0cuY?authuser=0&hl=fr&rclk=1","Cabinet Manenti & Co à Marseille","4,8","(23)","Avocat","·","54 Rue Paradis","Fermé","· Ouvre à 09:00 lun.","·","04 91 33 79 23","https://www.avocat-manenti-co.fr/","","Site Web","","Itinéraires","https://ssl.gstatic.com/local/servicebusiness/default_user.png","""Je recommande vivement ce cabinet d’","avocat","."""
"https://www.google.fr/maps/place/M%C3%A9lanie+ROBIN/data=!4m7!3m6!1s0x12c9c11d69c979bd:0xf55a203c8296fb6b!8m2!3d43.2928004!4d5.3791713!16s%2Fg%2F11h1mjwltg!19sChIJvXnJaR3ByRIRa_uWgjwgWvU?authuser=0&hl=fr&rclk=1","Mélanie ROBIN","5,0","(27)","Avocat","·","6 Rue Grignan","Ferme bientôt","· 19:00 · Ouvre à 09:00 lun.","·","09 54 39 63 84","https://www.cabinet-robin-bazin.fr/","","Site Web","","Itinéraires","https://ssl.gstatic.com/local/servicebusiness/default_user.png","""","Avocate","très compétente et à l'écoute et très humaine je vous recommande"""
"https://www.google.fr/maps/place/Benjamin+Fabre+-+Avocat/data=!4m7!3m6!1s0x12c9c1989c4b8bf3:0xc012f31c2f3c7e0f!8m2!3d43.2916688!4d5.378327!16s%2Fg%2F11rjqlw9n4!19sChIJ84tLnJjByRIRD348LxzzEsA?authuser=0&hl=fr&rclk=1","Benjamin Fabre - Avocat","5,0","(16)","Avocat","·","26 Rue Montgrand","Ouvert","· Ferme à 20:00","·","06 19 58 18 91","https://www.cabinet-fabre-avocat.fr/","","Site Web","","Itinéraires","https://ssl.gstatic.com/local/servicebusiness/default_user.png","""Super","Avocat","!"""
"https://www.google.fr/maps/place/Lacombe+Avocat+-+Conseil+en+propri%C3%A9t%C3%A9+intellectuelle,+num%C3%A9rique,+RGPD,+contrat+et+commercial/data=!4m7!3m6!1s0x12c9c16451aa06e1:0x9417fec84b0e7cfe!8m2!3d43.2920586!4d5.3780534!16s%2Fg%2F11j_1jqv4z!19sChIJ4QaqUWTByRIR_nwOS8j-F5Q?authuser=0&hl=fr&rclk=1","Lacombe Avocat - Conseil en propriété intellectuelle, numérique, RGPD, contrat et commercial","5,0","(45)","Avocat","·","21 Rue Grignan","Ferme bientôt","· 19:00 · Ouvre à 09:00 lun.","·","06 58 67 44 92","http://www.alix-lacombe-avocat.com/","","Site Web","","Itinéraires","https://ssl.gstatic.com/local/servicebusiness/default_user.png","""Elle a su parfaitement gérer mon dossier avec expertise et efficacité.""","",""
"https://www.google.fr/maps/place/Ma%C3%AEtre+Francis+EBIANG%27NE+-+Avocat/data=!4m7!3m6!1s0x12c9c1fd64b1404b:0x18987ee002dd95f8!8m2!3d43.3041964!4d5.3653676!16s%2Fg%2F11jjvln8v8!19sChIJS0CxZP3ByRIR-JXdAuB-mBg?authuser=0&hl=fr&rclk=1","Maître Francis EBIANG'NE - Avocat","","","Avocat","·","3 Quai de la Joliette","Fermé","· Ouvre à 09:00 lun.","·","06 95 38 61 38","http://www.delviso-avocats.com/","","Site Web","","Itinéraires","","","",""
"https://www.google.fr/maps/place/Lucie+Amar/data=!4m7!3m6!1s0x4805efeca42f406d:0x8716f0d228d9f29f!8m2!3d43.2935654!4d5.3792532!16s%2Fg%2F11k53scs4s!19sChIJbUAvpOzvBUgRn_LZKNLwFoc?authuser=0&hl=fr&rclk=1","Lucie Amar","4,9","(93)","Avocat pénaliste","·","50 Rue de Rome","Fermé","· Ouvre à 09:00 lun.","·","06 50 10 24 84","https://amarlucie-avocate.fr/","","Site Web","","Itinéraires","https://ssl.gstatic.com/local/servicebusiness/default_user.png","""Une grande","avocate","d’une gentillesse rare, que je recommande chaudement!"""
"https://www.google.fr/maps/place/Avocat+Chiche/data=!4m7!3m6!1s0x12c9c1005f67b25b:0x985cdeb0921c7a86!8m2!3d43.3025742!4d5.3690743!16s%2Fg%2F11ywh5kzj8!19sChIJW7JnXwDByRIRhnockrDeXJg?authuser=0&hl=fr&rclk=1","Avocat Chiche","","","Avocat","","","","","","","","","Itinéraires","","","","","",""
"https://www.google.fr/maps/place/Kalai+Hinde/data=!4m7!3m6!1s0x12c9c0b782c41d11:0xd688e7b9c072717d!8m2!3d43.2920436!4d5.3770421!16s%2Fg%2F11fy_4ljtx!19sChIJER3EgrfAyRIRfXFywLnniNY?authuser=0&hl=fr&rclk=1","Kalai Hinde","4,8","(44)","Avocat","·","35 Rue Grignan","Fermé","· Ouvre à 09:00 lun.","·","04 91 04 07 99","https://www.kalai-avocat.fr/","","Site Web","","Itinéraires","https://ssl.gstatic.com/local/servicebusiness/default_user.png","""Très bonne","avocat","à l'écoute compétente à recommander sans hésitation"""
"https://www.google.fr/maps/place/Avocat+Hachem+Droit+de+l%27Urbanisme/data=!4m7!3m6!1s0x12c9c0b9ea78ab1d:0xd8a7ed443f888952!8m2!3d43.2916593!4d5.3723653!16s%2Fg%2F11b6dg4k7t!19sChIJHat46rnAyRIRUomIP0Ttp9g?authuser=0&hl=fr&rclk=1","Avocat Hachem Droit de l'Urbanisme","4,7","(20)","Avocat spécialisé en droit immobilier","·","69 Rue Sainte","Fermé","· Ouvre à 10:00 lun.","·","04 88 91 95 10","https://www.hachemavocat.fr/","","Site Web","","Itinéraires","https://ssl.gstatic.com/local/servicebusiness/default_user.png","""Nous recommandons vivement les services de Mr Hachem et toute son équipe.""","",""
"https://www.google.fr/maps/place/Avocat+Francois+Gombert+-+Droit+du+Travail+-+Marseille,+13006/data=!4m7!3m6!1s0x12c9c0b6ba7f262b:0x6fd90a8c6c2ffccf!8m2!3d43.2914398!4d5.3768815!16s%2Fg%2F1hc2kc8f2!19sChIJKyZ_urbAyRIRz_wvbIwK2W8?authuser=0&hl=fr&rclk=1","Avocat Francois Gombert - Droit du Travail - Marseille, 13006","4,4","(96)","Avocat spécialisé en droit du travail","·","44 Rue Montgrand","Fermé","· Ouvre à 09:00 lun.","·","04 91 04 02 84","https://www.avocat-francois-gombert.fr/","","Site Web","","Itinéraires","https://ssl.gstatic.com/local/servicebusiness/default_user.png","""Maître Gombert est un très bon","Avocat",", un homme avec des vraies valeurs."""
"https://www.google.fr/maps/place/Mathilde+Larue+-+Avocat+comp%C3%A9tent+en+Droit+de+la+famille+et+Droit+de+la+r%C3%A9paration+du+dommage+corporel/data=!4m7!3m6!1s0x12c9c1310432f923:0xfd8a60152af5193c!8m2!3d43.2876321!4d5.3772065!16s%2Fg%2F11rcwhmr3l!19sChIJI_kyBDHByRIRPBn1KhVgiv0?authuser=0&hl=fr&rclk=1","Mathilde Larue - Avocat compétent en Droit de la famille et Droit de la réparation du dommage corporel","5,0","(20)","Avocat","·","76 Rue Dragon","Ferme bientôt","· 19:00 · Ouvre à 09:00 lun.","·","06 16 51 27 04","https://www.mathilde-larue-avocat.com/","","Site Web","","Itinéraires","https://ssl.gstatic.com/local/servicebusiness/default_user.png","""Une","avocate","très compétente au grand coeur, toujours à l'écoute!"""
"https://www.google.fr/maps/place/Louis+JABIOL-TROJANI+AVOCAT+Droit+p%C3%A9nal,+Droit+civil+%26+Affaires+familiales,+Pr%C3%A9judice+corporel/data=!4m7!3m6!1s0x12c9c0b9df585163:0x96bc0f6f0654bb6f!8m2!3d43.2890917!4d5.3778484!16s%2Fg%2F11g6btv40v!19sChIJY1FY37nAyRIRb7tUBm8PvJY?authuser=0&hl=fr&rclk=1","Louis JABIOL-TROJANI AVOCAT Droit pénal, Droit civil & Affaires familiales, Préjudice corporel","4,9","(31)","Avocat pénaliste","·","50 Rue Sylvabelle","Ferme bientôt","· 19:00 · Ouvre à 09:00 lun.","·","06 68 28 23 56","http://www.avocat-jabiol-trojani.fr/","","Site Web","","Itinéraires","https://ssl.gstatic.com/local/servicebusiness/default_user.png","""Un","avocat","incroyable et hors commun et toujours disponible et à l'écoute."""
"https://www.google.fr/maps/place/Avocate+%7C+Claire+Dagot+%7C+Droit+de+l%27urbanisme+%7C+Droit+public+%7C+Droit+de+l%27environnement/data=!4m7!3m6!1s0x12c9c1c420d9f5eb:0x5fef2fe09f7c5d91!8m2!3d43.2920135!4d5.3737266!16s%2Fg%2F11jt25kpr0!19sChIJ6_XZIMTByRIRkV18n-Av718?authuser=0&hl=fr&rclk=1","Avocate | Claire Dagot | Droit de l'urbanisme | Droit public | Droit de l'environnement","4,8","(18)","Avocat en droit administratif","·","51 Rue Sainte","Fermé","· Ouvre à 09:00 lun.","·","06 63 67 00 62","https://dagot-avocat.fr/","","Site Web","","Itinéraires","https://ssl.gstatic.com/local/servicebusiness/default_user.png","""Je remercie cette","avocate","et je ne peux que la recommander."""
"https://www.google.fr/maps/place/Cabinet+Thareau,+Avocat+Marseille/data=!4m7!3m6!1s0x12c9c0b996cc1569:0x9c7ff1163c901d2f!8m2!3d43.2917656!4d5.3772542!16s%2Fg%2F11bbrkbpbf!19sChIJaRXMlrnAyRIRLx2QPBbxf5w?authuser=0&hl=fr&rclk=1","Cabinet Thareau, Avocat Marseille","4,6","(9)","Avocat","·","56 Rue Paradis","Ferme bientôt","· 19:00 · Ouvre à 08:30 lun.","·","04 96 11 11 82","http://www.thareauavocatmarseille.fr/","","Site Web","","Itinéraires","https://ssl.gstatic.com/local/servicebusiness/default_user.png","""Excellent professionnel, connait parfaitement son sujet.""","",""
"https://www.google.fr/maps/place/Avocat+Marseille+-+Me+ZERBIB+No%C3%A9mie/data=!4m7!3m6!1s0x12c9c177a3ea80e1:0x552e6eed4c49dbcb!8m2!3d43.29443!4d5.3751335!16s%2Fg%2F11txsdqstm!19sChIJ4YDqo3fByRIRy9tJTO1uLlU?authuser=0&hl=fr&rclk=1","Avocat Marseille - Me ZERBIB Noémie","5,0","(4)","Avocat","·","14 Rue Pythéas","Ouvert","· Ferme à 20:00","·","06 14 88 24 34","","","Itinéraires","","","https://ssl.gstatic.com/local/servicebusiness/default_user.png","""","Avocate","très réactif et chaque dossier compte et très compétente"""
"https://www.google.fr/maps/place/Avocat+M%C3%A9lissa+CLINE/data=!4m7!3m6!1s0x12c9c0c641e14c51:0x9f4dfbbf5aa3e4a6!8m2!3d43.2919897!4d5.3691123!16s%2Fg%2F11fmddmrv_!19sChIJUUzhQcbAyRIRpuSjWr_7TZ8?authuser=0&hl=fr&rclk=1","Avocat Mélissa CLINE","4,3","(26)","Avocat","·","19 Rue Neuve Sainte-Catherine","Fermé","· Ouvre à 09:00 lun.","·","04 91 33 27 05","http://www.avocatcline.com/","","Site Web","","Itinéraires","https://ssl.gstatic.com/local/servicebusiness/default_user.png","""","avocate","de confiance trés pro je la recommande a tout mes proches ."""
"https://www.google.fr/maps/place/Ma%C3%AEtre+Val%C3%A9rie+Picard/data=!4m7!3m6!1s0x12c9c0c8190acfd1:0xc3c7ce426df8ff0b!8m2!3d43.2901784!4d5.3760841!16s%2Fg%2F11bwfjqjlx!19sChIJ0c8KGcjAyRIRC__4bULOx8M?authuser=0&hl=fr&rclk=1","Maître Valérie Picard","4,9","(60)","Avocat","·","25 Cr Pierre Puget","Fermé","· Ouvre à 09:30 lun.","·","04 91 04 60 87","https://www.picardavocat.fr/","","Site Web","","Itinéraires","https://ssl.gstatic.com/local/servicebusiness/default_user.png","""Une","avocate","à la fois exceptionnelle et incroyable !"""
"https://www.google.fr/maps/place/Avocat+accident+Marseille,+Cabinet+Consolin+Zanarini/data=!4m7!3m6!1s0x12c9c0b99b93879d:0x890c86e66b486351!8m2!3d43.2923725!4d5.3774927!16s%2Fg%2F1tgfs66l!19sChIJnYeTm7nAyRIRUWNIa-aGDIk?authuser=0&hl=fr&rclk=1","Avocat accident Marseille, Cabinet Consolin Zanarini","4,4","(59)","Avocat spécialisé en dommages corporels","·","32 Rue Grignan","Ferme bientôt","· 19:00 · Ouvre à 09:00 lun.","·","04 91 13 44 34","https://www.consolin-avocats.fr/","","Site Web","","Itinéraires","https://ssl.gstatic.com/local/servicebusiness/default_user.png","""Une","avocate","compétente, professionnelle et empathique."""