"hfpxzc href","qBF1Pd","MW4etd","UY7F9","W4Efsd","W4Efsd 2","W4Efsd 3","W4Efsd 4","W4Efsd 5","UsdlK","lcr4fd href","Cw1rxd","R8c4Qb","Cw1rxd 2","R8c4Qb 2","Jn12ke src","ah5Ghc","W4Efsd 6"
"","","","","","","","","","","","","","","","","",""
"","","","","","","","","","","","","","","","","",""
"https://www.google.fr/maps/place/URGENCE+NUISIBLES+13/data=!4m7!3m6!1s0x12c9c14158d49d3b:0x216699c951dfc1ca!8m2!3d43.318497!4d5.3688133!16s%2Fg%2F11y6l0f47b!19sChIJO53UWEHByRIRysHfUcmZZiE?authuser=0&hl=fr&rclk=1","URGENCE NUISIBLES 13","4,9","(99)","Service d'extermination des nuisibles","·","17 Rue du Marché","Ouvert 24h/24","·","06 11 43 14 62","https://www.urgence-nuisibles13.fr/","","Site Web","","Itinéraires","https://ssl.gstatic.com/local/servicebusiness/default_user.png","""Nous avons sollicité les services de",""
"https://www.google.fr/maps/place/Nuisibles+13/data=!4m7!3m6!1s0x48a9311f23eea23f:0x3a48602674a94a5b!8m2!3d43.3100515!4d5.3853052!16s%2Fg%2F11rvdf3nc2!19sChIJP6LuIx8xqUgRW0qpdCZgSDo?authuser=0&hl=fr&rclk=1","Nuisibles 13","4,8","(245)","Service d'extermination des nuisibles","·","·","Ouvert","5bis Imp. Bleue","04 15 43 02 58","https://www.nuisibles13.fr/","","Site Web","","Itinéraires","https://ssl.gstatic.com/local/servicebusiness/default_user.png","""Merci beaucoup à Nuisible 13 pour une","· Ferme à 20:30"
"https://www.google.fr/maps/place/Stop+Nuisibles+13+-+D%C3%A9sinsectisation+%26+D%C3%A9ratisation+-+Cafard+Punaise+de+lit+Marseille/data=!4m7!3m6!1s0xa7efe00657fe7023:0xba5fee0c01ef0414!8m2!3d43.2985608!4d5.3710099!16s%2Fg%2F11k3qbdvtf!19sChIJI3D-Vwbg76cRFATvAQzuX7o?authuser=0&hl=fr&rclk=1","Stop Nuisibles 13 - Désinsectisation & Dératisation - Cafard Punaise de lit Marseille","4,9","(57)","Service d'extermination des nuisibles","·","5 Rue Méry","Ouvert 24h/24","·","07 45 30 92 12","https://stop-nuisibles13.fr/?utm_source=gmb","","Site Web","","Itinéraires","https://ssl.gstatic.com/local/servicebusiness/default_user.png","""Qualité/Prix, professionnalisme et sérieux de la part du gérant.""",""
"https://www.google.fr/maps/place/ADH+NUISIBLES/data=!4m7!3m6!1s0x12c9c1f6b84726a7:0xc71de469152b94d3!8m2!3d43.2911548!4d5.3589837!16s%2Fg%2F11hdt4cr69!19sChIJpyZHuPbByRIR05QrFWnkHcc?authuser=0&hl=fr&rclk=1","ADH NUISIBLES","4,9","(110)","Service d'extermination des nuisibles","·","18 Av. Pasteur","Ouvert 24h/24","·","07 81 40 01 06","https://www.adhnuisibles.fr/","","Site Web","","Itinéraires","https://ssl.gstatic.com/local/servicebusiness/default_user.png","""Bon service client, je recommande très pro bonne",""
"https://www.google.fr/maps/place/LT+PRO/data=!4m7!3m6!1s0x12c9c0844d712d81:0xa31aa91ff02ae8e7!8m2!3d43.3120699!4d5.3862451!16s%2Fg%2F11hpr01xyl!19sChIJgS1xTYTAyRIR5-gq8B-pGqM?authuser=0&hl=fr&rclk=1","LT PRO","4,8","(70)","Service d'extermination des nuisibles","·","7 Rue d'Orange","Ouvert 24h/24","·","06 83 67 98 68","https://www.ltpro.fr/","","Site Web","","Itinéraires","https://ssl.gstatic.com/local/servicebusiness/default_user.png","""Le travail est tres bien fait.""",""
"https://www.google.fr/maps/place/Antipesti/data=!4m7!3m6!1s0x12c9c098ab5cf8d5:0x3e2fb9d663e8a2b2!8m2!3d43.2995343!4d5.3886498!16s%2Fg%2F11gg_zn316!19sChIJ1fhcq5jAyRIRsqLoY9a5Lz4?authuser=0&hl=fr&rclk=1","Antipesti","4,9","(75)","Service d'extermination des nuisibles","·","13 Rue Saint-Savournin","Ouvert","·","09 53 96 96 28","https://www.antipesti.fr/","","Site Web","","Itinéraires","https://ssl.gstatic.com/local/servicebusiness/default_user.png","""Très content de ma prestation, je le recommande vivement""","· Ferme à 20:00"
"https://www.google.fr/maps/place/DHN+MARSEILLE/data=!4m7!3m6!1s0x12c9c16721a2a5c9:0x4e4dcf018057612b!8m2!3d43.2969674!4d5.3657574!16s%2Fg%2F11q2yfmzkp!19sChIJyaWiIWfByRIRK2FXgAHPTU4?authuser=0&hl=fr&rclk=1","DHN MARSEILLE","5,0","(27)","Service d'extermination des nuisibles","·","38 Rue Henri Tasso","Ouvert 24h/24","·","07 66 15 89 59","https://dhn-service.fr/","","Site Web","","Itinéraires","https://ssl.gstatic.com/local/servicebusiness/default_user.png","""Ravis de la prestation de cette entreprise que je recommande fortement.""",""
"https://www.google.fr/maps/place/ALEB+Habitation/data=!4m7!3m6!1s0x12c9bf2d6f436dd5:0x8ed0e2f6e1b02dc2!8m2!3d43.2927111!4d5.389199!16s%2Fg%2F11j639dng1!19sChIJ1W1Dby2_yRIRwi2w4fbi0I4?authuser=0&hl=fr&rclk=1","ALEB Habitation","4,9","(108)","Service d'extermination des nuisibles","·","64 Rue Nau","Ouvert 24h/24","·","06 33 47 56 88","https://www.extermination-nuisibles-marseille.fr/","","Site Web","","Itinéraires","https://ssl.gstatic.com/local/servicebusiness/default_user.png","""Résultat impeccable et durable, je n'ai plus de souris dans mes locaux.""",""
"https://www.google.fr/maps/place/EXTERMINATOR+Nuisibles/data=!4m7!3m6!1s0x12c9bfc3bc625b51:0xc0a5ec17f6967520!8m2!3d43.2806116!4d5.4044532!16s%2Fg%2F11h560vylt!19sChIJUVtivMO_yRIRIHWW9hfspcA?authuser=0&hl=fr&rclk=1","EXTERMINATOR Nuisibles","4,9","(134)","Service d'extermination des nuisibles","·","Trav. Bessède bâtiment A","Ouvert","·","07 66 14 19 28","http://www.exterminator-nuisible.com/","","Site Web","","Itinéraires","https://ssl.gstatic.com/local/servicebusiness/default_user.png","""J'ai fait appel à EXTERMINATOR et je suis ravi de la prestation!""","· Ferme à 21:00"
"https://www.google.fr/maps/place/Allo+Frelons/data=!4m7!3m6!1s0x12c9c1b9eafbaa31:0x92e805d242005711!8m2!3d43.286458!4d5.358767!16s%2Fg%2F11lzmf7ksd!19sChIJMar76rnByRIREVcAQtIF6JI?authuser=0&hl=fr&rclk=1","Allo Frelons","5,0","(182)","Service d'extermination des nuisibles","·","Centre d Affaires, 97 Rue Sauveur Tobelem","Ouvert","· Ferme à 20:00","04 12 05 91 44","","","Itinéraires","","","https://ssl.gstatic.com/local/servicebusiness/default_user.png","""L’équipe de France","·"
"https://www.google.fr/maps/place/ProNet%E2%80%99Hygiene/data=!4m7!3m6!1s0xa0ead4e131d1cd55:0x4019dde6f48fc0aa!8m2!3d43.3013195!4d5.3924794!16s%2Fg%2F11tw_t2_zm!19sChIJVc3RMeHU6qARqsCP9ObdGUA?authuser=0&hl=fr&rclk=1","ProNet’Hygiene","4,9","(168)","Service d'extermination des nuisibles","·","128 Bd de la Libération","Ouvert 24h/24","·","06 17 87 99 22","http://www.pronet-hygiene.fr/","","Site Web","","Itinéraires","https://ssl.gstatic.com/local/servicebusiness/default_user.png","""La qualité du service et l’attention aux détails ont été remarquables.""",""
"https://www.google.fr/maps/place/DPCF+3D/data=!4m7!3m6!1s0x6b78628ff23f76e1:0xf9df62006e0d2be4!8m2!3d43.3108582!4d5.3809846!16s%2Fg%2F11kpcxt_zw!19sChIJ4XY_8o9ieGsR5CsNbgBi3_k?authuser=0&hl=fr&rclk=1","DPCF 3D","5,0","(21)","Service d'extermination des nuisibles","·","17 Rue Jean Cristofol","Ferme bientôt","·","07 44 51 31 79","http://nuisiblesservices.fr/","","Site Web","","Itinéraires","https://ssl.gstatic.com/local/servicebusiness/default_user.png","""Intervenu pour des rats, travail sérieux, rapide et efficace""","· 19:00 · Ouvre à 08:00 sam."
"https://www.google.fr/maps/place/3DSud+d%C3%A9ratisation+Marseille+Cannes+Nice+Aix+en+Provence+punaises+de+lit+punaise+cafards+fourmis+puces+gu%C3%AApes+frelons/data=!4m7!3m6!1s0x12c9c75374208669:0x723b58003f4d34d4!8m2!3d43.2778059!4d5.3877794!16s%2Fg%2F11cm_c2v1_!19sChIJaYYgdFPHyRIR1DRNPwBYO3I?authuser=0&hl=fr&rclk=1","3DSud dératisation Marseille Cannes Nice Aix en Provence punaises de lit punaise cafards fourmis puces guêpes frelons","3,7","(53)","Service d'extermination des nuisibles","·","180 Av. du Prado","Ouvert 24h/24","","06 68 02 62 89","","","Itinéraires","","","https://ssl.gstatic.com/local/servicebusiness/default_user.png","""Très satisfaite, de la prestation, je recommande.""","·"
"https://www.google.fr/maps/place/ECO+MAISON+PRO/data=!4m7!3m6!1s0x12c9c1f4b2ac1707:0x56b59d2e20d3de3a!8m2!3d43.3038857!4d5.3685877!16s%2Fg%2F11rpddwnzr!19sChIJBxessvTByRIROt7TIC6dtVY?authuser=0&hl=fr&rclk=1","ECO MAISON PRO","4,5","(8)","Service de restauration de bâtiments","·","9 Rue Vincent Leblanc","Ferme bientôt","·","06 12 63 47 06","http://www.ecomaisonpro.fr/?utm_source=google&utm_medium=wix_google_business_profile&utm_campaign=1580715388087873683","","Site Web","","Itinéraires","https://ssl.gstatic.com/local/servicebusiness/default_user.png","""Merci pour le traitement des punaise de lit.""","· 19:00 · Ouvre à 09:00 sam."
"https://www.google.fr/maps/place/Technocid+Desinsectisation+Punaises+lit/data=!4m7!3m6!1s0x12c9c04929bf23d3:0xfa2a5f591cfc1851!8m2!3d43.3346865!4d5.3598333!16s%2Fg%2F1q625w3rg!19sChIJ0yO_KUnAyRIRURj8HFlfKvo?authuser=0&hl=fr&rclk=1","Technocid Desinsectisation Punaises lit","5,0","(15)","Service d'extermination des nuisibles","·","73 Bd Viala","Ouvert","·","04 91 37 39 45","https://www.desinsectisation-punaises.com/","","Site Web","","Itinéraires","https://ssl.gstatic.com/local/servicebusiness/default_user.png","""Ils ont aussi donné de bons conseils pour éviter une nouvelle infestation.""","· Ferme à 22:00"
"https://www.google.fr/maps/place/Rentokil+Marseille+:+D%C3%A9ratisation+et+D%C3%A9sinsectisation/data=!4m7!3m6!1s0x12c9c0411fc5fa2f:0x1f0390799aba198c!8m2!3d43.3366202!4d5.369511!16s%2Fg%2F1hm3yrqfw!19sChIJL_rFH0HAyRIRjBm6mnmQAx8?authuser=0&hl=fr&rclk=1","Rentokil Marseille : Dératisation et Désinsectisation","4,8","(127)","Service d'extermination des nuisibles","·","32 Rue Charles Tellier","Fermé","·","04 13 68 03 26","https://www.rentokil.com/fr/a-propos-de-rentokil/nos-agences/deratisation-marseille?utm_medium=organic&utm_source=google.com&utm_campaign=google_my_business&utm_content=website_link","","Site Web","","Itinéraires","https://ssl.gstatic.com/local/servicebusiness/default_user.png","""Propose le meilleur pour le client en terme de qualité de vie et de coût.""","· Ouvre à 08:00 lun."
"https://www.google.fr/maps/place/NGAN+MARSEILLE+ET+VAR+-+Entreprise+Anti-Nuisibles/data=!4m7!3m6!1s0x12c9a5018661043b:0x2e5a52b2d045830f!8m2!3d43.3013195!4d5.3924794!16s%2Fg%2F11ls_639_l!19sChIJOwRhhgGlyRIRD4NF0LJSWi4?authuser=0&hl=fr&rclk=1","NGAN MARSEILLE ET VAR - Entreprise Anti-Nuisibles","4,9","(113)","Service d'extermination des nuisibles","·","128 Bd de la Libération","Fermé","·","06 80 88 82 08","https://marseille-et-var.ngan.fr/?utm_source=gmb","","Site Web","","Itinéraires","https://ssl.gstatic.com/local/servicebusiness/default_user.png","""Un résultat très bon qualité pour le prix du travail très sérieux""","· Ouvre à 08:30 lun."
"https://www.google.fr/maps/place/Solution+Nuisible/data=!4m7!3m6!1s0x12c9eb83a71ea9cd:0x41e43682973cb3eb!8m2!3d43.3786248!4d5.3509596!16s%2Fg%2F11h73rhygy!19sChIJzakep4PryRIR67M8l4I25EE?authuser=0&hl=fr&rclk=1","Solution Nuisible","4,7","(426)","Service d'extermination des nuisibles","·","Chem. du Moulin du Diable","Ouvert","·","09 70 79 79 79","https://solution-nuisible.fr/","","Site Web","","Itinéraires","https://ssl.gstatic.com/local/servicebusiness/default_user.png","""Le technicien est intervenu très rapiement après notre appel (moins de 2h).""","· Ferme à 21:00"
"https://www.google.fr/maps/place/DAIR+D%C3%A9sinsectisation+D%C3%A9ratisation/data=!4m7!3m6!1s0x12c9c1762e0fd5e9:0x636058840ea144c7!8m2!3d43.2894695!4d5.3618565!16s%2Fg%2F11x02wt_44!19sChIJ6dUPLnbByRIRx0ShDoRYYGM?authuser=0&hl=fr&rclk=1","DAIR Désinsectisation Dératisation","5,0","(4)","Service d'extermination des nuisibles","·","1 Rue Ernest Duchesne","Ouvert","·","06 43 00 47 29","https://www.desinsectiseur-marseille.fr/","","Site Web","","Itinéraires","https://ssl.gstatic.com/local/servicebusiness/default_user.png","""Merci a vous pour votre réactivité et professionnalisme.je recommande.""","· Ferme à 20:00"
"https://www.google.fr/maps/place/Hygi%C3%A8ne+de+la+Maison/data=!4m7!3m6!1s0x12c9c0bb6d6d4e75:0x5fa7cc588c4df730!8m2!3d43.298664!4d5.3853379!16s%2Fg%2F11b8_x6k9s!19sChIJdU5tbbvAyRIRMPdNjFjMp18?authuser=0&hl=fr&rclk=1","Hygiène de la Maison","4,5","(76)","Service d'extermination des nuisibles","·","1 Rue Adolphe Thiers","Fermé","· Ouvre à 15:00 lun.","04 88 86 70 87","","","Itinéraires","","","https://ssl.gstatic.com/local/servicebusiness/default_user.png","""Vous pouvez lui faire entièrement confiance sur son intégrité.""","·"
"https://www.google.fr/maps/place/Solution+Nuisible/data=!4m7!3m6!1s0x12c9eb83a71ea9cd:0x41e43682973cb3eb!8m2!3d43.378625!4d5.35096!16s%2Fg%2F11h73rhygy!19sChIJzakep4PryRIR67M8l4I25EE?authuser=0&hl=fr&rclk=1","Solution Nuisible","4,7","(426)","Service d'extermination des nuisibles","·","Chemin du Moulin du Diable","Ouvert","· Ferme à 21:00","09 70 79 79 79","https://www.google.fr/aclk?sa=L&ai=DChsSEwjW4aO2tcWSAxVokIMHHb5RH-0YACICCAEQBhoCZWY&ae=2&aspm=1&co=1&ase=2&gclid=CjwKCAiAv5bMBhAIEiwAqP9GuDYZhGFri70Bg8nxMr0wqJ3dQjSRFlbTxEugdBiU2bpkqFLqMN962hoC-wkQAvD_BwE&cce=2&category=acrcp_v1_35&sig=AOD64_1i92L5kR2mtR9AyAlqSB03F_4tUQ&adurl&q&ctype=99&nis=6","","Site Web","","Itinéraires","","","·"
"https://www.google.fr/maps/place/Hygi%C3%A8ne+Biocide+-+D%C3%A9ratisation+-+Punaise+de+lit/data=!4m7!3m6!1s0x12c9b925932799a5:0xd32eb3b0e3e0fb84!8m2!3d43.251424!4d5.394252!16s%2Fg%2F11f9zr73bm!19sChIJpZknkyW5yRIRhPvg47CzLtM?authuser=0&hl=fr&rclk=1","Hygiène Biocide - Dératisation - Punaise de lit","4,9","(79)","Service d'extermination des nuisibles","·","6 Avenue de l'Aillaude","Fermé","· Ouvre à 08:30 lun.","09 83 74 94 86","https://www.google.fr/aclk?sa=L&ai=DChsSEwjW4aO2tcWSAxVokIMHHb5RH-0YACICCAEQABoCZWY&co=1&ase=2&gclid=CjwKCAiAv5bMBhAIEiwAqP9GuDz9phA7VQYw5AW4t7TMcH-CYp8_G6Rtnurt4u9LGqGxcwyazPckihoCIHsQAvD_BwE&cce=2&category=acrcp_v1_32&sig=AOD64_2oVUXddzEPYJxnUvRlsSkURvssnQ&adurl&q&ctype=99&nis=6","","Site Web","","Itinéraires","","","·"
"https://www.google.fr/maps/place/Sud+Nuisibles+Hygi%C3%A8ne+et+Services/data=!4m7!3m6!1s0x12c9bf8cfb6ececb:0xba822ab44138ad92!8m2!3d43.2930294!4d5.4376503!16s%2Fg%2F11rg744zjj!19sChIJy85u-4y_yRIRkq04QbQqgro?authuser=0&hl=fr&rclk=1","Sud Nuisibles Hygiène et Services","5,0","(30)","Service d'extermination des nuisibles","·","23 Av. William Booth","Ouvert 24h/24","·","06 27 66 41 37","https://sudnuisibleshs.com/","","Site Web","","Itinéraires","https://ssl.gstatic.com/local/servicebusiness/default_user.png","""Excellent, traitement sur punaise de lit top!""",""
"https://www.google.fr/maps/place/3D13+HYGIENE/data=!4m7!3m6!1s0x12c9bf0e57e664bd:0xb054e221c73df61d!8m2!3d43.306489!4d5.3994157!16s%2Fg%2F11kq7vkch2!19sChIJvWTmVw6_yRIRHfY9xyHiVLA?authuser=0&hl=fr&rclk=1","3D13 HYGIENE","5,0","(51)","Service d'extermination des nuisibles","·","91 Av. des Chartreux","Ferme bientôt","· 19:00 · Ouvre à 09:30 sam.","04 88 64 35 07","","","Itinéraires","","","https://ssl.gstatic.com/local/servicebusiness/default_user.png","""Service professionnel et prestation impeccable !""","·"
"https://www.google.fr/maps/place/France+Nuisibles+Experts/data=!4m7!3m6!1s0x51a912d064c2af9:0x409c0a8921e4d81e!8m2!3d43.3127454!4d5.4130464!16s%2Fg%2F11krkt1gfh!19sChIJ-SpMBi2RGgURHtjkIYkKnEA?authuser=0&hl=fr&rclk=1","France Nuisibles Experts","4,9","(345)","Service d'extermination des nuisibles","·","12 Bd Gillet","Ouvert","·","07 44 30 06 84","https://francenuisiblesexperts.fr/","","Site Web","","Itinéraires","https://ssl.gstatic.com/local/servicebusiness/default_user.png","""Je recommande l’équipe de","· Ferme à 20:00"
"https://www.google.fr/maps/place/Ensystex+Marseille+:+Fournisseur+D%C3%A9ratisation+et+D%C3%A9sinsectisation/data=!4m7!3m6!1s0x12c9c115f73ded47:0x8963a53d41ee2626!8m2!3d43.3373213!4d5.3716029!16s%2Fg%2F11x0phdssh!19sChIJR-099xXByRIRJibuQT2lY4k?authuser=0&hl=fr&rclk=1","Ensystex Marseille : Fournisseur Dératisation et Désinsectisation","5,0","(80)","Service d'extermination des nuisibles","·","Centre d’affaire ANNEXX, 24 Rue Charles Tellier","Fermé","·","07 62 55 63 79","https://www.ensystex3d.fr/","","Site Web","","Itinéraires","https://ssl.gstatic.com/local/servicebusiness/default_user.png","""Son expertise et son engagement font toute la différence.""","· Ouvre à 09:00 mer."
"https://www.google.fr/maps/place/Action+3D/data=!4m7!3m6!1s0xa3803c6a036914f3:0x9ed8a92dda79fa6b!8m2!3d43.311859!4d5.4027597!16s%2Fg%2F11vxh6mvkg!19sChIJ8xRpA2o8gKMRa_p52i2p2J4?authuser=0&hl=fr&rclk=1","Action 3D","4,3","(12)","Service d'extermination des nuisibles","·","36 Bd de la Fédération","Ouvert","· Ferme à 20:00","06 67 32 48 17","","","Itinéraires","","","https://ssl.gstatic.com/local/servicebusiness/default_user.png","""Une disponibilité optimale ainsi que des services de qualité !""","·"
"https://www.google.fr/maps/place/La+Phoc%C3%A9enne/data=!4m7!3m6!1s0x12c9c066f67bfacb:0x9110c850959b44f3!8m2!3d43.3262965!4d5.3766194!16s%2Fg%2F1tkn4wtf!19sChIJy_p79mbAyRIR80SblVDIEJE?authuser=0&hl=fr&rclk=1","La Phocéenne","4,8","(25)","Service d'extermination des nuisibles","·","23 Bd Charles Moretti","Fermé","·","04 96 11 59 20","https://www.laphoceenne.fr/","","Site Web","","Itinéraires","https://ssl.gstatic.com/local/servicebusiness/default_user.png","""Cela fait plus de 20 ans que je fais appel à cette entreprise familiale.""","· Ouvre à 09:00 lun."
"https://www.google.fr/maps/place/Perfect+Nuisibles+13/data=!4m7!3m6!1s0xad18a72746a951e3:0x460abd0710b69619!8m2!3d43.2790033!4d5.4059315!16s%2Fg%2F11x2wczb8g!19sChIJ41GpRienGK0RGZa2EAe9CkY?authuser=0&hl=fr&rclk=1","Perfect Nuisibles 13","5,0","(35)","Service d'extermination des nuisibles","·","13 Rue Edouard Alexander","Ouvert 24h/24","·","07 49 91 93 37","https://www.perfect-nuisibles.fr/","","Site Web","","Itinéraires","https://ssl.gstatic.com/local/servicebusiness/default_user.png","""Très professionnel, le technicien est au top.""",""
"https://www.google.fr/maps/place/Terminablat/data=!4m7!3m6!1s0x12c9bf6423ec4c15:0x3ed0c0f3c55d3d29!8m2!3d43.3042443!4d5.4006617!16s%2Fg%2F1tgyyssr!19sChIJFUzsI2S_yRIRKT1dxfPA0D4?authuser=0&hl=fr&rclk=1","Terminablat","4,5","(133)","Service d'extermination des nuisibles","·","63 Bd Françoise Duparc","Fermé","·","04 91 85 17 17","http://www.terminablat.com/","","Site Web","","Itinéraires","https://ssl.gstatic.com/local/servicebusiness/default_user.png","""Professionnel réactive travail très bien fait je le recommande a 100%""","· Ouvre à 09:00 sam."
"https://www.google.fr/maps/place/Action+Nuisibles+%7C+D%C3%A9ratisation,+Punaise+de+Lit,+Cafards/data=!4m7!3m6!1s0x12c9bf605af2a61f:0x997440a6f971bcac!8m2!3d43.3006427!4d5.3960421!16s%2Fg%2F11pwygf88k!19sChIJH6byWmC_yRIRrLxx-aZAdJk?authuser=0&hl=fr&rclk=1","Action Nuisibles | Dératisation, Punaise de Lit, Cafards","5,0","(3)","Service d'extermination des nuisibles","·","1 Rue Raspail","Fermé","·","04 88 80 14 14","https://www.actionuisibles.fr/","","Site Web","","Itinéraires","https://ssl.gstatic.com/local/servicebusiness/default_user.png","""Je suis très content de leur prestation.""","· Ouvre à 08:00 lun."
"https://www.google.fr/maps/place/Azur+Hygi%C3%A8ne+%26+Protection/data=!4m7!3m6!1s0x12c9bf85afcfffff:0x91296be3cfd7a974!8m2!3d43.3256511!4d5.4011951!16s%2Fg%2F11pv41mvpt!19sChIJ___Pr4W_yRIRdKnXz-NrKZE?authuser=0&hl=fr&rclk=1","Azur Hygiène & Protection","4,1","(39)","Service d'extermination des nuisibles","·","182 Av. Corot","Ouvert","·","04 51 58 13 33","https://azur-hygiene-et-protection.fr/","","Site Web","","Itinéraires","https://ssl.gstatic.com/local/servicebusiness/default_user.png","""A pris le temps de traiter et de revenir pour vérifier.""","· Ferme à 23:00"
"https://www.google.fr/maps/place/Lemari%C3%A9+3D+PRO+-+D%C3%A9ratisation+Marseille+-+Punaise+de+lit+Rat+Blattes+Souris/data=!4m7!3m6!1s0x6b1f1480bdcf194b:0x7641648633dd7d7f!8m2!3d43.2803439!4d5.3806472!16s%2Fg%2F11lz8xk6yq!19sChIJSxnPvYAUH2sRf33dM4ZkQXY?authuser=0&hl=fr&rclk=1","Lemarié 3D PRO - Dératisation Marseille - Punaise de lit Rat Blattes Souris","5,0","(35)","Service d'extermination des nuisibles","","·","Ouvert 24h/24","","06 36 20 11 02","https://lemarie-3dpro.fr/","","Site Web","","Itinéraires","https://ssl.gstatic.com/local/servicebusiness/default_user.png","""J'ai été entièrement satisfait de la prestation, je recommande !""",""
"https://www.google.fr/maps/place/Stop+Insectes/data=!4m7!3m6!1s0x12c999851bea81d3:0xb29fbd0144221bb1!8m2!3d43.2903664!4d5.4371185!16s%2Fg%2F11fm71zyf5!19sChIJ04HqG4WZyRIRsRsiRAG9n7I?authuser=0&hl=fr&rclk=1","Stop Insectes","4,9","(45)","Service d'extermination des nuisibles","·","350 Av. de la Grognarde","Ouvert","·","06 29 67 89 10","http://stopinsectes-marseille.fr/","","Site Web","","Itinéraires","https://ssl.gstatic.com/local/servicebusiness/default_user.png","""Je recommande fortement cette entreprise.""","· Ferme à 20:30"
"https://www.google.fr/maps/place/A3DS/data=!4m7!3m6!1s0x12c9bf7f8bc26b55:0x6ee46ca54be261df!8m2!3d43.2848152!4d5.4372814!16s%2Fg%2F11pzhjcs4_!19sChIJVWvCi3-_yRIR32HiS6Vs5G4?authuser=0&hl=fr&rclk=1","A3DS","5,0","(52)","Service d'extermination des nuisibles","·","·","Fermé","173 Bd de Saint-Loup","06 60 52 25 11","http://www.a3ds.fr/","","Site Web","","Itinéraires","https://ssl.gstatic.com/local/servicebusiness/default_user.png","""très satisfais de la prestation de","· Ouvre à 09:00 sam."
"https://www.google.fr/maps/place/ATCF+3D+Marseille/data=!4m7!3m6!1s0x21bcc7e4844f9f83:0xb9b65888993c7dc6!8m2!3d43.3657429!4d5.367306!16s%2Fg%2F11sv1_l8y_!19sChIJg59PhOTHvCERxn08mYhYtrk?authuser=0&hl=fr&rclk=1","ATCF 3D Marseille","5,0","(63)","Service d'extermination des nuisibles","·","14 Bd des Oliviers","Ouvert","·","04 51 58 07 56","https://www.atcf-3d.fr/","","Site Web","","Itinéraires","https://ssl.gstatic.com/local/servicebusiness/default_user.png","""Leur intervention a été rapide et professionnelle.""","· Ferme à 20:00"
"https://www.google.fr/maps/place/Sohyca+Soci%C3%A9t%C3%A9+d%27Hygi%C3%A8ne+et+de+Chimie+Appliqu%C3%A9e/data=!4m7!3m6!1s0x12c9c084d27f4467:0x60d272779c94b74!8m2!3d43.3091722!4d5.3867979!16s%2Fg%2F11bzz235t0!19sChIJZ0R_0oTAyRIRdEvJeScnDQY?authuser=0&hl=fr&rclk=1","Sohyca Société d'Hygiène et de Chimie Appliquée","4,6","(11)","Service d'extermination des nuisibles","·","16 Rue Clovis Hugues","Fermé","·","04 91 64 85 12","https://www.sohyca.com/","","Site Web","","Itinéraires","https://ssl.gstatic.com/local/servicebusiness/default_user.png","""Nous la remercions pour son sérieux, son professionnalisme et sa réactivité.""","· Ouvre à 08:00 lun."
"https://www.google.fr/maps/place/ATTRAP+13+NUISIBLES/data=!4m7!3m6!1s0x12c9bfa981273381:0x5c80293fc45937ac!8m2!3d43.2879847!4d5.4657196!16s%2Fg%2F11qntb9sd4!19sChIJgTMngam_yRIRrDdZxD8pgFw?authuser=0&hl=fr&rclk=1","ATTRAP 13 NUISIBLES","4,8","(23)","Service d'extermination des nuisibles","·","56 Rue des Rimas","Ouvert 24h/24","·","07 66 63 63 12","https://attrap13nuisibles.com/","","Site Web","","Itinéraires","https://ssl.gstatic.com/local/servicebusiness/default_user.png","""J'avais un petit problème de fourmis chez moi, qui a finalement été résolu.""",""
"https://www.google.fr/maps/place/Predal+d%C3%A9ratisation/data=!4m7!3m6!1s0xaa289abc0b372aa1:0x2e3cb4f25aa15804!8m2!3d43.3687687!4d5.3352391!16s%2Fg%2F11x321bvvf!19sChIJoSo3C7yaKKoRBFihWvK0PC4?authuser=0&hl=fr&rclk=1","Predal dératisation","4,9","(13)","Service d'assainissement","·","293 Chem. de la Pelouque","Ouvert","·","06 48 84 13 43","http://www.predal.fr/","","Site Web","","Itinéraires","https://ssl.gstatic.com/local/servicebusiness/default_user.png","""Très professionnel, réactif et efficace
Je recommande à 💯""","· Ferme à 20:00"
"https://www.google.fr/maps/place/Innova+nuisibles/data=!4m7!3m6!1s0x12c9b9557742fe11:0x71132254b64beb00!8m2!3d43.2650922!4d5.4121518!16s%2Fg%2F11lthp3f1r!19sChIJEf5Cd1W5yRIRAOtLtlQiE3E?authuser=0&hl=fr&rclk=1","Innova nuisibles","5,0","(20)","Service d'extermination des nuisibles","·","22 Bd Roux","Ouvert","·","07 50 68 80 91","https://innova-nuisibles.fr/","","Site Web","","Itinéraires","https://ssl.gstatic.com/local/servicebusiness/default_user.png","""Ils sont intervenus rapidement et de manière très professionnelle.""","· Ferme à 20:00"
"https://www.google.fr/maps/place/Hygi%C3%A8ne+Biotech+Marseille/data=!4m7!3m6!1s0x12c9c77d2fbbf37b:0x95f6a27167e83868!8m2!3d43.2694715!4d5.3811929!16s%2Fg%2F11rkhq12mn!19sChIJe_O7L33HyRIRaDjoZ3Gi9pU?authuser=0&hl=fr&rclk=1","Hygiène Biotech Marseille","4,9","(27)","Service d'extermination des nuisibles","·","120 Rue du Commandant Rolland","Ouvert","·","04 65 84 88 89","https://hygiene-biotech.fr/","","Site Web","","Itinéraires","https://ssl.gstatic.com/local/servicebusiness/default_user.png","""Ponctuel, le technicien est très clair et très serviable, un plaisir.""","· Ferme à 20:00"
"https://www.google.fr/maps/place/Space+Control+Travaux+%26+Nuisibles+Marseille/data=!4m7!3m6!1s0x12c9c77428767ee1:0x9780bf9701b6dea3!8m2!3d43.2505732!4d5.375757!16s%2Fg%2F11x0ns8x1t!19sChIJ4X52KHTHyRIRo962AZe_gJc?authuser=0&hl=fr&rclk=1","Space Control Travaux & Nuisibles Marseille","5,0","(13)","Service d'extermination des nuisibles","·","215 Av. Pierre Mendès France","Ouvert","·","04 91 35 00 37","https://www.spacecontrol.fr/","","Site Web","","Itinéraires","https://ssl.gstatic.com/local/servicebusiness/default_user.png","""Ils ont bien ciblé le problème et depuis, tout est rentré dans l’ordre.""","· Ferme à 23:00"
"https://www.google.fr/maps/place/Solution+Nuisible/data=!4m7!3m6!1s0x12c9eb83a71ea9cd:0x41e43682973cb3eb!8m2!3d43.378625!4d5.35096!16s%2Fg%2F11h73rhygy!19sChIJzakep4PryRIR67M8l4I25EE?authuser=0&hl=fr&rclk=1","Solution Nuisible","4,7","(426)","Service d'extermination des nuisibles","·","Chemin du Moulin du Diable","Ouvert","· Ferme à 21:00","09 70 79 79 79","https://www.google.fr/aclk?sa=L&ai=DChsSEwi77-G4tcWSAxUtkoMHHWs-PNEYACICCAEQBBoCZWY&ae=2&aspm=1&co=1&ase=2&gclid=CjwKCAiAv5bMBhAIEiwAqP9GuJKsSqZ5rShZIupA110cTCRHed0voGbk2dL3fSLugCmpjSpeJrEX1hoCXYsQAvD_BwE&cce=2&category=acrcp_v1_35&sig=AOD64_3id390KJA4cR-pYiyPwfQUDyl_2g&adurl&q&ctype=99&nis=6","","Site Web","","Itinéraires","","","·"
"https://www.google.fr/maps/place/Hygi%C3%A8ne+Biocide+-+D%C3%A9ratisation+-+Punaise+de+lit/data=!4m7!3m6!1s0x12c9b925932799a5:0xd32eb3b0e3e0fb84!8m2!3d43.251424!4d5.394252!16s%2Fg%2F11f9zr73bm!19sChIJpZknkyW5yRIRhPvg47CzLtM?authuser=0&hl=fr&rclk=1","Hygiène Biocide - Dératisation - Punaise de lit","4,9","(79)","Service d'extermination des nuisibles","·","6 Avenue de l'Aillaude","Fermé","· Ouvre à 08:30 lun.","09 83 74 94 86","https://www.google.fr/aclk?sa=L&ai=DChsSEwi77-G4tcWSAxUtkoMHHWs-PNEYACICCAEQABoCZWY&co=1&ase=2&gclid=CjwKCAiAv5bMBhAIEiwAqP9GuOBU1M1rKkiL8IslBV8N7ws4F1wbU_MA0bhtlGv0AUfrs7IP904tWhoCGyYQAvD_BwE&cce=2&category=acrcp_v1_32&sig=AOD64_2B7RO7pjjcT0OVXWEj5-P5-pLiyA&adurl&q&ctype=99&nis=6","","Site Web","","Itinéraires","","","·"
"https://www.google.fr/maps/place/Hygi%C3%A8ne+Biocide+-+D%C3%A9ratisation+-+Punaise+de+lit/data=!4m7!3m6!1s0x12c9b925932799a5:0xd32eb3b0e3e0fb84!8m2!3d43.2514245!4d5.3942525!16s%2Fg%2F11f9zr73bm!19sChIJpZknkyW5yRIRhPvg47CzLtM?authuser=0&hl=fr&rclk=1","Hygiène Biocide - Dératisation - Punaise de lit","4,9","(79)","Service d'extermination des nuisibles","·","6 Av. de l'Aillaude","Fermé","·","09 83 74 94 86","https://www.hygiene-biocide.fr/","","Site Web","","Itinéraires","https://ssl.gstatic.com/local/servicebusiness/default_user.png","""Professionnalisme, réactivité et bon rapport qualité prix.""","· Ouvre à 08:30 lun."
"https://www.google.fr/maps/place/RAS+D%C3%A9ratisation/data=!4m7!3m6!1s0x12c9bf85110f7b9d:0xe8a3d9aae94d3e8f!8m2!3d43.2973557!4d5.4176212!16s%2Fg%2F11x7y57gpg!19sChIJnXsPEYW_yRIRjz5N6arZo-g?authuser=0&hl=fr&rclk=1","RAS Dératisation","","","Service d'extermination des nuisibles","·","160 Rue du Dr Cauvin","Ouvert 24h/24","·","06 11 65 72 21","https://www.ras-deratisation.fr/","","Site Web","","Itinéraires","","",""
"https://www.google.fr/maps/place/DPD%C3%A9sinsectisation/data=!4m7!3m6!1s0xae5c2cf06878b9d9:0x93df36c50aa46232!8m2!3d43.2883418!4d5.4071582!16s%2Fg%2F11t_wnpzpf!19sChIJ2bl4aPAsXK4RMmKkCsU235M?authuser=0&hl=fr&rclk=1","DPDésinsectisation","5,0","(1)","Service d'extermination des nuisibles","·","62 Bd Hilarion Bœuf","Ouvert","","","https://www.instagram.com/desinsectisation_dp/","","Site Web","","Itinéraires","https://ssl.gstatic.com/local/servicebusiness/default_user.png","""Intervention très rapide, jeune homme professionnel et réactif !""","· Ferme à 22:00"
"https://www.google.fr/maps/place/As+13+Desinfection/data=!4m7!3m6!1s0x12c9bf608c4c40e1:0xaf7203e9b4e0924f!8m2!3d43.2998791!4d5.3971013!16s%2Fg%2F1tg96yrs!19sChIJ4UBMjGC_yRIRT5LgtOkDcq8?authuser=0&hl=fr&rclk=1","As 13 Desinfection","5,0","(3)","Service d'extermination des nuisibles","·","61 Rue Marx Dormoy","Fermé","·","06 19 01 33 45","https://www.as13desinfection.fr/","","Site Web","","Itinéraires","","","· Ouvre à 09:00 lun."
"https://www.google.fr/maps/place/BRF+3D/data=!4m7!3m6!1s0x12c9bf7e548bb75b:0x8fa3b244fbe61a04!8m2!3d43.2954748!4d5.4746953!16s%2Fg%2F11j005bvzh!19sChIJW7eLVH6_yRIRBBrm-0Syo48?authuser=0&hl=fr&rclk=1","BRF 3D","5,0","(108)","Service d'extermination des nuisibles","·","12 Imp. de la Montre","Fermé","·","07 69 52 86 69","https://brf3d.fr/","","Site Web","","Itinéraires","https://ssl.gstatic.com/local/servicebusiness/default_user.png","""Je recommande pour le professionnalisme et l’efficacité.""","· Ouvre à 08:00 lun."
"https://www.google.fr/maps/place/SANIT+H/data=!4m7!3m6!1s0x12c9c03901941d43:0x519ad8476aea86ec!8m2!3d43.3417993!4d5.366864!16s%2Fg%2F1tg977h7!19sChIJQx2UATnAyRIR7IbqakfYmlE?authuser=0&hl=fr&rclk=1","SANIT H","2,9","(23)","Service d'extermination des nuisibles","·","120 Av. Ibrahim Ali 15ème","Fermé","·","04 91 95 88 44","https://www.sanith.fr/","","Site Web","","Itinéraires","https://ssl.gstatic.com/local/servicebusiness/default_user.png","""Merci beaucoup pour les techniciens de Sanit H je l'ai recommande.""","· Ouvre à 08:00 lun."
"https://www.google.fr/maps/place/Doc+nuisible/data=!4m7!3m6!1s0x12c9c7d08bee3777:0xaff7609690f31327!8m2!3d43.2759176!4d5.3888875!16s%2Fg%2F11svc0qbxz!19sChIJdzfui9DHyRIRJxPzkJZg968?authuser=0&hl=fr&rclk=1","Doc nuisible","5,0","(7)","Service d'extermination des nuisibles","·","230 Av. du Prado","Fermé","·","07 83 86 04 78","http://docnuisible.fr/","","Site Web","","Itinéraires","https://ssl.gstatic.com/local/servicebusiness/default_user.png","""Excellente prestation !""","· Ouvre à 09:00 dim."
"https://www.google.fr/maps/place/Hygiene+Partner+-+Soci%C3%A9t%C3%A9+antinuisibles+%C3%A0+Marseille/data=!4m7!3m6!1s0x12c9c0aa0f346caf:0x792266c1c24da142!8m2!3d43.2756633!4d5.3957014!16s%2Fg%2F1thh4ygs!19sChIJr2w0D6rAyRIRQqFNwsFmInk?authuser=0&hl=fr&rclk=1","Hygiene Partner - Société antinuisibles à Marseille","5,0","(7)","Service d'extermination des nuisibles","·","200 Av. Jules Cantini Bât A","Ferme bientôt","·","04 91 78 99 18","https://www.hygienepartner.fr/?utm_source=gmb","","Site Web","","Itinéraires","https://ssl.gstatic.com/local/servicebusiness/default_user.png","""Tres professionnel Compétent  A l'écoute du client  Je recommande fortement""","· 19:00 · Ouvre à 07:00 sam."
"https://www.google.fr/maps/place/Clean+Services+Mediterranee/data=!4m7!3m6!1s0x12c9c04f4996c82b:0xa3381a5a2c7746f8!8m2!3d43.3339396!4d5.3612131!16s%2Fg%2F11b6dfvjqd!19sChIJK8iWSU_AyRIR-EZ3LFoaOKM?authuser=0&hl=fr&rclk=1","Clean Services Mediterranee","","","Ramoneur","·","1a Bd Arthur Michaud","Ferme bientôt","·","07 82 36 73 04","https://kamelbarni.wixsite.com/cleanservices","","Site Web","","Itinéraires","","","· 19:00 · Ouvre à 08:00 lun."
"https://www.google.fr/maps/place/Hygi%C3%A8ne+Pr%C3%A9vention/data=!4m7!3m6!1s0x12c9c0217fa1bc0d:0x943af4636bd33122!8m2!3d43.3519239!4d5.3698066!16s%2Fg%2F1thjqz_x!19sChIJDbyhfyHAyRIRIjHTa2P0OpQ?authuser=0&hl=fr&rclk=1","Hygiène Prévention","4,4","(11)","Service d'extermination des nuisibles","·","42 Bd de la Padouane","Fermé","·","04 91 37 15 68","https://www.facebook.com/Hygieneprevention/?eid=ARCccSbL-fM4_TSW99tr_f-5TqFSWqO2xEuw4q6dLI8QSmWYCZz5k34ZeLug0yBEFisLE7-CozivJ_TL","","Site Web","","Itinéraires","https://ssl.gstatic.com/local/servicebusiness/default_user.png","""Qualité de prestation haut de gamme.""","· Ouvre à 08:30 lun."
"https://www.google.fr/maps/place/aats+multiservices:+urgence+g%C3%AApes+frelons+fourmis+d%C3%A9ratisation+bouches+du+Rh%C3%B4ne/data=!4m7!3m6!1s0x417e4f5ec74c8c3:0x58e17552f4e5eb04!8m2!3d43.321966!4d5.4946097!16s%2Fg%2F11srrqx0tg!19sChIJw8h07PXkFwQRBOvl9FJ14Vg?authuser=0&hl=fr&rclk=1","aats multiservices: urgence gêpes frelons fourmis dératisation bouches du Rhône","5,0","(31)","Service d'extermination des nuisibles","·","181 Chem. de Barbaraou","Ferme bientôt","·","06 50 91 38 28","https://aats-multiservices.com/","","Site Web","","Itinéraires","https://ssl.gstatic.com/local/servicebusiness/default_user.png","""Excellent travail pour un prix plus que raisonnable.""","· 19:00 · Ouvre à 09:00 sam."
"https://www.google.fr/maps/place/Sanit+H/data=!4m7!3m6!1s0x12c9c1d210300001:0xfba9c7fbd1367fa8!8m2!3d43.3498308!4d5.3476374!16s%2Fg%2F11j2yqc8n8!19sChIJAQAwENLByRIRqH820fvHqfs?authuser=0&hl=fr&rclk=1","Sanit H","2,7","(6)","Service d'extermination des nuisibles","·","90 Chem. du Ruisseau Mirabeau","","","04 91 62 63 41","https://www.sanith.fr/","","Site Web","","Itinéraires","https://ssl.gstatic.com/local/servicebusiness/default_user.png","""Bravo à vous.""",""
"https://www.google.fr/maps/place/Brigade+Extr%C3%AAme/data=!4m7!3m6!1s0x12c9bfcf0987433b:0xd2cb96cbbeceafea!8m2!3d43.290735!4d5.4234191!16s%2Fg%2F11qnll8d5g!19sChIJO0OHCc-_yRIR6q_OvsuWy9I?authuser=0&hl=fr&rclk=1","Brigade Extrême","5,0","(20)","Services de nettoyage","·","601 Rue Saint-Pierre","Fermé","·","04 84 89 60 17","http://www.brigade-extreme.fr/","","Site Web","","Itinéraires","https://ssl.gstatic.com/local/servicebusiness/default_user.png","""Ils sont intervenus rapidement et efficacement.""","· Ouvre à 08:00 lun."
"https://www.google.fr/maps/place/3dlab+hygiene/data=!4m7!3m6!1s0x12c9c79e13fffa31:0x7a50bbbc1f7976df!8m2!3d43.2410962!4d5.3773691!16s%2Fg%2F11cfhkmm0!19sChIJMfr_E57HyRIR33Z5H7y7UHo?authuser=0&hl=fr&rclk=1","3dlab hygiene","5,0","(2)","Service d'extermination des nuisibles","·","69 Trav. Tiboulen","Ouvert","·","06 50 12 03 22","https://3dlab-nuisibles.fr/","","Site Web","","Itinéraires","","","· Ferme à 20:00"
"https://www.google.fr/maps/place/Provence+Hygi%C3%A8ne/data=!4m7!3m6!1s0x12c9ea76efd2afb1:0x6b631bc99b27f1f7!8m2!3d43.3622063!4d5.3380864!16s%2Fg%2F1tf3l325!19sChIJsa_S73bqyRIR9_Enm8kbY2s?authuser=0&hl=fr&rclk=1","Provence Hygiène","5,0","(13)","Services de nettoyage","·","93 Chem. du Passet","Fermé","·","04 91 81 61 92","https://provencehygiene.jimdofree.com/","","Site Web","","Itinéraires","https://ssl.gstatic.com/local/servicebusiness/default_user.png","""Des pros surtout Cyril, il trouve la panne et l’efface !""","· Ouvre à 08:00 lun."
"https://www.google.fr/maps/place/Sapian/data=!4m7!3m6!1s0x12c9c14faf316091:0xa035e595221043c6!8m2!3d43.3437218!4d5.3640623!16s%2Fg%2F11lh2vjm36!19sChIJkWAxr0_ByRIRxkMQIpXlNaA?authuser=0&hl=fr&rclk=1","Sapian","4,1","(8)","Service d'extermination des nuisibles","·","151 Av. Ibrahim Ali LOT 15","Fermé","·","04 96 15 73 20","https://www.sapian.fr/agences/agence-marseille","","Site Web","","Itinéraires","https://ssl.gstatic.com/local/servicebusiness/default_user.png","""Très réactif, travail soigné et propre.""","· Ouvre à 08:00 lun."
"https://www.google.fr/maps/place/MARSEILLE+NUISIBLES+-+cafards+-+punaises+de+lit+-+frelons+-+gu%C3%AApes/data=!4m7!3m6!1s0x8f238432e6dd5019:0xe6c77ccf760469c!8m2!3d43.2811225!4d5.3972234!16s%2Fg%2F11vzkwbvr7!19sChIJGVDd5jKEI48RnEZg98x3bA4?authuser=0&hl=fr&rclk=1","MARSEILLE NUISIBLES - cafards - punaises de lit - frelons - guêpes","5,0","(37)","Service d'extermination des nuisibles","","·","Ouvert","","06 82 36 97 17","http://www.marseille-nuisibles.fr/?utm_source=gmb","","Site Web","","Itinéraires","https://ssl.gstatic.com/local/servicebusiness/default_user.png","""Réalisation de l'intervention de manière efficace et rapide.""","· Ferme à 21:00"
"https://www.google.fr/maps/place/MAZAL/data=!4m7!3m6!1s0x12c9bfe18e266757:0xb61edcb9eb1d662c!8m2!3d43.3247172!4d5.402679!16s%2Fg%2F11j211w6tr!19sChIJV2cmjuG_yRIRLGYd67ncHrY?authuser=0&hl=fr&rclk=1","MAZAL","1,0","(2)","Service d'extermination des nuisibles","·","Av. Corot","","","06 13 33 32 46","","","Itinéraires","","","","",""
"https://www.google.fr/maps/place/Service+Anti+Nuisibles/data=!4m7!3m6!1s0x440eaf20ddd653e3:0x52d532f288a29f02!8m2!3d44.0544368!4d5.9746044!16s%2Fg%2F11vk1_vsmk!19sChIJ41PW3SCvDkQRAp-iiPIy1VI?authuser=0&hl=fr&rclk=1","Service Anti Nuisibles","4,9","(1 055)","Service d'extermination des nuisibles","","·","Ouvert","","06 70 11 78 70","https://www.service-anti-nuisibles.fr/","","Site Web","","Itinéraires","https://ssl.gstatic.com/local/servicebusiness/default_user.png","""Je ne peux que recommander à 100% ce service de","· Ferme à 22:00"
"https://www.google.fr/maps/place/Space+Control/data=!4m7!3m6!1s0xa161d76207cf650b:0xdd0d84da3998a89f!8m2!3d43.2851838!4d5.5211409!16s%2Fg%2F11w1c7wvyf!19sChIJC2XPB2LXYaERn6iYOdqEDd0?authuser=0&hl=fr&rclk=1","Space Control","5,0","(122)","Service d'extermination des nuisibles","·","Parc De L'angeviniere, 900 Chem. de l'Aumône Vieille Bât A4","Ouvert","·","04 91 35 00 37","https://www.spacecontrol.fr/?utm_source=gmb","","Site Web","","Itinéraires","https://ssl.gstatic.com/local/servicebusiness/default_user.png","""Le travail est fait en temps et en heure, très professionnel.""","· Ferme à 23:00"