"hfpxzc href","qBF1Pd","MW4etd","UY7F9","W4Efsd","W4Efsd 2","W4Efsd 3","W4Efsd 4","W4Efsd 5","W4Efsd 6","UsdlK","lcr4fd href","Cw1rxd","R8c4Qb","Cw1rxd 2","R8c4Qb 2","Jn12ke src","ah5Ghc","doJOZc","W4Efsd 7","ah5Ghc 2","ah5Ghc 3"
"","","","","","","","","","","","","","","","","","","","","",""
"","","","","","","","","","","","","","","","","","","","","",""
"https://www.google.fr/maps/place/Suzuki+Japasud+Marseille/data=!4m7!3m6!1s0x12c9b8ac6b955555:0x22349164f968dbb8!8m2!3d43.276051!4d5.400254!16s%2Fg%2F1td8fl3h!19sChIJVVWVa6y4yRIRuNto-WSRNCI?authuser=0&hl=fr&rclk=1","Suzuki Japasud Marseille","4,7","(344)","Concessionnaire automobile","·","4 Boulevard des Aciéries","Ferme bientôt","· 19:00 · Ouvre à 09:00 sam.","·","04 91 17 71 17","https://www.google.fr/aclk?sa=L&ai=DChsSEwjK-4rdscWSAxXfomgJHYMENwAYACICCAEQAhoCd2Y&co=1&ase=2&gclid=CjwKCAiAv5bMBhAIEiwAqP9GuFTlEIJEOMET_61p7kHgKCuGqYoSLxt6gr4bVzRKjex8EJ7QOh7XOxoCTgQQAvD_BwE&cce=2&category=acrcp_v1_32&sig=AOD64_0FYbCZBGlDeqdkMA-2r1xD96Xg8g&adurl&q&ctype=99&nis=6","","Site Web","","Itinéraires","https://ssl.gstatic.com/images/icons/material/system/2x/close_gm_red600_24dp.png","Livraison","","","",""
"https://www.google.fr/maps/place/Feu+Vert/data=!4m7!3m6!1s0x12c9ea7e76cd4e0d:0x2cd3dbfeff558249!8m2!3d43.36247!4d5.349424!16s%2Fg%2F11b6dp0fzm!19sChIJDU7Ndn7qyRIRSYJV__7b0yw?authuser=0&hl=fr&rclk=1","Feu Vert","3,8","(1 530)","Garage automobile","·","11 Avenue de saint antoine","Ferme bientôt","· 19:00 · Ouvre à 09:00 sam.","·","04 91 65 87 80","https://www.google.fr/aclk?sa=L&ai=DChsSEwjK-4rdscWSAxXfomgJHYMENwAYACICCAEQCRoCd2Y&co=1&ase=2&gclid=CjwKCAiAv5bMBhAIEiwAqP9GuCgs75opCm6RRaNmHh4w7RByaWJzjZdCyDwGwdg1F3X1f2-9fI4SEhoCx1AQAvD_BwE&cce=2&category=acrcp_v1_32&sig=AOD64_01mPmsBe6XUGgSgDDjXShgpheH6w&adurl&q&ctype=99&nis=6","","Site Web","","Itinéraires","","","","","",""
"https://www.google.fr/maps/place/Garage+MARCEAU/data=!4m7!3m6!1s0x12c9c19800ba9fb7:0x71702df22a424d3d!8m2!3d43.3051044!4d5.3739212!16s%2Fg%2F11m__y5s29!19sChIJt5-6AJjByRIRPU1CKvItcHE?authuser=0&hl=fr&rclk=1","Garage MARCEAU","4,4","(109)","Garage automobile","·","·","18 Pl. Marceau","Ouvert","· Ferme à 20:30","06 75 67 28 19","https://www.vroomly.com/garages/garage-marceau-13003-marceau/","","Site Web","","Itinéraires","https://ssl.gstatic.com/local/servicebusiness/default_user.png","""Super","","·","garage",", transparent et bon prix"""
"https://www.google.fr/maps/place/Garage+de+l%27%C3%A9v%C3%AAch%C3%A9/data=!4m7!3m6!1s0x12c9c0e9edbbbee7:0x7cd2662c8a34269a!8m2!3d43.3017071!4d5.3672576!16s%2Fg%2F11ckwf56mb!19sChIJ57677enAyRIRmiY0iixm0nw?authuser=0&hl=fr&rclk=1","Garage de l'évêché","4,8","(42)","Atelier de mécanique automobile","·","·","96 Rue de l'Évêché","Fermé","· Ouvre à 08:00 lun.","04 91 91 86 17","","","Itinéraires","","","https://ssl.gstatic.com/local/servicebusiness/default_user.png","""... pour prendre rdv, il y a un peu d'attente car c'est un petit","","·","garage","."""
"https://www.google.fr/maps/place/Garage+des+Dames/data=!4m7!3m6!1s0x12c9c0eafc2db469:0xc33d4f31541b38d3!8m2!3d43.3023624!4d5.3708446!16s%2Fg%2F1tsyxr5p!19sChIJabQt_OrAyRIR0zgbVDFPPcM?authuser=0&hl=fr&rclk=1","Garage des Dames","4,9","(63)","Atelier de réparation automobile","·","·","48 Bd des Dames","Fermé","· Ouvre à 08:00 lun.","04 91 90 02 90","","","Itinéraires","","","https://ssl.gstatic.com/local/servicebusiness/default_user.png","""Super","","·","garage",", personnel arrangeant et efficace !"""
"https://www.google.fr/maps/place/New+Station+Vieux+Port+-+Garage+Marseille/data=!4m7!3m6!1s0x12c9c0c1621d22b7:0x6b3a3184b517fe48!8m2!3d43.2971!4d5.36802!16s%2Fg%2F1vk4r158!19sChIJtyIdYsHAyRIRSP4XtYQxOms?authuser=0&hl=fr&rclk=1","New Station Vieux Port - Garage Marseille","3,6","(87)","Garage automobile","·","·","20 Rue Caisserie","","","04 82 29 60 05","https://station-du-vieux-port.fr/","","Site Web","","Itinéraires","https://ssl.gstatic.com/local/servicebusiness/default_user.png","""Très serviable station service de proximité bien pratique je recommande""","","·","",""
"https://www.google.fr/maps/place/Garage+des+Tyrans/data=!4m7!3m6!1s0x12c9c0c637e52c6b:0x907b50d3be301d18!8m2!3d43.2916866!4d5.3697886!16s%2Fg%2F11b6dqzfpc!19sChIJayzlN8bAyRIRGB0wvtNQe5A?authuser=0&hl=fr&rclk=1","Garage des Tyrans","4,3","(16)","Atelier de réparation automobile","·","·","4 Rue des Tyrans","Ferme bientôt","· 18:30 · Ouvre à 08:15 lun.","","","","Itinéraires","","","https://ssl.gstatic.com/local/servicebusiness/default_user.png","""C'est un vrai professionnel et passionné dans son milieu.""","","","",""
"https://www.google.fr/maps/place/Provence+Bleu+Garage+Auto/data=!4m7!3m6!1s0x12c9c1b560e1e171:0x15baeefd244d02a5!8m2!3d43.3327126!4d5.3589667!16s%2Fg%2F11vszf8y93!19sChIJceHhYLXByRIRpQJNJP3uuhU?authuser=0&hl=fr&rclk=1","Provence Bleu Garage Auto","5,0","(2)","Atelier de mécanique automobile","·","250 Chem. de la Madrague-Ville","·","Ouvert","· Ferme à 20:00","06 05 69 87 36","https://www.facebook.com/profile.php?id=61556586663372","","Site Web","","Itinéraires","https://ssl.gstatic.com/local/servicebusiness/default_user.png","""Personnelles très professionnel je recommande fortement 🙏""","","","",""
"https://www.google.fr/maps/place/Bmf+Auto/data=!4m7!3m6!1s0x12c9c1ccf9dc558d:0x78a53f8049f8c59d!8m2!3d43.2972051!4d5.3689144!16s%2Fg%2F11v0cbdq6q!19sChIJjVXc-czByRIRncX4SYA_pXg?authuser=0&hl=fr&rclk=1","Bmf Auto","4,5","(17)","Mécanicien","·","7 Imp. Roqueplan","·","Ouvert","· Ferme à 19:30","07 51 44 33 55","","","Itinéraires","","","https://ssl.gstatic.com/local/servicebusiness/default_user.png","""Bon petit","","","garage",", mécaniciens compétents et prix très honnêtes."""
"https://www.google.fr/maps/place/Garage+Jules+Guesde/data=!4m7!3m6!1s0x12c9c0ebaadccaf9:0x5c65c316570a141f!8m2!3d43.302596!4d5.3702777!16s%2Fg%2F11b6dpy272!19sChIJ-crcquvAyRIRHxQKVxbDZVw?authuser=0&hl=fr&rclk=1","Garage Jules Guesde","5,0","(2)","Garage automobile","·","61 Rue de la Joliette","","","","04 91 56 02 75","","","Itinéraires","","","","","","","",""
"https://www.google.fr/maps/place/Garage+du+Grand+Domaine/data=!4m7!3m6!1s0x12c9c0ead05f8479:0x2d21453809dc6fa0!8m2!3d43.3020146!4d5.3724241!16s%2Fg%2F1v3g6g7q!19sChIJeYRf0OrAyRIRoG_cCThFIS0?authuser=0&hl=fr&rclk=1","Garage du Grand Domaine","4,5","(28)","Garage automobile","·","·","24 Bd des Dames","Fermé","· Ouvre à 08:00 sam.","04 91 90 41 51","https://www.ggdomaine.com/","","Site Web","","Itinéraires","https://ssl.gstatic.com/local/servicebusiness/default_user.png","""","","·","Garage","et remorquage au top !!"""
"https://www.google.fr/maps/place/Garage+Saint+Mauront/data=!4m7!3m6!1s0x12c9c08b183b3edd:0x215af1b1903d1eca!8m2!3d43.3163353!4d5.3744836!16s%2Fg%2F113hr8945!19sChIJ3T47GIvAyRIRyh49kLHxWiE?authuser=0&hl=fr&rclk=1","Garage Saint Mauront","4,5","(14)","Atelier de réparation automobile","·","96 Rue Félix Pyat","·","Ferme bientôt","· 19:00 · Ouvre à 08:00 lun.","04 91 62 69 58","","","Itinéraires","","","https://ssl.gstatic.com/local/servicebusiness/default_user.png","""Un garagiste qui travaille en famille et qui fait honneur à sa profession.""","","","",""
"https://www.google.fr/maps/place/Garage+De+La+Marine/data=!4m7!3m6!1s0x12c9c0c622ad02bf:0x45188c902c30f580!8m2!3d43.2910438!4d5.3692766!16s%2Fg%2F1tfd9nf8!19sChIJvwKtIsbAyRIRgPUwLJCMGEU?authuser=0&hl=fr&rclk=1","Garage De La Marine","4,6","(114)","Garage automobile","·","·","109 Rue Sainte 109 111 113","Ferme bientôt","· 19:00 · Ouvre à 08:00 lun.","04 91 33 90 20","http://www.garage-renault-marseille.fr/","","Site Web","","Itinéraires","https://ssl.gstatic.com/local/servicebusiness/default_user.png","""","","·","Garage","top, très serviable, pro, et patient."""
"https://www.google.fr/maps/place/Garage+Chateaubriand/data=!4m7!3m6!1s0x12c9c0d3e889e40d:0xc3c39ff7f7814f1f!8m2!3d43.2855619!4d5.3586015!16s%2Fg%2F11c5rmhjlw!19sChIJDeSJ6NPAyRIRH0-B9_efw8M?authuser=0&hl=fr&rclk=1","Garage Chateaubriand","4,4","(34)","Garage automobile","·","·","68 Rue Châteaubriand","Ferme bientôt","· 19:00 · Ouvre à 10:00 sam.","07 82 26 46 86","","","Itinéraires","","","https://ssl.gstatic.com/local/servicebusiness/default_user.png","""Excellente prise en charge suite a une panne importante.""","","·","",""
"https://www.google.fr/maps/place/M%C3%A9canique+-+%C3%89lectronique+-+Electricit%C3%A9+Auto+-+A%26T+Autotrade+%E2%80%93+Entretien,+Diagnostic/data=!4m7!3m6!1s0x12c9c1459737fb0b:0xc27656431a907136!8m2!3d43.3037232!4d5.371061!16s%2Fg%2F11lyxrh38r!19sChIJC_s3l0XByRIRNnGQGkNWdsI?authuser=0&hl=fr&rclk=1","Mécanique - Électronique - Electricité Auto - A&T Autotrade – Entretien, Diagnostic","4,7","(19)","Garage automobile","·","44A Rue Montolieu","·","","","07 59 65 75 90","","","Itinéraires","","","https://ssl.gstatic.com/local/servicebusiness/default_user.png","""Un un bon entretien dans l’ensemble du travail service rapide est assuré""","","","",""
"https://www.google.fr/maps/place/Garage+Du+Coteau+-+Citro%C3%ABn/data=!4m7!3m6!1s0x12c9c0d192b2b539:0x80aa52323e37ae52!8m2!3d43.2866597!4d5.3611952!16s%2Fg%2F1tf4hdnd!19sChIJObWyktHAyRIRUq43PjJSqoA?authuser=0&hl=fr&rclk=1","Garage Du Coteau - Citroën","4,7","(86)","Garage automobile","·","41 Rue du Coteau","·","Ferme bientôt","· 18:30 · Ouvre à 08:00 lun.","04 91 31 07 52","https://reseau.citroen.fr/reparateur-marseille-07","","Site Web","","Itinéraires","https://ssl.gstatic.com/local/servicebusiness/default_user.png","""Pleinement satisfait
des prestations de ce","","","garage",", et ce à tous les niveaux."""
"https://www.google.fr/maps/place/Garage+Massilia/data=!4m7!3m6!1s0x12c9c0f498941309:0x8a82567295a750a1!8m2!3d43.3149149!4d5.3716604!16s%2Fg%2F11g6m8swnv!19sChIJCROUmPTAyRIRoVCnlXJWgoo?authuser=0&hl=fr&rclk=1","Garage Massilia","","","Atelier de réparation automobile","·","·","428A Bd National","","","04 91 62 37 51","","","Itinéraires","","","","","","","",""
"https://www.google.fr/maps/place/GARAGE+OHANIAN+%7C+Garage+auto+Marseille+-+Diagnostic+auto+Marseille+-+Mecan%27Auto/data=!4m7!3m6!1s0x12c9c12ffcbfe415:0x8e88852fe7511128!8m2!3d43.3096926!4d5.3821359!16s%2Fg%2F11y3560gfm!19sChIJFeS__C_ByRIRKBFR5y-FiI4?authuser=0&hl=fr&rclk=1","GARAGE OHANIAN | Garage auto Marseille - Diagnostic auto Marseille - Mecan'Auto","4,8","(58)","Garage automobile","·","5 Rue Henri Auzias","·","Ferme bientôt","· 18:30 · Ouvre à 10:00 sam.","04 86 68 90 50","https://garage-ohanian.com/","","Site Web","","Itinéraires","https://ssl.gstatic.com/local/servicebusiness/default_user.png","""Un","","","garage","super réalisé efficace et travaille bien."""
"https://www.google.fr/maps/place/Garage+Sene/data=!4m7!3m6!1s0x12c9c0604df47b41:0xdee24d6ebf5bc0b1!8m2!3d43.3209161!4d5.3755117!16s%2Fg%2F11c575j9g1!19sChIJQXv0TWDAyRIRscBbv25N4t4?authuser=0&hl=fr&rclk=1","Garage Sene","4,7","(13)","Atelier de réparation automobile","·","50 Bd Ferdinand de Lesseps","·","Ferme bientôt","· 18:30 · Ouvre à 08:00 lun.","046856262","","","Itinéraires","","","https://ssl.gstatic.com/local/servicebusiness/default_user.png","""Au top tellement gentil et sérieux merci""","","","",""
"https://www.google.fr/maps/place/DORIA+MOTORS/data=!4m7!3m6!1s0x12c9c12153995661:0xa875deb13d78275c!8m2!3d43.3078988!4d5.3798664!16s%2Fg%2F11vm9r9kj8!19sChIJYVaZUyHByRIRXCd4PbHedag?authuser=0&hl=fr&rclk=1","DORIA MOTORS","4,9","(69)","Garage automobile","·","·","17 Rue du S et du Père Louis Thérobe","Ferme bientôt","· 18:30 · Ouvre à 08:45 lun.","04 86 77 75 76","","","Itinéraires","","","https://ssl.gstatic.com/local/servicebusiness/default_user.png","""Bon travail,","","·","garage","pro et révision offerte, tres satisfaite!"""
"https://www.google.fr/maps/place/GARAGE+DES+MURIERS+-+MARSEILLE/data=!4m7!3m6!1s0x12c9c187d5fdc96f:0xf061646a41457f7b!8m2!3d43.3290293!4d5.3632565!16s%2Fg%2F11h10d9pxd!19sChIJb8n91YfByRIRe39FQWpkYfA?authuser=0&hl=fr&rclk=1","GARAGE DES MURIERS - MARSEILLE","4,6","(27)","Garage automobile","·","·","6 Rue Jean-Marie Chaise","Fermé","· Ouvre à 09:00 sam.","06 19 42 49 62","","","Itinéraires","","","https://ssl.gstatic.com/local/servicebusiness/default_user.png","""","","·","Garage","et garagiste très fiable vous pouvez Y aller les yeux fermés."""
"https://www.google.fr/maps/place/Centre+Auto+Car%27s+Design+13+M%C3%A9canique,+Carrosserie,+Bris+de+glace.+Week-end,+ouvert+uniquement+pour+pannes+ou+accidents./data=!4m7!3m6!1s0x12c9c089f3f18845:0x9485ef0dbd9b3628!8m2!3d43.3181375!4d5.3784281!16s%2Fg%2F12lk3c8p1!19sChIJRYjx84nAyRIRKDabvQ3vhZQ?authuser=0&hl=fr&rclk=1","Centre Auto Car's Design 13 Mécanique, Carrosserie, Bris de glace. Week-end, ouvert uniquement pour pannes ou accidents.","4,8","(322)","Atelier de carrosserie automobile","·","·","2 Rue Neuve Sainte-Anne","Ferme bientôt","· 18:30 · Ouvre à 00:00 sam.","04 91 81 82 42","https://carsdesign13.fr/","","Site Web","","Itinéraires","https://ssl.gstatic.com/local/servicebusiness/default_user.png","""","","·","Garage","fiable et compétant a des prix raisonnables."""
"https://www.google.fr/maps/place/Feu+Vert/data=!4m7!3m6!1s0x12c9ea7e76cd4e0d:0x2cd3dbfeff558249!8m2!3d43.36247!4d5.349424!16s%2Fg%2F11b6dp0fzm!19sChIJDU7Ndn7qyRIRSYJV__7b0yw?authuser=0&hl=fr&rclk=1","Feu Vert","3,8","(1 530)","Garage automobile","·","11 Avenue de saint antoine","Ferme bientôt","· 19:00 · Ouvre à 09:00 sam.","·","04 91 65 87 80","https://www.google.fr/aclk?sa=L&ai=DChsSEwjLwb7uscWSAxXwp4MHHSLyO6IYACICCAEQABoCZWY&co=1&ase=2&gclid=CjwKCAiAv5bMBhAIEiwAqP9GuBIQ2NkFBExRsrf6G3azJDjkKD1AQYHlPuHBjQlPRWs49HzAptFORxoCJ_oQAvD_BwE&cce=2&category=acrcp_v1_32&sig=AOD64_3XMnCs2LULdXWWK794LMwEZKZfPg&adurl&q&ctype=99&nis=6","","Site Web","","Itinéraires","","","","","",""
"https://www.google.fr/maps/place/Suzuki+Japasud+Marseille/data=!4m7!3m6!1s0x12c9b8ac6b955555:0x22349164f968dbb8!8m2!3d43.276051!4d5.400254!16s%2Fg%2F1td8fl3h!19sChIJVVWVa6y4yRIRuNto-WSRNCI?authuser=0&hl=fr&rclk=1","Suzuki Japasud Marseille","4,7","(344)","Concessionnaire automobile","·","4 Boulevard des Aciéries","Ferme bientôt","· 19:00 · Ouvre à 09:00 sam.","·","04 91 17 71 17","https://www.google.fr/aclk?sa=L&ai=DChsSEwjLwb7uscWSAxXwp4MHHSLyO6IYACICCAEQBRoCZWY&co=1&ase=2&gclid=CjwKCAiAv5bMBhAIEiwAqP9GuMX0HkttAg6NxRwEUy7NG9gm6wHij_8G6KoCLa8ZBDMD-FX1Y--4ThoCizoQAvD_BwE&cce=2&category=acrcp_v1_32&sig=AOD64_0vW5GY7lK0zVUnl64lIf_y2mwUWA&adurl&q&ctype=99&nis=6","","Site Web","","Itinéraires","https://ssl.gstatic.com/images/icons/material/system/2x/close_gm_red600_24dp.png","Livraison","","","",""
"https://www.google.fr/maps/place/carrosserie+2a13/data=!4m7!3m6!1s0x12c9c08cf3e6e97b:0x66f868c82c4fc65c!8m2!3d43.3128632!4d5.3752394!16s%2Fg%2F11g7z5d7j5!19sChIJe-nm84zAyRIRXMZPLMho-GY?authuser=0&hl=fr&rclk=1","carrosserie 2a13","4,8","(109)","Atelier de réparation automobile","·","·","327 Bd National","Ouvert","· Ferme à 20:00","09 80 84 78 41","http://www.carrosserie2a13.com/","","Site Web","","Itinéraires","https://ssl.gstatic.com/local/servicebusiness/default_user.png","""Entreprise très compétente, travaux de qualité !""","","·","",""
"https://www.google.fr/maps/place/Garage+Petros/data=!4m7!3m6!1s0x12c9c0f5b6567621:0xf219f2fb1d58b5b2!8m2!3d43.3173914!4d5.3690871!16s%2Fg%2F1tjwkv7x!19sChIJIXZWtvXAyRIRsrVYHfvyGfI?authuser=0&hl=fr&rclk=1","Garage Petros","4,3","(10)","Garage automobile","·","13 Trav. du Bachas","·","Fermé","· Ouvre à 09:00 lun.","06 18 12 06 97","","","Itinéraires","","","https://ssl.gstatic.com/local/servicebusiness/default_user.png","""Il sera désormais mon","","","garage","pour mes réparations."""
"https://www.google.fr/maps/place/Garage+Bds+Auto/data=!4m7!3m6!1s0x12c9c08b6c89ee71:0x721716860f72e81e!8m2!3d43.3154288!4d5.3747186!16s%2Fg%2F11gg67vpm_!19sChIJce6JbIvAyRIRHuhyD4YWF3I?authuser=0&hl=fr&rclk=1","Garage Bds Auto","4,9","(14)","Atelier de réparation automobile","·","·","72 Rue Félix Pyat","Fermé","· Ouvre à 09:00 lun.","06 13 63 86 29","","","Itinéraires","","","https://ssl.gstatic.com/local/servicebusiness/default_user.png","""Très bon","","·","garage",""""
"https://www.google.fr/maps/place/Garage+Des+Dunes/data=!4m7!3m6!1s0x12c9c050403e8795:0xaa9484e14dd8cf1e!8m2!3d43.328169!4d5.361199!16s%2Fg%2F11bzz2dfb4!19sChIJlYc-QFDAyRIRHs_YTeGElKo?authuser=0&hl=fr&rclk=1","Garage Des Dunes","5,0","(1)","Atelier de réparation automobile","·","25 Bd Oddo","","","","","","","Itinéraires","","","","","","","",""
"https://www.google.fr/maps/place/Garage+MCS/data=!4m7!3m6!1s0x12c9c176ca20b027:0x53c3ab232ce3db5a!8m2!3d43.3092401!4d5.3771106!16s%2Fg%2F11ymrkhlym!19sChIJJ7AgynbByRIRWtvjLCOrw1M?authuser=0&hl=fr&rclk=1","Garage MCS","","","Atelier de carrosserie automobile","·","20 Rue Mathieu Stilatti","","","","06 03 24 18 03","","","Itinéraires","","","","","","","",""
"https://www.google.fr/maps/place/Garage+m%C3%A9canique+Salim/data=!4m7!3m6!1s0x12c9c10053f36a55:0x737a403e1aa6213b!8m2!3d43.3052916!4d5.3738031!16s%2Fg%2F11x1n42phc!19sChIJVWrzUwDByRIROyGmGj5AenM?authuser=0&hl=fr&rclk=1","Garage mécanique Salim","5,0","(2)","Atelier de réparation automobile","·","8 Rue du Pasteur Heuzé","·","Fermé","· Ouvre à 08:00 sam.","07 73 19 19 11","","","Itinéraires","","","","","","","",""
"https://www.google.fr/maps/place/Garage+Auto+Taddei/data=!4m7!3m6!1s0x12c9c0ce3f243b61:0x5ad2fc5c5c2a6c7f!8m2!3d43.2874326!4d5.3637196!16s%2Fg%2F11gg67w1pv!19sChIJYTskP87AyRIRf2wqXFz80lo?authuser=0&hl=fr&rclk=1","Garage Auto Taddei","5,0","(24)","Atelier de réparation automobile","·","·","39 Rue François Taddei","Fermé","· Ouvre à 08:30 lun.","06 50 79 88 74","","","Itinéraires","","","https://ssl.gstatic.com/local/servicebusiness/default_user.png","""Très bonne expérience dans ce","","·","garage","."""
"https://www.google.fr/maps/place/Garage+P.P.M+-+Carrosserie+-+M%C3%A9canique/data=!4m7!3m6!1s0x12c9c0f5f12a1d7b:0xdd7acdc095672055!8m2!3d43.3187786!4d5.3687126!16s%2Fg%2F1tf4znvn!19sChIJex0q8fXAyRIRVSBnlcDNet0?authuser=0&hl=fr&rclk=1","Garage P.P.M - Carrosserie - Mécanique","4,4","(14)","Atelier de carrosserie automobile","·","·","23 Rue du Marché","Fermé","· Ouvre à 08:00 lun.","04 91 62 53 94","","","Itinéraires","","","https://ssl.gstatic.com/local/servicebusiness/default_user.png","""Travail soigné et rapide""","","·","",""
"https://www.google.fr/maps/place/Garage+Bon+Secours/data=!4m7!3m6!1s0x12c9c0629326f10f:0xe96a2b2ebaf00a04!8m2!3d43.3199229!4d5.3817889!16s%2Fg%2F1twzyxdm!19sChIJD_Emk2LAyRIRBArwui4rauk?authuser=0&hl=fr&rclk=1","Garage Bon Secours","4,8","(38)","Atelier de mécanique automobile","·","46 Bd Bon Secours","","","","04 91 02 31 54","","","Itinéraires","","","https://ssl.gstatic.com/local/servicebusiness/default_user.png","""J'ai trouvé ce","","","garage","dans la matinée, la panne a été rapidement détectée ."""
"https://www.google.fr/maps/place/Euro+Garage/data=!4m7!3m6!1s0x12c9c04c56353e5f:0x7f1c5b7c54c1f996!8m2!3d43.3326056!4d5.3547791!16s%2Fg%2F11rbf3k7n5!19sChIJXz41VkzAyRIRlvnBVHxbHH8?authuser=0&hl=fr&rclk=1","Euro Garage","5,0","(4)","Atelier de réparation automobile","","","","","","06 58 39 44 21","","","Itinéraires","","","https://ssl.gstatic.com/local/servicebusiness/default_user.png","""Nous sommes arrivés à l'heure et sommes très reconnaissants pour votre aide.""","","","",""
"https://www.google.fr/maps/place/Garage+Levon/data=!4m7!3m6!1s0x12c9c08b02685c13:0xc95c1aab472b4499!8m2!3d43.3167643!4d5.3750473!16s%2Fg%2F1td81ckp!19sChIJE1xoAovAyRIRmUQrR6saXMk?authuser=0&hl=fr&rclk=1","Garage Levon","4,3","(72)","Atelier de carrosserie automobile","·","·","12 Rue Auphan","Fermé","· Ouvre à 08:00 lun.","04 91 05 82 36","","","Itinéraires","","","https://ssl.gstatic.com/local/servicebusiness/default_user.png","""Mon assurance m’a envoyé au","","·","garage","Levon suite à un accident."""
"https://www.google.fr/maps/place/Garage+PUGET/data=!4m7!3m6!1s0x12c9c0c802a47289:0x8babc7b75bb7a876!8m2!3d43.289683!4d5.372997!16s%2Fg%2F1thknl5q!19sChIJiXKkAsjAyRIRdqi3W7fHq4s?authuser=0&hl=fr&rclk=1","Garage PUGET","4,1","(54)","Garage automobile","·","·","33 Rue Roux de Brignoles","Fermé","· Ouvre à 08:00 lun.","04 13 25 22 91","","","Itinéraires","","","https://ssl.gstatic.com/local/servicebusiness/default_user.png","""C’est en tous cas le ressenti de mes expériences avec ce","","·","garage","."""
"https://www.google.fr/maps/place/Garage+Marengo/data=!4m7!3m6!1s0x12c9c0afac090aef:0x4ef1e324d77a49dd!8m2!3d43.2875399!4d5.3860235!16s%2Fg%2F1tg09ly3!19sChIJ7woJrK_AyRIR3Ul61yTj8U4?authuser=0&hl=fr&rclk=1","Garage Marengo","3,4","(384)","Atelier de carrosserie automobile","·","·","89 Rue Marengo","Ouvert","· Ferme à 21:30","04 91 47 90 90","https://www.garagemarengo.com/","","Site Web","","Itinéraires","https://ssl.gstatic.com/local/servicebusiness/default_user.png","""Vraiment je recommande ce","","·","garage","pour leur disponibilité et leur rapidité."""
"https://www.google.fr/maps/place/Garage+Garibaldi/data=!4m7!3m6!1s0x12c9c045c307402d:0xed5cee69927c5307!8m2!3d43.3333763!4d5.3640093!16s%2Fg%2F11mx5hx639!19sChIJLUAHw0XAyRIRB1N8kmnuXO0?authuser=0&hl=fr&rclk=1","Garage Garibaldi","4,0","(8)","Garage automobile","·","237 Rue de Lyon","","","","06 46 25 34 10","","","Itinéraires","","","https://ssl.gstatic.com/local/servicebusiness/default_user.png","""Ça fait plaisir de trouver un","","","garage","qui travaille bien !"""
"https://www.google.fr/maps/place/AS+Autos%C3%A9curit%C3%A9+Contr%C3%B4le+Technique/data=!4m7!3m6!1s0x12c9c0e9877ff4df:0x7c7ec70a8e135761!8m2!3d43.3021475!4d5.3676811!16s%2Fg%2F11bwp1m56q!19sChIJ3_R_h-nAyRIRYVcTjgrHfnw?authuser=0&hl=fr&rclk=1","AS Autosécurité Contrôle Technique","4,9","(615)","Centre de contrôle technique","·","·","35 Rue des Phocéens","Ferme bientôt","· 19:00 · Ouvre à 09:00 sam.","04 91 19 88 10","https://centre-controle-technique.autosecurite.com/provence-alpes-cote-d-azur/bouches-du-rhone/marseille/35-rue-des-phoceens?utm_source=Yext&utm_medium=GMB&y_source=1_NDgwMTY3NDYtNzE1LWxvY2F0aW9uLndlYnNpdGU%3D","","Site Web","","Itinéraires","https://ssl.gstatic.com/local/servicebusiness/default_user.png","""Très bon","","·","garage","."""
"https://www.google.fr/maps/place/Garage+des+Facult%C3%A9s/data=!4m7!3m6!1s0x12c9c0911a5ad91b:0xa6c2255614548561!8m2!3d43.3060852!4d5.3804185!16s%2Fg%2F1tg_0l04!19sChIJG9laGpHAyRIRYYVUFFYlwqY?authuser=0&hl=fr&rclk=1","Garage des Facultés","4,1","(8)","Parking","·","30 Rue Léon Gozlan","·","Ouvert 24h/24","","04 91 50 41 91","","","Itinéraires","","","","","","","",""
"https://www.google.fr/maps/place/Garage+Marignan/data=!4m7!3m6!1s0x12c9c0cecdccdc67:0x7b4f168d113dbd3a!8m2!3d43.2874734!4d5.3676441!16s%2Fg%2F1tx17fyc!19sChIJZ9zMzc7AyRIROr09EY0WT3s?authuser=0&hl=fr&rclk=1","Garage Marignan","4,0","(47)","Atelier de réparation automobile","·","23 Rue Marignan","·","Fermé","· Ouvre à 08:00 lun.","04 91 52 29 33","","","Itinéraires","","","https://ssl.gstatic.com/local/servicebusiness/default_user.png","""Prestations de qualité.""","","","",""
"https://www.google.fr/maps/place/O%E2%80%99Garage+Food/data=!4m7!3m6!1s0x12c9c1fb648d5c5d:0x58569f74cc98e819!8m2!3d43.3306022!4d5.3648599!16s%2Fg%2F11hzhw9rrx!19sChIJXVyNZPvByRIRGeiYzHSfVlg?authuser=0&hl=fr&rclk=1","O’Garage Food","4,2","(151)","Restauration rapide","·","171 Rue de Lyon","·","Ouvert","· Ferme à 04:00","07 60 26 38 24","","","Itinéraires","","","https://ssl.gstatic.com/local/servicebusiness/default_user.png","""J’envois toujours mon mari m’acheter O","","","garage","."""
"https://www.google.fr/maps/place/Joliette+Services/data=!4m7!3m6!1s0x12c9c0ebaee898c3:0xfa574eda407877c3!8m2!3d43.3025508!4d5.3714109!16s%2Fg%2F1thzqzxm!19sChIJw5joruvAyRIRw3d4QNpOV_o?authuser=0&hl=fr&rclk=1","Joliette Services","3,7","(6)","Atelier de réparation automobile","·","47 Rue de la Joliette","·","Fermé","· Ouvre à 08:00 sam.","04 91 90 75 11","","","Itinéraires","","","","","","","",""
"https://www.google.fr/maps/place/Carrosserie+Peinture+Le+Chanterac/data=!4m7!3m6!1s0x12c9c0f30c3da01d:0x13bc63eb6f2cfb9a!8m2!3d43.3131047!4d5.3708291!16s%2Fg%2F11pzs0qw96!19sChIJHaA9DPPAyRIRmvssb-tjvBM?authuser=0&hl=fr&rclk=1","Carrosserie Peinture Le Chanterac","4,2","(40)","Atelier de réparation automobile","·","·","10 Rue de Chanterac","Fermé","· Ouvre à 08:00 lun.","04 91 91 25 74","","","Itinéraires","","","https://ssl.gstatic.com/local/servicebusiness/default_user.png","""Ma voiture est sortie propre et comme neuve du","","·","garage","."""
"https://www.google.fr/maps/place/garage+notre+dame/data=!4m7!3m6!1s0x12c9c0cf4aa3a0a7:0x31944823fc5e7fe1!8m2!3d43.2894322!4d5.3677169!16s%2Fg%2F11bzz_45mn!19sChIJp6CjSs_AyRIR4X9e_CNIlDE?authuser=0&hl=fr&rclk=1","garage notre dame","4,1","(24)","Atelier de réparation automobile","·","·","18 Rue des Lices","Fermé","· Ouvre à 08:00 sam.","04 91 31 90 05","","","Itinéraires","","","https://ssl.gstatic.com/local/servicebusiness/default_user.png","""","","·","Garage","où règne la bonne humeur."""
"https://www.google.fr/maps/place/Garage+Du+Littoral+Laborelli/data=!4m7!3m6!1s0x12c9c04c7c1372e7:0x70f41af62de1d4f8!8m2!3d43.3340951!4d5.3549869!16s%2Fg%2F11c709rmj0!19sChIJ53ITfEzAyRIR-NThLfYa9HA?authuser=0&hl=fr&rclk=1","Garage Du Littoral Laborelli","4,7","(52)","Garage automobile","·","·","88 Chem. du Littoral","Fermé","· Ouvre à 08:15 lun.","04 91 69 50 24","","","Itinéraires","","","https://ssl.gstatic.com/local/servicebusiness/default_user.png","""Enfin je vous recommande vivement ce","","·","garage","."""
"https://www.google.fr/maps/place/Le+St+Victor,+garage+priv%C3%A9,+1+minute+du+Vieux+Port/data=!4m10!3m9!1s0x12c9c0c60705e4e1:0xc878241a9ac12e5!5m2!4m1!1i2!8m2!3d43.2910309!4d5.3679099!16s%2Fg%2F11x6lz55bk!19sChIJ4eQFB8bAyRIR5RKsqUGChww?authuser=0&hl=fr&rclk=1","Le St Victor, garage privé, 1 minute du Vieux Port","","","Location de vacances","","","","","","","","","Itinéraires","","","","","","","",""
"https://www.google.fr/maps/place/Garage+d%27Arras/data=!4m7!3m6!1s0x12c9c72aab9f062d:0x455bde47ee5bb204!8m2!3d43.3077618!4d5.401196!16s%2Fg%2F1tfn5dz_!19sChIJLQafqyrHyRIRBLJb7kfeW0U?authuser=0&hl=fr&rclk=1","Garage d'Arras","4,8","(168)","Atelier de réparation automobile","·","·","3 Rue 5 Cents Couverts","Ferme bientôt","· 19:00 · Ouvre à 09:00 sam.","04 91 49 07 33","","","Itinéraires","","","https://ssl.gstatic.com/local/servicebusiness/default_user.png","""","","·","Garage","sérieux prix correct personnel sympathique et accueillant ."""
"https://www.google.fr/maps/place/Garage+Notre+Dame+de+La+Garde/data=!4m7!3m6!1s0x12c9c0b61178c119:0x9bcb220e5c02891e!8m2!3d43.286283!4d5.3740038!16s%2Fg%2F1tdssnd_!19sChIJGcF4EbbAyRIRHokCXA4iy5s?authuser=0&hl=fr&rclk=1","Garage Notre Dame de La Garde","3,2","(30)","Atelier de réparation automobile","·","·","88 Boulevard Notre Dame","Ouvert","· Ferme à 20:00","04 91 37 09 49","","","Itinéraires","","","","","","·","",""
"https://www.google.fr/maps/place/Garage+Bendrou/data=!4m7!3m6!1s0x12c9c08ee46e9a0f:0xb5c3f6b2a386f29e!8m2!3d43.3124962!4d5.3804864!16s%2Fg%2F11bzz2q4dv!19sChIJD5pu5I7AyRIRnvKGo7L2w7U?authuser=0&hl=fr&rclk=1","Garage Bendrou","5,0","(1)","Garage automobile","·","61 Rue Loubon","","","","06 68 23 44 91","","","Itinéraires","","","https://ssl.gstatic.com/local/servicebusiness/default_user.png","""Il m'a sauvé 'a voiture.""","","","",""
"https://www.google.fr/maps/place/Canique+Auto/data=!4m7!3m6!1s0x12c9c0c16d7e308f:0xe667c071fcfed5d7!8m2!3d43.2971817!4d5.3689473!16s%2Fg%2F11sqd1dzs9!19sChIJjzB-bcHAyRIR19X-_HHAZ-Y?authuser=0&hl=fr&rclk=1","Canique Auto","","","Garage automobile","","","","","","07 51 44 33 55","","","Itinéraires","","","","","","","",""
"https://www.google.fr/maps/place/Garage+Auto+%C3%A0+Lormont/data=!4m7!3m6!1s0x12c9c0c072254a21:0xcd096e170bc798f8!8m2!3d43.2985529!4d5.3724813!16s%2Fg%2F11fmdds5wg!19sChIJIUolcsDAyRIR-JjHCxduCc0?authuser=0&hl=fr&rclk=1","Garage Auto à Lormont","","","Atelier de carrosserie automobile","·","·","32 Rue de la République","","","05 40 25 16 13","https://www.duvalsayo.fr/contact.html","","Site Web","","Itinéraires","","","","","",""
"https://www.google.fr/maps/place/BH+M%C3%A9canique+%7C+m%C3%A9canicien+automobile+%C3%A0+domicile+marseille/data=!4m7!3m6!1s0x12c9c1c86f082537:0x1f292eeb3f7ac902!8m2!3d43.3266398!4d5.3750006!16s%2Fg%2F11tnnn4p2j!19sChIJNyUIb8jByRIRAsl6P-suKR8?authuser=0&hl=fr&rclk=1","BH Mécanique | mécanicien automobile à domicile marseille","4,8","(5)","Mécanicien","·","·","126 Bd Danielle Casanova","Ferme bientôt","· 19:00 · Ouvre à 07:00 sam.","07 51 26 86 02","https://sites.google.com/view/mecanicienadomicilemarseille/home","","Site Web","","Itinéraires","https://ssl.gstatic.com/local/servicebusiness/default_user.png","""Ce sont des professionnels et ils font très bien leur travail""","","·","",""
"https://www.google.fr/maps/place/GARAGE+NADJIM/data=!4m7!3m6!1s0x12c9c11ccdf75561:0x8c57df673a41e6a8!8m2!3d43.3206811!4d5.3877168!16s%2Fg%2F11ls_6xfkr!19sChIJYVX3zRzByRIRqOZBOmffV4w?authuser=0&hl=fr&rclk=1","GARAGE NADJIM","","","Garage automobile","·","38 Trav. du Colonel","","Ouvert 24h/24","","","https://www.garage-nadjim.fr/","","Site Web","","Itinéraires","","","","","",""
"https://www.google.fr/maps/place/St+Michel+garage+automobile/data=!4m7!3m6!1s0x12c9c14054b37a37:0x68dbf9f26b887fd8!8m2!3d43.2975881!4d5.3810513!16s%2Fg%2F11vq68cbrt!19sChIJN3qzVEDByRIR2H-Ia_L522g?authuser=0&hl=fr&rclk=1","St Michel garage automobile","","","Garage automobile","","","","","","07 80 72 68 62","","","Itinéraires","","","","","","","",""
"https://www.google.fr/maps/place/Garage+Banck/data=!4m7!3m6!1s0x12c9bf61a4235b29:0x9aac57f2155e72bf!8m2!3d43.3016608!4d5.3961494!16s%2Fg%2F11b6d4b8rw!19sChIJKVsjpGG_yRIRv3JeFfJXrJo?authuser=0&hl=fr&rclk=1","Garage Banck","4,9","(138)","Atelier de réparation automobile","·","·","9 Rue de Provence","Ferme bientôt","· 19:00 · Ouvre à 08:00 lun.","04 91 49 99 11","","","Itinéraires","","","https://ssl.gstatic.com/local/servicebusiness/default_user.png","""... ici, vraiment on vous recommande vivement ce","","·","garage","!!"""
"https://www.google.fr/maps/place/Garage+H.M/data=!4m7!3m6!1s0x12c9c05aba9a9d77:0xbb4128ddb826feee!8m2!3d43.3287159!4d5.3633283!16s%2Fg%2F11bzz303k6!19sChIJd52aulrAyRIR7v4muN0oQbs?authuser=0&hl=fr&rclk=1","Garage H.M","4,0","(6)","Atelier de réparation automobile","·","·","67 Bd Oddo","","","","","","Itinéraires","","","","","","","",""
"https://www.google.fr/maps/place/RENAULT+CATALANS+MARSEILLE/data=!4m7!3m6!1s0x12c9c0d0b37a9dc9:0xc26d627193a76edc!8m2!3d43.290215!4d5.357263!16s%2Fg%2F1tc_ynzj!19sChIJyZ16s9DAyRIR3G6nk3FibcI?authuser=0&hl=fr&rclk=1","RENAULT CATALANS MARSEILLE","4,8","(188)","Concessionnaire automobile","·","·","39 Rue César Aleman","Fermé","· Ouvre à 08:00 lun.","04 91 52 38 83","https://concessionnaire.renault.fr/marseille-garage-catalans.html","","Site Web","","Itinéraires","https://ssl.gstatic.com/local/servicebusiness/default_user.png","""Enfin un","","·","garage","sérieux, digne de ce nom et surtout de Confiance."""
"https://www.google.fr/maps/place/Garage+du+canet/data=!4m7!3m6!1s0x12c9c1b41ee3190d:0x107ec369b723491b!8m2!3d43.3246071!4d5.3771008!16s%2Fg%2F11kp9n1zh0!19sChIJDRnjHrTByRIRG0kjt2nDfhA?authuser=0&hl=fr&rclk=1","Garage du canet","5,0","(60)","Atelier de carrosserie automobile","·","43 Bd Truphème","·","Fermé","· Ouvre à 08:00 lun.","06 20 24 70 34","","","Itinéraires","","","https://ssl.gstatic.com/local/servicebusiness/default_user.png","""Super","","","garage",": rapidité, qualité, gentillesse."""
"https://www.google.fr/maps/place/Cosy+Joliette,+central,+climatis%C3%A9,+2+chambres,+WIFI,+Garage/data=!4m10!3m9!1s0x12c9c0ebf380d205:0x97e8481b75ee8bee!5m2!4m1!1i2!8m2!3d43.304699!4d5.3689098!16s%2Fg%2F11vxzdfn5n!19sChIJBdKA8-vAyRIR7ovudRtI6Jc?authuser=0&hl=fr&rclk=1","Cosy Joliette, central, climatisé, 2 chambres, WIFI, Garage","","","Location de vacances","","","","","","","https://br.bluepillow.com/search/65cacd64671b07d23c7048da?dest=bkng&cat=Apartment&lat=43.3047&lng=5.36891&language=pt","","Site Web","","Itinéraires","","","","","",""
"https://www.google.fr/maps/place/9+Blvd+de+Paris+Garage/data=!4m7!3m6!1s0x12c9c0ecbc40909d:0x3563270306721dd1!8m2!3d43.3054455!4d5.3725287!16s%2Fg%2F11gd67zk2t!19sChIJnZBAvOzAyRIR0R1yBgMnYzU?authuser=0&hl=fr&rclk=1","9 Blvd de Paris Garage","","","Parking","·","·","9 Bd de Paris","","","","","","Itinéraires","","","","","","","",""
"https://www.google.fr/maps/place/L%E2%80%99automobile+Du+13/data=!4m7!3m6!1s0x12c9c1c7ef58038b:0x33ef4ed8616cbf3!8m2!3d43.3057239!4d5.3804997!16s%2Fg%2F11fh_rdkh3!19sChIJiwNY78fByRIR88sWhu30PgM?authuser=0&hl=fr&rclk=1","L’automobile Du 13","5,0","(2)","Garage automobile","·","20 Rue Léon Gozlan","·","Fermé","· Ouvre à 08:00 sam.","06 95 39 95 80","","","Itinéraires","","","","","","","",""
"https://www.google.fr/maps/place/Garage+bdm/data=!4m7!3m6!1s0x12c9c08466aa8b5d:0xb150bfb39b9550e4!8m2!3d43.3116237!4d5.387938!16s%2Fg%2F11b6dr1ygl!19sChIJXYuqZoTAyRIR5FCVm7O_ULE?authuser=0&hl=fr&rclk=1","Garage bdm","4,1","(30)","Garage automobile","·","55 Rue Fortuné Jourdan","·","Ferme bientôt","· 19:00 · Ouvre à 09:30 lun.","04 91 50 50 71","","","Itinéraires","","","https://ssl.gstatic.com/local/servicebusiness/default_user.png","""Mecano compétent, prix résonnable
Rapide efficace""","","","",""
"https://www.google.fr/maps/place/MOBILITO+St+Charles+-+Garage+M%C3%A9canique+et+Carrosserie/data=!4m7!3m6!1s0x12c9c0909561a7b3:0xb159e69cb2ac7fb4!8m2!3d43.3056263!4d5.3823756!16s%2Fg%2F1vxv38wn!19sChIJs6dhlZDAyRIRtH-sspzmWbE?authuser=0&hl=fr&rclk=1","MOBILITO St Charles - Garage Mécanique et Carrosserie","4,4","(22)","Atelier de carrosserie automobile","·","·","14 Rue de Crimée","Fermé","· Ouvre à 08:30 lun.","04 88 92 62 47","","","Itinéraires","","","https://ssl.gstatic.com/local/servicebusiness/default_user.png","""Je recommandes""","","·","",""
"https://www.google.fr/maps/place/Carrosserie+Planete+Auto/data=!4m7!3m6!1s0x12c9c092fcfd24f1:0x8d079f0fadae192a!8m2!3d43.3073141!4d5.3752076!16s%2Fg%2F1tfsvz7_!19sChIJ8ST9_JLAyRIRKhmurQ-fB40?authuser=0&hl=fr&rclk=1","Carrosserie Planete Auto","4,9","(258)","Atelier de carrosserie automobile","·","·","15 Rue d'Amiens","Fermé","· Ouvre à 08:00 lun.","04 91 50 42 41","","","Itinéraires","","","https://ssl.gstatic.com/local/servicebusiness/default_user.png","""Très bon","","·","garage","très professionnel très efficace très bon résultat !!"""
"https://www.google.fr/maps/place/garage+awra/data=!4m7!3m6!1s0x12c9c048a1af5337:0xa50810f142252a8e!8m2!3d43.3353826!4d5.362976!16s%2Fg%2F11bzz64dmf!19sChIJN1OvoUjAyRIRjiolQvEQCKU?authuser=0&hl=fr&rclk=1","garage awra","2,3","(18)","Atelier de réparation automobile","·","·","5 Bd Viala","","","06 20 22 16 88","","","Itinéraires","","","","","","","",""
"https://www.google.fr/maps/place/Garage+de+la+Madrague-Ville/data=!4m7!3m6!1s0x12c9c04eb3351f07:0xc556808945aac13e!8m2!3d43.3344149!4d5.3584026!16s%2Fg%2F11c2pm_1wc!19sChIJBx81s07AyRIRPsGqRYmAVsU?authuser=0&hl=fr&rclk=1","Garage de la Madrague-Ville","5,0","(4)","Garage automobile","·","89 Bd Viala","","Fermé","· Ouvre à 09:00 sam.","","","","Itinéraires","","","https://ssl.gstatic.com/local/servicebusiness/default_user.png","""Très bon travail et des prix raisonnables""","","","",""
"https://www.google.fr/maps/place/Garage+Du+Cap/data=!4m7!3m6!1s0x12c9c04aab28d543:0x5bc47926660ea3a9!8m2!3d43.3391615!4d5.3520161!16s%2Fg%2F11bzz43lgn!19sChIJQ9Uoq0rAyRIRqaMOZiZ5xFs?authuser=0&hl=fr&rclk=1","Garage Du Cap","4,1","(20)","Atelier de réparation automobile","·","·","25 Chem. du Cap-Janet","Fermé","· Ouvre à 08:30 lun.","06 23 56 66 75","","","Itinéraires","","","https://ssl.gstatic.com/local/servicebusiness/default_user.png","""Très bon travail rapide et efficace.""","","·","",""
"https://www.google.fr/maps/place/Garage+De+L%27avenir/data=!4m7!3m6!1s0x12c9bf59524940a7:0xf97eba30fd11bd11!8m2!3d43.2938928!4d5.398631!16s%2Fg%2F1tgs7xfk!19sChIJp0BJUlm_yRIREb0R_TC6fvk?authuser=0&hl=fr&rclk=1","Garage De L'avenir","4,8","(86)","Mécanicien","·","·","151 Rue du Camas","Ferme bientôt","· 19:00 · Ouvre à 08:00 lun.","04 91 92 49 19","","","Itinéraires","","","https://ssl.gstatic.com/local/servicebusiness/default_user.png","""","","·","Garage","très sérieux, personnes de confiance, très bonne expérience"""
"https://www.google.fr/maps/place/NATIONAL+AUTOMOBILES/data=!4m7!3m6!1s0x12c9c09064b65d5d:0xf64de7aa1edbd9a0!8m2!3d43.3070293!4d5.3827431!16s%2Fg%2F1trzsn69!19sChIJXV22ZJDAyRIRoNnbHqrnTfY?authuser=0&hl=fr&rclk=1","NATIONAL AUTOMOBILES","4,0","(10)","Garage automobile","·","·","116 Bd National","Fermé","· Ouvre à 09:00 lun.","04 91 62 64 45","http://www.eurorepar.fr/dhtml/page-trouvez-votre-eurorepar-10029.php","","Site Web","","Itinéraires","https://ssl.gstatic.com/local/servicebusiness/default_user.png","""Excellent garagiste !""","","·","",""
"https://www.google.fr/maps/place/Garage+lpc/data=!4m7!3m6!1s0x12c9c16752cf4b15:0xc67e0ea9e32e1cc3!8m2!3d43.3059888!4d5.3851558!16s%2Fg%2F11wptg3dny!19sChIJFUvPUmfByRIRwxwu46kOfsY?authuser=0&hl=fr&rclk=1","Garage lpc","5,0","(2)","Atelier de carrosserie automobile","·","20 Rue Guibal","·","Ferme bientôt","· 19:00 · Ouvre à 10:00 sam.","07 58 02 91 84","http://garage-l-p.com/","","Site Web","","Itinéraires","","","","","",""
"https://www.google.fr/maps/place/Avenir+Motoscoots/data=!4m7!3m6!1s0x12c9c0ed1a2a82e7:0x5bf16636051bb0e5!8m2!3d43.3077974!4d5.3712206!16s%2Fg%2F1tdj693z!19sChIJ54IqGu3AyRIR5bAbBTZm8Vs?authuser=0&hl=fr&rclk=1","Avenir Motoscoots","5,0","(87)","Atelier de réparation de scooters","·","53 Bd de Paris","·","Fermé","· Ouvre à 09:00 lun.","04 96 17 52 83","","","Itinéraires","","","https://ssl.gstatic.com/local/servicebusiness/default_user.png","""","","","Garage","de grande qualité."""
"https://www.google.fr/maps/place/GARAGE+DE+VINCI/data=!4m7!3m6!1s0x12c9c1d3b2882bbd:0x3495a7188cef03b4!8m2!3d43.2893792!4d5.3782717!16s%2Fg%2F11scz0_ctm!19sChIJvSuIstPByRIRtAPvjBinlTQ?authuser=0&hl=fr&rclk=1","GARAGE DE VINCI","5,0","(42)","Atelier de carrosserie automobile","·","·","96 Rue Paradis","Ferme bientôt","· 19:00 · Ouvre à 07:45 sam.","06 64 31 44 19","","","Itinéraires","","","https://ssl.gstatic.com/local/servicebusiness/default_user.png","""Très gentil, compétent et réactif","","·","Garage","dans le 5eme arrondissement"""
"https://www.google.fr/maps/place/Euro+Garage/data=!4m7!3m6!1s0x12c9c066f5072357:0xc09ed0ad59937ee3!8m2!3d43.3261778!4d5.3767934!16s%2Fg%2F11bzzy9p0f!19sChIJVyMH9WbAyRIR436TWa3QnsA?authuser=0&hl=fr&rclk=1","Euro Garage","5,0","(1)","Atelier de réparation automobile","·","25 Bd Charles Moretti","","","","04 91 02 12 54","","","Itinéraires","","","","","","","",""
"https://www.google.fr/maps/place/Garage+Tourski/data=!4m7!3m6!1s0x12c9c16990550a83:0x8761f2d9e39647ee!8m2!3d43.3176098!4d5.3779079!16s%2Fg%2F11qp0qjf92!19sChIJgwpVkGnByRIR7keW49nyYYc?authuser=0&hl=fr&rclk=1","Garage Tourski","4,6","(16)","Atelier de carrosserie automobile","·","16 Trav. de Gibbes","·","Fermé","· Ouvre à 08:00 sam.","06 03 02 30 65","","","Itinéraires","","","https://ssl.gstatic.com/local/servicebusiness/default_user.png","""Un","","","garage","professionnel et humain, je recommande sans hésiter."""
"https://www.google.fr/maps/place/Garage+Rapid%27Vulca/data=!4m7!3m6!1s0x12c9bf6062a51aff:0xaeea3e2f3e76ef63!8m2!3d43.2995107!4d5.3964664!16s%2Fg%2F1tly616y!19sChIJ_xqlYmC_yRIRY-92Pi8-6q4?authuser=0&hl=fr&rclk=1","Garage Rapid'Vulca","4,8","(70)","Atelier de mécanique automobile","·","·","82-84 Rue Monte Cristo","Ferme bientôt","· 19:00 · Ouvre à 07:45 lun.","04 91 34 20 65","","","Itinéraires","","","https://ssl.gstatic.com/local/servicebusiness/default_user.png","""","","·","Garage","traditionnel mais de super qualité humaine"""
"https://www.google.fr/maps/place/Garage/data=!4m7!3m6!1s0x12c9c1006f56cdf7:0xa2abb6b4bcd55e30!8m2!3d43.3138816!4d5.3751099!16s%2Fg%2F11w4q4218f!19sChIJ981WbwDByRIRMF7VvLS2q6I?authuser=0&hl=fr&rclk=1","Garage","","","Parking","·","·","17 Rue Jouven","","","","","","Itinéraires","","","","","","","",""
"https://www.google.fr/maps/place/Garage+rayan+auto/data=!4m7!3m6!1s0x12c9c1a8199da643:0xe6fea3c79a61bea8!8m2!3d43.3333781!4d5.3624699!16s%2Fg%2F11vspmyz8n!19sChIJQ6adGajByRIRqL5hmsej_uY?authuser=0&hl=fr&rclk=1","Garage rayan auto","4,1","(9)","Garage automobile","·","·","28 Bd de la Méditerranée","Fermé","· Ouvre à 09:00 sam.","06 05 94 46 60","","","Itinéraires","","","https://ssl.gstatic.com/local/servicebusiness/default_user.png","""Merci encore c'est rassurant de trouver des garagistes de qualité.""","","·","",""
"https://www.google.fr/maps/place/GARAGE+MG+AUTOS+13/data=!4m7!3m6!1s0x12c9c1d70d9f4b47:0xae9f36542d862776!8m2!3d43.3350165!4d5.3632261!16s%2Fg%2F11qpz_n948!19sChIJR0ufDdfByRIRdieGLVQ2n64?authuser=0&hl=fr&rclk=1","GARAGE MG AUTOS 13","5,0","(4)","Garage automobile","·","·","2 Bd des Italiens","Fermé","· Ouvre à 09:00 sam.","06 51 50 56 44","","","Itinéraires","","","https://ssl.gstatic.com/local/servicebusiness/default_user.png","""Top top très bon","","·","garage","très pro"""
"https://www.google.fr/maps/place/Bosch+Car+Service+-+Garage+Marseille+Centre/data=!4m7!3m6!1s0x12c9c127e57f218d:0xfed882ceeaf538!8m2!3d43.3057748!4d5.3822177!16s%2Fg%2F11sj9v9jpq!19sChIJjSF_5SfByRIROPXqzoLY_gA?authuser=0&hl=fr&rclk=1","Bosch Car Service - Garage Marseille Centre","5,0","(21)","Garage automobile","·","·","20 Rue de Crimée","Fermé","· Ouvre à 08:30 lun.","04 91 50 44 19","http://www.boschcarservice.fr/","","Site Web","","Itinéraires","https://ssl.gstatic.com/local/servicebusiness/default_user.png","""","","·","Garage","de qualité, ce qui est rare à Marseille."""
"https://www.google.fr/maps/place/Garage+Sleiman/data=!4m7!3m6!1s0x12c9c04562d37c7f:0xcc7e3086c1410e1a!8m2!3d43.3311603!4d5.3625798!16s%2Fg%2F1tdz20cx!19sChIJf3zTYkXAyRIRGg5BwYYwfsw?authuser=0&hl=fr&rclk=1","Garage Sleiman","4,3","(14)","Atelier de carrosserie automobile","·","·","35 Rue Alexandre Meradou 15EME","Fermé","· Ouvre à 08:00 lun.","04 91 58 68 35","","","Itinéraires","","","https://ssl.gstatic.com/local/servicebusiness/default_user.png","""Très bon carrossier , honnête , travail appliqué , et prix raisonnable…""","","·","",""
"https://www.google.fr/maps/place/Garage+Fanfan/data=!4m7!3m6!1s0x12c9c04610903417:0x92dca8835389de61!8m2!3d43.3349625!4d5.3632557!16s%2Fg%2F11g6lv203p!19sChIJFzSQEEbAyRIRYd6JU4Oo3JI?authuser=0&hl=fr&rclk=1","Garage Fanfan","5,0","(2)","Atelier de réparation automobile","·","2 Bd des Italiens","","","","","","","Itinéraires","","","https://ssl.gstatic.com/local/servicebusiness/default_user.png","""Super service rapide avec des tarifs très compétitifs.""","","","",""
"https://www.google.fr/maps/place/Garage+Alessi/data=!4m7!3m6!1s0x12c9c0676cee71db:0xa0b40e303356ead7!8m2!3d43.3257552!4d5.3743246!16s%2Fg%2F1tg3d54k!19sChIJ23HubGfAyRIR1-pWMzAOtKA?authuser=0&hl=fr&rclk=1","Garage Alessi","4,7","(9)","Atelier de carrosserie automobile","·","·","110 Bd Danielle Casanova","","","04 91 67 50 59","","","Itinéraires","","","https://ssl.gstatic.com/local/servicebusiness/default_user.png","""","","","Garage","tres serieux, gentil et honete."""
"https://www.google.fr/maps/place/Garage+Biskra+02/data=!4m7!3m6!1s0x12c9c1d28b3c57a1:0x3de6ae4da37e9a08!8m2!3d43.3274716!4d5.3769568!16s%2Fg%2F11l2ctf847!19sChIJoVc8i9LByRIRCJp-o02u5j0?authuser=0&hl=fr&rclk=1","Garage Biskra 02","1,0","(2)","Garage automobile","·","·","23 Rue de Biskra","Ferme bientôt","· 19:00 · Ouvre à 08:00 sam.","07 56 95 36 50","https://www.societe.com/societe/monsieur-youcef-achit-883983215.html","","Site Web","","Itinéraires","","","","·","",""
"https://www.google.fr/maps/place/Garage+Amelie/data=!4m7!3m6!1s0x12c9c0665ab3ca0f:0xb4b28eb131eaccf9!8m2!3d43.3269467!4d5.3765975!16s%2Fg%2F11gdrvnld4!19sChIJD8qzWmbAyRIR-czqMbGOsrQ?authuser=0&hl=fr&rclk=1","Garage Amelie","4,5","(2)","Atelier de réparation automobile","·","21 Rue Amélie","","","","07 77 81 14 23","","","Itinéraires","","","https://ssl.gstatic.com/local/servicebusiness/default_user.png","""le lieu ne paye pas de mine mais on y travaille bien.""","","","",""
"https://www.google.fr/maps/place/Garage+Anjou+-+Carrosserie+%26+M%C3%A9canique/data=!4m7!3m6!1s0x12c9c1000391ff79:0xe1e067b57bbe77f6!8m2!3d43.3359054!4d5.360593!16s%2Fg%2F11wvmwxtvp!19sChIJef-RAwDByRIR9ne-e7Vn4OE?authuser=0&hl=fr&rclk=1","Garage Anjou - Carrosserie & Mécanique","5,0","(22)","Mécanicien","·","48 Bd d'Anjou","·","Fermé","· Ouvre à 08:00 sam.","06 24 76 72 50","","","Itinéraires","","","https://ssl.gstatic.com/local/servicebusiness/default_user.png","""Très bon","","","garage",", bonne expérience, travail de qualité"""
"https://www.google.fr/maps/place/Location+appartement+T2+et+location+de+garage/data=!4m7!3m6!1s0x12c9c1002d108195:0x4574ade259343476!8m2!3d43.3093559!4d5.3701759!16s%2Fg%2F11xsrrt92h!19sChIJlYEQLQDByRIRdjQ0WeKtdEU?authuser=0&hl=fr&rclk=1","Location appartement T2 et location de garage","","","Résidence","","","","","","","","","Itinéraires","","","","","","","",""
"https://www.google.fr/maps/place/Garage/data=!4m7!3m6!1s0x12c9c10037aba2e1:0xeb776189ccbd24a0!8m2!3d43.2919248!4d5.3566884!16s%2Fg%2F11lw8sbvr3!19sChIJ4aKrNwDByRIRoCS9zIlhd-s?authuser=0&hl=fr&rclk=1","Garage","","","Résidence","·","102 Bd Charles Livon","","","","","","","Itinéraires","","","","","","","",""
"https://www.google.fr/maps/place/Decazes+Pneus+Service/data=!4m7!3m6!1s0x12c9c0d175bdbb41:0xa08eaf980118efc7!8m2!3d43.287266!4d5.359915!16s%2Fg%2F1tg_6clr!19sChIJQbu9ddHAyRIRx-8YAZivjqA?authuser=0&hl=fr&rclk=1","Decazes Pneus Service","4,6","(66)","Atelier de mécanique automobile","·","·","33A Rue Decazes","Fermé","· Ouvre à 09:30 lun.","04 91 90 33 38","","","Itinéraires","","","https://ssl.gstatic.com/local/servicebusiness/default_user.png","""Un","","·","garage","de quartier honnête, serviable et compétent ce qui est rare."""
"https://www.google.fr/maps/place/375+Boulevard+National+Garage/data=!4m7!3m6!1s0x12c9c08cadabbb41:0xf0357db1d51ec4cd!8m2!3d43.3139766!4d5.3731949!16s%2Fg%2F11jz5g7862!19sChIJQburrYzAyRIRzcQe1bF9NfA?authuser=0&hl=fr&rclk=1","375 Boulevard National Garage","","","Parking","·","·","375 Bd National","","","04 91 64 42 04","","","Itinéraires","","","","","","","",""
"https://www.google.fr/maps/place/Garage+MAEVA/data=!4m7!3m6!1s0x12c9c13434e01f33:0x7e5171bf2e9fbd63!8m2!3d43.3121031!4d5.381542!16s%2Fg%2F11qvcwl35l!19sChIJMx_gNDTByRIRY72fLr9xUX4?authuser=0&hl=fr&rclk=1","Garage MAEVA","3,0","(4)","Atelier de carrosserie automobile","·","35A Bd Boues","·","Fermé","· Ouvre à 09:00 sam.","06 64 17 87 33","","","Itinéraires","","","https://ssl.gstatic.com/local/servicebusiness/default_user.png","""Rapide et propre.""","","","",""
"https://www.google.fr/maps/place/Garage+Granoux/data=!4m7!3m6!1s0x12c9bf6758c033b7:0x1d6643f33a902f7d!8m2!3d43.2988064!4d5.4000939!16s%2Fg%2F11g0hn__2q!19sChIJtzPAWGe_yRIRfS-QOvNDZh0?authuser=0&hl=fr&rclk=1","Garage Granoux","4,7","(15)","Atelier de réparation automobile","·","37 Rue Granoux","·","Ferme bientôt","· 19:00 · Ouvre à 08:00 lun.","04 91 85 23 85","","","Itinéraires","","","https://ssl.gstatic.com/local/servicebusiness/default_user.png","""","","","Garage","au top, personnel toujours à l’écoute 👌"""
"https://www.google.fr/maps/place/Garage+Cascade/data=!4m7!3m6!1s0x12c9c036f473e347:0x96be297251d6a570!8m2!3d43.3418761!4d5.3588532!16s%2Fg%2F11y3qfflxn!19sChIJR-Nz9DbAyRIRcKXWUXIpvpY?authuser=0&hl=fr&rclk=1","Garage Cascade","","","Atelier de réparation automobile","","","","","","","","","Itinéraires","","","","","","","",""
"https://www.google.fr/maps/place/Garage+Notre+Dame+du+Mont/data=!4m7!3m6!1s0x12c9c0a522d1fb87:0x2b31b0703a09762c!8m2!3d43.2919451!4d5.3837512!16s%2Fg%2F1tj432ps!19sChIJh_vRIqXAyRIRLHYJOnCwMSs?authuser=0&hl=fr&rclk=1","Garage Notre Dame du Mont","4,1","(41)","Atelier de réparation automobile","·","·","12 Pl. Notre Dame du Mont","Fermé","· Ouvre à 08:00 lun.","04 91 48 60 49","https://www.garagenotredamedumont.com/","","Site Web","","Itinéraires","https://ssl.gstatic.com/local/servicebusiness/default_user.png","""Service impeccable et rapide""","","·","",""
"https://www.google.fr/maps/place/Port+Side+Garage/data=!4m7!3m6!1s0x12c9c0c0e6ba553b:0x972dda202012e7fd!8m2!3d43.2967074!4d5.3707752!16s%2Fg%2F11h1d1l5w!19sChIJO1W65sDAyRIR_ecSICDaLZc?authuser=0&hl=fr&rclk=1","Port Side Garage","","","Parking","·","·","8 Rue de la Loge","Fermé","· Ouvre à 09:00 sam.","06 85 50 26 97","","","Itinéraires","","","","","","·","",""
"https://www.google.fr/maps/place/Garage+Monte+Cristo+Eurorepar+Car+Service/data=!4m7!3m6!1s0x12c9c09ffe2192c7:0x26b19eca84ed9618!8m2!3d43.2993046!4d5.3938794!16s%2Fg%2F1v3g64dt!19sChIJx5Ih_p_AyRIRGJbthMqesSY?authuser=0&hl=fr&rclk=1","Garage Monte Cristo Eurorepar Car Service","4,7","(44)","Garage automobile","·","·","45 Rue Monte Cristo","Fermé","· Ouvre à 07:30 lun.","04 91 48 80 00","https://www.garage-montecristo.fr/","","Site Web","","Itinéraires","https://ssl.gstatic.com/local/servicebusiness/default_user.png","""Je recommande vivement ce","","·","garage","!"""
"https://www.google.fr/maps/place/garage+formule+auto/data=!4m7!3m6!1s0x12c9c0a6e4df63db:0x515d036cce5c6176!8m2!3d43.2925958!4d5.3908476!16s%2Fg%2F11c3v5xn01!19sChIJ22Pf5KbAyRIRdmFczmwDXVE?authuser=0&hl=fr&rclk=1","garage formule auto","4,8","(105)","Atelier de réparation automobile","·","70 Rue Saint-Pierre","·","Fermé","· Ouvre à 08:00 lun.","04 91 47 09 19","https://www.boschcarservice.com/fr/fr/","","Site Web","","Itinéraires","https://ssl.gstatic.com/local/servicebusiness/default_user.png","""","","","Garage","excellent très pro et compétent"""
"https://www.google.fr/maps/place/JoliJoliette,+terrasse,+central,+climatis%C3%A9,+WIFI+,+garage/data=!4m10!3m9!1s0x12c9c0ecf03c48e7:0x2b00f43f506b833a!5m2!4m1!1i2!8m2!3d43.3066292!4d5.3709998!16s%2Fg%2F11y51tr7zs!19sChIJ50g88OzAyRIROoNrUD_0ACs?authuser=0&hl=fr&rclk=1","JoliJoliette, terrasse, central, climatisé, WIFI , garage","","","Location de vacances","","","","","","","https://br.bluepillow.com/search/65c9f450671b07d23c690bf2?dest=bkng&cat=Apartment&lat=43.30663&lng=5.371&language=pt","","Site Web","","Itinéraires","","","","","",""
"https://www.google.fr/maps/place/Garage+Ecosiom/data=!4m7!3m6!1s0x12c9c0a71c69df57:0xbd6288ab5b5f4c99!8m2!3d43.287634!4d5.388031!16s%2Fg%2F11yn9n4zw!19sChIJV99pHKfAyRIRmUxfW6uIYr0?authuser=0&hl=fr&rclk=1","Garage Ecosiom","4,4","(86)","Atelier de carrosserie automobile","·","·","26 Rue Pierre Laurent","Ferme bientôt","· 18:30 · Ouvre à 08:30 lun.","04 91 81 47 90","http://www.garage-smart-marseille.fr/","","Site Web","","Itinéraires","https://ssl.gstatic.com/local/servicebusiness/default_user.png","""","","·","Garage","spécialisé Smart pro flexible et avec de bons conseils!"""
"https://www.google.fr/maps/place/Garage+Sanchez/data=!4m7!3m6!1s0x12c9c0839a176e1f:0xdbee9714ce6a6d03!8m2!3d43.3117775!4d5.3894779!16s%2Fg%2F1tf4tgwx!19sChIJH24XmoPAyRIRA21qzhSX7ts?authuser=0&hl=fr&rclk=1","Garage Sanchez","4,8","(41)","Atelier de carrosserie automobile","·","·","15 Bd Allemand","Fermé","· Ouvre à 08:00 lun.","04 91 64 33 51","","","Itinéraires","","","https://ssl.gstatic.com/local/servicebusiness/default_user.png","""","","·","Garage","automobile compétant et sérieux et accueil sympathique"""
"https://www.google.fr/maps/place/GARAGE+DIDIER+SARL+-+Citro%C3%ABn/data=!4m7!3m6!1s0x12c9c0b61ef6073f:0xb07c64d0bfda2a2a!8m2!3d43.286175!4d5.3736205!16s%2Fg%2F1tfw0723!19sChIJPwf2HrbAyRIRKirav9BkfLA?authuser=0&hl=fr&rclk=1","GARAGE DIDIER SARL - Citroën","4,7","(65)","Garage automobile","·","·","83 Rue Jules Moulet","Fermé","· Ouvre à 08:00 lun.","04 91 37 59 46","","","Itinéraires","","","https://ssl.gstatic.com/local/servicebusiness/default_user.png","""","","·","Garage","de confiance personnel agréable et compétent
Recommandable à 100%"""
"https://www.google.fr/maps/place/Garage+Mekki/data=!4m7!3m6!1s0x12c9c15fa0642b5b:0x3f62af99ed7368c!8m2!3d43.2861916!4d5.3907445!16s%2Fg%2F11qntlchg3!19sChIJWytkoF_ByRIRjDbXnvkq9gM?authuser=0&hl=fr&rclk=1","Garage Mekki","4,9","(97)","Garage automobile","·","·","5 Trav. Raynouard","Ferme bientôt","· 19:00 · Ouvre à 08:00 sam.","06 52 65 70 05","","","Itinéraires","","","https://ssl.gstatic.com/local/servicebusiness/default_user.png","""","","·","Garage","incroyable: gentils, réactifs et très professionnels."""
"https://www.google.fr/maps/place/GARAGE+M%C3%89CANIQUE+EXPRESS/data=!4m7!3m6!1s0x12c9bf387034d2ad:0x9dc6435c1c6f43da!8m2!3d43.3061211!4d5.3992152!16s%2Fg%2F11tg76cfx8!19sChIJrdI0cDi_yRIR2kNvHFxDxp0?authuser=0&hl=fr&rclk=1","GARAGE MÉCANIQUE EXPRESS","4,9","(210)","Atelier de mécanique automobile","·","·","angle, 87 Av. des Chartreux, Pl. du Jardin Zoologique","Fermé","· Ouvre à 08:00 lun.","06 12 93 52 02","","","Itinéraires","","","https://ssl.gstatic.com/local/servicebusiness/default_user.png","""Rapide et efficace,","","·","garage","proposant des prix abordables."""
"https://www.google.fr/maps/place/Garage+Rimyas/data=!4m7!3m6!1s0x12c9c084e3249b17:0xf0481237b4b21151!8m2!3d43.3107574!4d5.386294!16s%2Fg%2F11j4sv9sz4!19sChIJF5sk44TAyRIRURGytDcSSPA?authuser=0&hl=fr&rclk=1","Garage Rimyas","4,2","(5)","Atelier de réparation automobile","·","3 Rue Despieds","","","","","","","Itinéraires","","","https://ssl.gstatic.com/local/servicebusiness/default_user.png","""Honnête et bin travail,bonne qualité des pièces.avis d'un Expert.""","","","",""
"https://www.google.fr/maps/place/GARAGE+M%C3%89CANIQUE+EXPRESS/data=!4m7!3m6!1s0x12c9bf387034d2ad:0x9dc6435c1c6f43da!8m2!3d43.3061211!4d5.3992152!16s%2Fg%2F11tg76cfx8!19sChIJrdI0cDi_yRIR2kNvHFxDxp0?authuser=0&hl=fr&rclk=1","GARAGE MÉCANIQUE EXPRESS","4,9","(210)","Atelier de mécanique automobile","·","·","angle, 87 Av. des Chartreux, Pl. du Jardin Zoologique","Fermé","· Ouvre à 08:00 lun.","06 12 93 52 02","https://www.google.fr/aclk?sa=L&ai=DChsSEwjLwb7uscWSAxXwp4MHHSLyO6IYACICCAEQABoCZWY&co=1&ase=2&gclid=CjwKCAiAv5bMBhAIEiwAqP9GuBIQ2NkFBExRsrf6G3azJDjkKD1AQYHlPuHBjQlPRWs49HzAptFORxoCJ_oQAvD_BwE&cce=2&category=acrcp_v1_32&sig=AOD64_3XMnCs2LULdXWWK794LMwEZKZfPg&adurl&q&ctype=99&nis=6","","Itinéraires","","Site Web","https://ssl.gstatic.com/local/servicebusiness/default_user.png","""Rapide et efficace,","","·","garage","proposant des prix abordables."""
"https://www.google.fr/maps/place/Garage+Rimyas/data=!4m7!3m6!1s0x12c9c084e3249b17:0xf0481237b4b21151!8m2!3d43.3107574!4d5.386294!16s%2Fg%2F11j4sv9sz4!19sChIJF5sk44TAyRIRURGytDcSSPA?authuser=0&hl=fr&rclk=1","Garage Rimyas","4,2","(5)","Atelier de réparation automobile","·","3 Rue Despieds","","","","","https://www.google.fr/aclk?sa=L&ai=DChsSEwjLwb7uscWSAxXwp4MHHSLyO6IYACICCAEQBRoCZWY&co=1&ase=2&gclid=CjwKCAiAv5bMBhAIEiwAqP9GuMX0HkttAg6NxRwEUy7NG9gm6wHij_8G6KoCLa8ZBDMD-FX1Y--4ThoCizoQAvD_BwE&cce=2&category=acrcp_v1_32&sig=AOD64_0vW5GY7lK0zVUnl64lIf_y2mwUWA&adurl&q&ctype=99&nis=6","","Itinéraires","","Site Web","https://ssl.gstatic.com/local/servicebusiness/default_user.png","""Honnête et bin travail,bonne qualité des pièces.avis d'un Expert.""","","","",""
"https://www.google.fr/maps/place/A.m+Garage/data=!4m7!3m6!1s0x12c9c07cda6a8073:0xf48cffaf7581e9a3!8m2!3d43.3215394!4d5.3842199!16s%2Fg%2F11g0hp1wsf!19sChIJc4Bq2nzAyRIRo-mBda__jPQ?authuser=0&hl=fr&rclk=1","A.m Garage","5,0","(4)","Atelier de réparation automobile","·","·","33 Rue Louis Merlino","","","04 91 48 44 90","","","Itinéraires","","","https://ssl.gstatic.com/local/servicebusiness/default_user.png","""Professionnalisme au top","","","Garage","et garagiste sérieux et de qualité."""
"https://www.google.fr/maps/place/MOBILOTO+GARAGE/data=!4m7!3m6!1s0x12c9c1f51348c839:0x82e8aa2bf73260b3!8m2!3d43.325943!4d5.374782!16s%2Fg%2F11p13jvx66!19sChIJOchIE_XByRIRs2Ay9yuq6II?authuser=0&hl=fr&rclk=1","MOBILOTO GARAGE","","","Garage automobile","·","05 Bd Louis Guichoux","·","Fermé","· Ouvre à 09:30 sam.","06 12 13 40 77","","","Itinéraires","","","","","","","",""
"https://www.google.fr/maps/place/Garage+Parisi/data=!4m7!3m6!1s0x12c9c0a8530f32b5:0x17ce91a3e520338e!8m2!3d43.2872737!4d5.3916005!16s%2Fg%2F11h40zq7q4!19sChIJtTIPU6jAyRIRjjMg5aORzhc?authuser=0&hl=fr&rclk=1","Garage Parisi","4,5","(84)","Garage automobile","·","·","27 Rue Sainte-Cécile","Ferme bientôt","· 19:00 · Ouvre à 08:00 lun.","04 91 78 79 17","","","Itinéraires","","","https://ssl.gstatic.com/local/servicebusiness/default_user.png","""","","·","Garage","sympa avec prix abordables et prestations rapide."""
"https://www.google.fr/maps/place/New+Garage+Cl%C3%A9menceau/data=!4m7!3m6!1s0x12c9bf60beaf2833:0x2a44c6f20b63d539!8m2!3d43.2997836!4d5.3981199!16s%2Fg%2F1vq89f4t!19sChIJMyivvmC_yRIROdVjC_LGRCo?authuser=0&hl=fr&rclk=1","New Garage Clémenceau","3,7","(29)","Atelier de réparation automobile","·","·","5 Rue des Orgues","Ferme bientôt","· 19:00 · Ouvre à 08:00 sam.","04 91 42 47 05","","","Itinéraires","","","https://ssl.gstatic.com/local/servicebusiness/default_user.png","""","","·","Garage","sérieux, mécanos compétents, prix très compétitifs."""
"https://www.google.fr/maps/place/Garage+Des+Chartreux+-+M%C3%A9canique+et+Carrosserie+-+FRANCHISE+100+%25+OFFERTE+13+Marseille/data=!4m7!3m6!1s0x12c9bf7ba039965b:0x7456960497e27218!8m2!3d43.3108502!4d5.4005656!16s%2Fg%2F11b6dpxqqd!19sChIJW5Y5oHu_yRIRGHLilwSWVnQ?authuser=0&hl=fr&rclk=1","Garage Des Chartreux - Mécanique et Carrosserie - FRANCHISE 100 % OFFERTE 13 Marseille","4,8","(169)","Atelier de réparation automobile","·","·","213 Av. des Chartreux","Fermé","· Ouvre à 08:00 lun.","04 91 64 10 78","https://garagechartreux.fr/","","Site Web","","Itinéraires","https://ssl.gstatic.com/local/servicebusiness/default_user.png","""Excellent","","·","garage","qui m'a accordé un créneau malgré sa charge de travail."""
"https://www.google.fr/maps/place/44+Cours+Honor%C3%A9+d%27Estienne+d%27Orves+Garage/data=!4m7!3m6!1s0x12c9c0c78ee64efb:0x8ff6565558f3b18b!8m2!3d43.292005!4d5.3725967!16s%2Fg%2F11gffdtq5c!19sChIJ-07mjsfAyRIRi7HzWFVW9o8?authuser=0&hl=fr&rclk=1","44 Cours Honoré d'Estienne d'Orves Garage","5,0","(2)","Parking","·","·","44 Cr Honoré d'Estienne d'Orves","","","","","","Itinéraires","","","","","","","",""
"https://www.google.fr/maps/place/Grand+Garage+St+Charles/data=!4m7!3m6!1s0x12c9c09e7e04fdc1:0xc0838f5b54eb4e48!8m2!3d43.3036802!4d5.3913678!16s%2Fg%2F11bzzyhlfp!19sChIJwf0Efp7AyRIRSE7rVFuPg8A?authuser=0&hl=fr&rclk=1","Grand Garage St Charles","1,5","(2)","Garage automobile","","","","","","","","","Itinéraires","","","","","","","",""
"https://www.google.fr/maps/place/Carrosserie/data=!4m7!3m6!1s0x12c9c12396461525:0x5b760ced83777b2f!8m2!3d43.307664!4d5.3813109!16s%2Fg%2F11w5930397!19sChIJJRVGliPByRIRL3t3g-0Mdls?authuser=0&hl=fr&rclk=1","Carrosserie","4,7","(14)","Mécanicien de carrosserie automobile","·","8 Rue du 141ème RIA","·","","","06 44 76 85 96","","","Itinéraires","","","https://ssl.gstatic.com/local/servicebusiness/default_user.png","""Excellent","","","garage","!"""
"https://www.google.fr/maps/place/38-42+Cours+Belsunce+Garage/data=!4m7!3m6!1s0x12c9c0be4bee9ab5:0xdc911f33a2a2ab96!8m2!3d43.2989256!4d5.3766927!16s%2Fg%2F11gffdz89p!19sChIJtZruS77AyRIRlquiojMfkdw?authuser=0&hl=fr&rclk=1","38-42 Cours Belsunce Garage","2,0","(1)","Parking","·","·","38-42 Cr Belsunce","","","","","","Itinéraires","","","","","","","",""
"https://www.google.fr/maps/place/GARAGE+GUIBAL/data=!4m7!3m6!1s0x12c9c16ffb16d0e3:0xc214ef4d5b1042e2!8m2!3d43.3059835!4d5.3841806!16s%2Fg%2F11jt4j3m9_!19sChIJ49AW-2_ByRIR4kIQW03vFMI?authuser=0&hl=fr&rclk=1","GARAGE GUIBAL","","","Garage automobile","·","3 Rue Guibal","·","Fermé","· Ouvre à 09:00 sam.","07 58 63 40 38","","","Itinéraires","","","","","","","",""
"https://www.google.fr/maps/place/Garage+Minassian/data=!4m7!3m6!1s0x12c9c0b203473c69:0x6cacd81ec9ded9fa!8m2!3d43.2847807!4d5.3827479!16s%2Fg%2F1td81cky!19sChIJaTxHA7LAyRIR-tneyR7YrGw?authuser=0&hl=fr&rclk=1","Garage Minassian","4,4","(46)","Atelier de réparation automobile","·","·","32 Rue Saint-Sébastien","Ferme bientôt","· 18:30 · Ouvre à 08:00 lun.","04 91 37 59 30","http://agents.peugeot.fr/minassian-marseille","","Site Web","","Itinéraires","https://ssl.gstatic.com/local/servicebusiness/default_user.png","""Je recommande ce","","·","garage","pour leur professionnalisme et leur tarif.Merci"""
"https://www.google.fr/maps/place/Caropneu13/data=!4m7!3m6!1s0x12c9c13032840f29:0x924eb82c6ec9c44d!8m2!3d43.3116665!4d5.3770906!16s%2Fg%2F11thg0zjv_!19sChIJKQ-EMjDByRIRTcTJbiy4TpI?authuser=0&hl=fr&rclk=1","Caropneu13","4,5","(130)","Magasin de pneumatiques d'occasion","·","·","269 Bd National","Fermé","· Ouvre à 08:00 sam.","06 19 44 13 88","https://sites.google.com/d/11q4qC2ILeT0bvxMLp3rodB7IkwnZVvaQ/p/1-3cTd-dhmwyXg6L91ROpql9Aru52WR_R/edit","","Site Web","","Itinéraires","https://ssl.gstatic.com/local/servicebusiness/default_user.png","""","","·","Garage",", excellent, accueil, impeccable, professionnel et prix compétitif."""
"https://www.google.fr/maps/place/Garage+Mecanique+Poids+Lourds/data=!4m7!3m6!1s0x12c9c038cba552b1:0xf9e51769ef5c571a!8m2!3d43.3400931!4d5.3676617!16s%2Fg%2F11b6d5vpvc!19sChIJsVKlyzjAyRIRGldc72kX5fk?authuser=0&hl=fr&rclk=1","Garage Mecanique Poids Lourds","4,0","(8)","Atelier de réparation automobile","·","7 Av. de la Bauxite","","","","04 88 64 44 49","","","Itinéraires","","","https://ssl.gstatic.com/local/servicebusiness/default_user.png","""Je recommande","","","garage","au top"""
"https://www.google.fr/maps/place/Eurorepar+Garage+Achard/data=!4m7!3m6!1s0x12c9bf7a274e90d5:0xc2a16a5ac032692!8m2!3d43.3129939!4d5.4026924!16s%2Fg%2F1tfn6bbs!19sChIJ1ZBOJ3q_yRIRkiYDrKUWKgw?authuser=0&hl=fr&rclk=1","Eurorepar Garage Achard","4,8","(128)","Garage automobile","·","·","10 Rue Achard","Fermé","· Ouvre à 08:00 lun.","04 91 49 08 19","https://www.eurorepar.fr/garage-garage_achard-819.html","","Site Web","","Itinéraires","https://ssl.gstatic.com/local/servicebusiness/default_user.png","""","","·","Garage","sérieux qui fait le maximum pour satisfaire le client."""
"https://www.google.fr/maps/place/Garage+Lina+Auto/data=!4m7!3m6!1s0x12c9c113ef8c35a9:0x30ace398e16c8f3b!8m2!3d43.3193184!4d5.3846516!16s%2Fg%2F11mdky2pd3!19sChIJqTWM7xPByRIRO49s4ZjjrDA?authuser=0&hl=fr&rclk=1","Garage Lina Auto","4,3","(6)","Garage automobile","·","50 Bd du Progrès","·","Fermé","· Ouvre à 09:00 sam.","07 43 69 64 63","","","Itinéraires","","","https://ssl.gstatic.com/local/servicebusiness/default_user.png","""","","","Garage","sérieux"""
"https://www.google.fr/maps/place/Garage+SALOR/data=!4m7!3m6!1s0x12c9c0ab365a2a2d:0x72be1045fc9abf17!8m2!3d43.2803208!4d5.3901713!16s%2Fg%2F11gfj68fd4!19sChIJLSpaNqvAyRIRF7-a_EUQvnI?authuser=0&hl=fr&rclk=1","Garage SALOR","4,0","(26)","Garage automobile","·","·","107 Rue du Rouet","Ferme bientôt","· 19:00 · Ouvre à 08:30 lun.","06 99 54 99 98","","","Itinéraires","","","https://ssl.gstatic.com/local/servicebusiness/default_user.png","""","","·","Garage","très arrangeant, prise en charge rapide !!"""
"https://www.google.fr/maps/place/Garage+Elio/data=!4m7!3m6!1s0x12c9c0a62529c025:0x57a7b6b52dcff319!8m2!3d43.2901142!4d5.3905334!16s%2Fg%2F11ghpp553y!19sChIJJcApJabAyRIRGfPPLbW2p1c?authuser=0&hl=fr&rclk=1","Garage Elio","4,8","(32)","Atelier de réparation automobile","·","5 Rue Virgile Marron","·","Fermé","· Ouvre à 08:30 lun.","04 91 48 55 10","","","Itinéraires","","","https://ssl.gstatic.com/local/servicebusiness/default_user.png","""Les meilleurs garagistes du monde et je pèse mes mots !""","","","",""
"https://www.google.fr/maps/place/Standing,+3+chambres,+clim+et+garage+priv+proche+Panier+et+Terrasses+Port/data=!4m7!3m6!1s0x12c9c0ecced711cb:0xb60ccb81c05cfc7!8m2!3d43.3063736!4d5.37254!16s%2Fg%2F11ms9rvfqc!19sChIJyxHXzuzAyRIRx88FHLjMYAs?authuser=0&hl=fr&rclk=1","Standing, 3 chambres, clim et garage priv proche Panier et Terrasses Port","","","Location de vacances","","","","","","","https://www.booking.com/hotel/fr/standing-4-94m-lumineux-calme-a-euromed.en.html?aid=2068758;label=seogooglelocal-link-imagesaow-hotel-5401323_grp-3_gendate-20240917;utm_source=seogooglelocal;utm_medium=description;utm_term=hotel-5401323;utm_campaign=en","","Site Web","","Itinéraires","","","","","",""
"https://www.google.fr/maps/place/Garage+A.I.S./data=!4m7!3m6!1s0x12c9c15d6dc42f85:0xe81b6a7a02aba932!8m2!3d43.3456542!4d5.3688384!16s%2Fg%2F11t5r2yvq2!19sChIJhS_EbV3ByRIRMqmrAnpqG-g?authuser=0&hl=fr&rclk=1","Garage A.I.S.","4,4","(38)","Garage automobile","·","·","11 Bd de Letz","","","06 65 42 81 20","https://www.snapchat.com/add/belhadj13","","Site Web","","Itinéraires","https://ssl.gstatic.com/local/servicebusiness/default_user.png","""Je recommande ce","","","garage","vivement."""
"https://www.google.fr/maps/place/Garage+AKS+-+Avatacar/data=!4m7!3m6!1s0x12c9c1ce7210da99:0x71d0268331e99a42!8m2!3d43.2876694!4d5.3854635!16s%2Fg%2F11wvyxvr83!19sChIJmdoQcs7ByRIRQprpMYMm0HE?authuser=0&hl=fr&rclk=1","Garage AKS - Avatacar","3,9","(7)","Garage automobile","·","·","96 Rue Marengo","","","04 91 81 72 24","","","Itinéraires","","","","","","","",""
"","","","","","","","","","","","","","","","","","","","","",""