"hfpxzc href","qBF1Pd","MW4etd","UY7F9","W4Efsd","W4Efsd 2","W4Efsd 3","W4Efsd 4","W4Efsd 5","W4Efsd 6","UsdlK","lcr4fd href","Cw1rxd","R8c4Qb","Cw1rxd 2","R8c4Qb 2","Jn12ke src","ah5Ghc"
"","","","","","","","","","","","","","","","","",""
"","","","","","","","","","","","","","","","","",""
"https://www.google.fr/maps/place/Cuisinella/data=!4m7!3m6!1s0x12c9c125a28e90ab:0xc1f7b80ef8438e12!8m2!3d43.28489!4d5.386062!16s%2Fg%2F11vj443027!19sChIJq5COoiXByRIREo5D-A6498E?authuser=0&hl=fr&rclk=1","Cuisinella","5,0","(70)","Prestataire de réaménagement de cuisine","·","33 Avenue Jules Cantini","Fermé","· Ouvre à 10:00 sam.","·","04 28 69 38 70","https://www.google.fr/aclk?sa=L&ai=DChsSEwiBk67SwsWSAxU-OQYAHcYMAcIYACICCAEQBxoCd3M&co=1&ase=2&gclid=CjwKCAiAv5bMBhAIEiwAqP9GuG-vzT4mYYTNH_8PPuJ3Li1AiB-J7s_EDnxHxBHPkOxYfYnZd9fjkBoComsQAvD_BwE&cce=2&category=acrcp_v1_32&sig=AOD64_3FaXIMQZYhhb4p2SXiVlfCs8Spng&adurl&q&ctype=99&nis=6","","Site Web","","Itinéraires","",""
"https://www.google.fr/maps/place/L%27Expert+Fen%C3%AAtre+Azur+Alu+S%C3%A9curit%C3%A9/data=!4m7!3m6!1s0x12c9bf541432e641:0xe23a73b335f23634!8m2!3d43.285248!4d5.530134!16s%2Fg%2F1tx75kv_!19sChIJQeYyFFS_yRIRNDbyNbNzOuI?authuser=0&hl=fr&rclk=1","L'Expert Fenêtre Azur Alu Sécurité","4,9","(9)","Magasin de fenêtres en PVC","·","1195 Chemin de la Vallée","Fermé","· Ouvre à 09:00 lun.","·","04 42 71 85 63","https://www.google.fr/aclk?sa=L&ai=DChsSEwiBk67SwsWSAxU-OQYAHcYMAcIYACICCAEQAxoCd3M&co=1&ase=2&gclid=CjwKCAiAv5bMBhAIEiwAqP9GuDLTjj5_5Lqo1JFuZ5GTbCn1SxjM7nwgWKUBnZKyrT6mjpQ90UouVhoCKnoQAvD_BwE&cce=2&category=acrcp_v1_32&sig=AOD64_0-agUStaSbhDlB8kjQJuIQHfddTw&adurl&q&ctype=99&nis=6","","Site Web","","Itinéraires","",""
"https://www.google.fr/maps/place/Atelier+Woodstock+%7C+Collectif+d%27%C3%A9b%C3%A9nistes%2Fmenuisiers+%C3%A0+Marseille/data=!4m7!3m6!1s0x12c9bf66393d1819:0xfb05faf017b0a624!8m2!3d43.2996707!4d5.3691765!16s%2Fg%2F11h0mcdjg9!19sChIJGRg9OWa_yRIRJKawF_D6Bfs?authuser=0&hl=fr&rclk=1","Atelier Woodstock | Collectif d'ébénistes/menuisiers à Marseille","4,9","(24)","Atelier de menuiserie","·","25 Rue Saint-Antoine","Fermé","· Ouvre à 09:00 lun.","·","06 50 39 89 67","https://www.atelierwoodstock.com/","","Site Web","","Itinéraires","https://ssl.gstatic.com/local/servicebusiness/default_user.png","""De vrais artisans passionnés, à l’écoute et extrêmement professionnels."""
"https://www.google.fr/maps/place/Emc+Menuiserie/data=!4m7!3m6!1s0x12c9c0855d7f86a3:0xa7e116474a85e8ea!8m2!3d43.310313!4d5.3839773!16s%2Fg%2F11j2yqlkh2!19sChIJo4Z_XYXAyRIR6uiFSkcW4ac?authuser=0&hl=fr&rclk=1","Emc Menuiserie","4,8","(26)","Fenêtre en aluminium","·","15 Rue Levat","Fermé","· Ouvre à 09:00 sam.","·","04 91 47 04 73","","","Itinéraires","","","https://ssl.gstatic.com/local/servicebusiness/default_user.png","""Rapport qualité prix inégalé
Merci Eddy"""
"https://www.google.fr/maps/place/Di+Carlo+Menuiserie/data=!4m7!3m6!1s0x4828984186d1879f:0xc125b727a5db945!8m2!3d43.2993497!4d5.3687635!16s%2Fg%2F11ybyfdkf9!19sChIJn4fRhkGYKEgRRbldenJbEgw?authuser=0&hl=fr&rclk=1","Di Carlo Menuiserie","5,0","(22)","Fenêtre en aluminium","·","12 Rue du Panier","Ferme bientôt","· 20:00 · Ouvre à 08:00 sam.","·","06 13 65 16 06","https://www.instagram.com/dicarlomenuiserie?igsh=dWhhbHVlOGhiemcx&utm_source=qr","","Site Web","","Itinéraires","https://ssl.gstatic.com/local/servicebusiness/default_user.png","""Il a installé toue la cuisine, c'est superbe, belles finitions."""
"https://www.google.fr/maps/place/MESERAL/data=!4m7!3m6!1s0x12c9c0f4aeb607ab:0xe631e9fbc5a9bf8f!8m2!3d43.314634!4d5.372414!16s%2Fg%2F1tdj7t_h!19sChIJqwe2rvTAyRIRj7-pxfvpMeY?authuser=0&hl=fr&rclk=1","MESERAL","4,3","(35)","Atelier de métallerie","·","·","Fermé","· Ouvre à 08:00 lun.","·","04 91 08 55 22","http://www.meseral.com/","","Site Web","","Itinéraires","https://ssl.gstatic.com/local/servicebusiness/default_user.png","""Intervention en 3 jours pour le changer, gracieusement, et avec le sourire."""
"https://www.google.fr/maps/place/TOFERBAT/data=!4m7!3m6!1s0x12c9c06e3338b4c5:0xb458596114694c95!8m2!3d43.3315104!4d5.3827718!16s%2Fg%2F1v3g6g72!19sChIJxbQ4M27AyRIRlUxpFGFZWLQ?authuser=0&hl=fr&rclk=1","TOFERBAT","4,9","(324)","Atelier de menuiserie","·","·","Fermé","· Ouvre à 07:30 lun.","·","04 91 65 55 58","https://www.toferbat.com/","","Site Web","","Itinéraires","https://ssl.gstatic.com/local/servicebusiness/default_user.png","""Merci au"
"https://www.google.fr/maps/place/Atelier+Calix/data=!4m7!3m6!1s0x12c9c107c849c001:0xf3db70b4815e036a!8m2!3d43.2905036!4d5.3671507!16s%2Fg%2F11sgkq9_fy!19sChIJAcBJyAfByRIRagNegbRw2_M?authuser=0&hl=fr&rclk=1","Atelier Calix","5,0","(3)","Atelier de menuiserie","·","145 Rue Sainte","","","","06 64 29 50 60","https://www.ateliercalix.com/","","Site Web","","Itinéraires","https://ssl.gstatic.com/local/servicebusiness/default_user.png","""Alice nous a fait une magnifique bibliothèque sur mesure en plaqué chêne."""
"https://www.google.fr/maps/place/CBE+-+CONCEPT+BOIS+EXCELLENCE/data=!4m7!3m6!1s0x61ddeb8a23bc4679:0x615fa0f00cba3d2!8m2!3d43.4044443!4d6.3801656!16s%2Fg%2F11sdz9spxy!19sChIJeUa8I4rr3WER0qPLAA_6FQY?authuser=0&hl=fr&rclk=1","CBE - CONCEPT BOIS EXCELLENCE","5,0","(1)","Menuisier","","·","Fermé","· Ouvre à 08:00 lun.","","06 73 50 24 06","https://www.concept-bois-excellence.fr/","","Site Web","","Itinéraires","https://ssl.gstatic.com/local/servicebusiness/default_user.png","""Les côtes ont été prises en décembre pour une pose complète en février."""
"https://www.google.fr/maps/place/BL+Menuiserie/data=!4m7!3m6!1s0x12c9c14ef6375baf:0x2bdeb7f76f1b0520!8m2!3d43.292409!4d5.3687959!16s%2Fg%2F11ynkp11nz!19sChIJr1s39k7ByRIRIAUbb_e33is?authuser=0&hl=fr&rclk=1","BL Menuiserie","5,0","(7)","Menuisier","·","8 Rue du Chantier","Fermé","· Ouvre à 08:00 sam.","·","07 66 05 95 37","","","Itinéraires","","","https://ssl.gstatic.com/local/servicebusiness/default_user.png","""Excellente menuiserie, travail sérieux et soigné"""
"https://www.google.fr/maps/place/Share-Wood+Marseille/data=!4m7!3m6!1s0x12c9c1e90d77c4a1:0x7c4e32a227cb504f!8m2!3d43.3166799!4d5.3892242!16s%2Fg%2F11gy747hqm!19sChIJocR3DenByRIRT1DLJ6IyTnw?authuser=0&hl=fr&rclk=1","Share-Wood Marseille","4,4","(11)","Menuisier","·","·","Ouvert 24h/24","","·","04 65 43 03 00","http://www.share-wood.fr/","","Site Web","","Itinéraires","https://ssl.gstatic.com/local/servicebusiness/default_user.png","""Je l'ai aient déjà recommandé."""
"https://www.google.fr/maps/place/Menuiserie+MUNOS/data=!4m7!3m6!1s0x12c9c0c66cf1651b:0xaeefaf6e68717079!8m2!3d43.2918759!4d5.3686157!16s%2Fg%2F11gb4103z7!19sChIJG2XxbMbAyRIReXBxaG6v764?authuser=0&hl=fr&rclk=1","Menuiserie MUNOS","5,0","(5)","Atelier de menuiserie","·","·","Fermé","· Ouvre à 09:00 lun.","·","06 12 13 28 01","https://www.facebook.com/menuiseriemunos","","Site Web","","Itinéraires","https://ssl.gstatic.com/local/servicebusiness/default_user.png","""Je recommande vivement !!!"""
"https://www.google.fr/maps/place/Atelier+Capelan+-+Menuiserie+%2F+Eb%C3%A9nisterie+Marseille/data=!4m7!3m6!1s0x2cf8a1dda7a50841:0xf6c6849c6990dd7!8m2!3d43.3265057!4d5.3658362!16s%2Fg%2F11l750txz8!19sChIJQQilp92h-CwR1w2ZxklobA8?authuser=0&hl=fr&rclk=1","Atelier Capelan - Menuiserie / Ebénisterie Marseille","5,0","(9)","Menuisier","·","Ici, 77 Rue de Lyon","Fermé","· Ouvre à 08:00 sam.","·","06 13 28 06 87","http://ateliercapelan.fr/","","Site Web","","Itinéraires","https://ssl.gstatic.com/local/servicebusiness/default_user.png","""A la recherche d'un"
"https://www.google.fr/maps/place/REPAR%27PORTES+-+Menuisier+%C3%A0+Marseille+et+ses+alentours/data=!4m7!3m6!1s0x12c9a5dd2872473b:0x42a2d7a49a4912f1!8m2!3d43.2828182!4d5.38774!16s%2Fg%2F11h3m41qgb!19sChIJO0dyKN2lyRIR8RJJmqTXokI?authuser=0&hl=fr&rclk=1","REPAR'PORTES - Menuisier à Marseille et ses alentours","4,9","(80)","Menuisier","·","Siege sociale :, 51 Rue du Rouet","Fermé","· Ouvre à 09:00 sam.","·","04 51 58 06 79","http://www.reparation-menuiserie-clain.fr/","","Site Web","","Itinéraires","https://ssl.gstatic.com/local/servicebusiness/default_user.png","""Autant de qualités très rares dans ce métier."""
"https://www.google.fr/maps/place/Menuiserie+Ebenisterie+Parent+X./data=!4m7!3m6!1s0x12c9b9e1e527db6d:0x8e4cf3977a35e301!8m2!3d43.3344149!4d5.3584026!16s%2Fg%2F11j79ssd0v!19sChIJbdsn5eG5yRIRAeM1epfzTI4?authuser=0&hl=fr&rclk=1","Menuiserie Ebenisterie Parent X.","5,0","(3)","Atelier de menuiserie","·","89 Boul Vialla 18 Av St Saens 13009, 89 Bd Viala","Fermé","· Ouvre à 09:00 lun.","·","06 15 47 14 35","https://www.google.com/search?client=firefox-b-d&q=parent+xavier","","Site Web","","Itinéraires","https://ssl.gstatic.com/local/servicebusiness/default_user.png","""Travail conforme à ma demande et d'une qualité parfaite."""
"https://www.google.fr/maps/place/Artisan+De+La+Fenetre/data=!4m7!3m6!1s0x12c9c09e337ddeab:0x717108b519251a64!8m2!3d43.3014275!4d5.3930143!16s%2Fg%2F11xx6stj9!19sChIJq959M57AyRIRZBolGbUIcXE?authuser=0&hl=fr&rclk=1","Artisan De La Fenetre","4,8","(162)","Magasin de fenêtres en PVC","·","140 Bd de la Libération","Fermé","· Ouvre à 08:00 lun.","·","06 24 24 12 11","https://artisandelafenetre.site-solocal.com/","","Site Web","","Itinéraires","https://ssl.gstatic.com/local/servicebusiness/default_user.png","""Prix raisonnable et travail de qualité."""
"https://www.google.fr/maps/place/Sixieme+Essence+-+Menuiserie+%26+%C3%A9b%C3%A9nisterie/data=!4m7!3m6!1s0x12c9c140167775bd:0x8a1c992376059e0a!8m2!3d43.3034675!4d5.3691917!16s%2Fg%2F11nft7mmlf!19sChIJvXV3FkDByRIRCp4FdiOZHIo?authuser=0&hl=fr&rclk=1","Sixieme Essence - Menuiserie & ébénisterie","","","Menuisier","·","10 Rue Vincent Leblanc","Fermé","· Ouvre à 10:00 lun.","·","06 01 85 37 66","http://www.sixieme-essence.com/","","Site Web","","Itinéraires","",""
"https://www.google.fr/maps/place/Touche+du+bois/data=!4m7!3m6!1s0x12c9c0d1eda76b4f:0xdcab13b8d6033366!8m2!3d43.2867759!4d5.361543!16s%2Fg%2F1tv57x4l!19sChIJT2un7dHAyRIRZjMD1rgTq9w?authuser=0&hl=fr&rclk=1","Touche du bois","5,0","(5)","Menuisier","·","37 Rue du Coteau","","","","06 61 46 72 87","https://www.touchedubois.fr/","","Site Web","","Itinéraires","https://ssl.gstatic.com/local/servicebusiness/default_user.png","""Nous allons faire appel à lui avec bonheur pour la 3eme fois"""
"https://www.google.fr/maps/place/Parent+Xavier/data=!4m7!3m6!1s0x12c9c0c66df1ea75:0x21ec5da3ed90a034!8m2!3d43.2919787!4d5.3686142!16s%2Fg%2F1td99z9q!19sChIJderxbcbAyRIRNKCQ7aNd7CE?authuser=0&hl=fr&rclk=1","Parent Xavier","5,0","(3)","Menuisier","·","27 Rue Neuve Sainte-Catherine","","","","06 15 47 14 35","","","Itinéraires","","","",""
"https://www.google.fr/maps/place/Atelier+Marion+Aubert+-+Ebeniste+Menuisier/data=!4m7!3m6!1s0x12c9c14144c0286d:0x91bdbdde10db6a80!8m2!3d43.3262882!4d5.3662939!16s%2Fg%2F11shlls__k!19sChIJbSjAREHByRIRgGrbEN69vZE?authuser=0&hl=fr&rclk=1","Atelier Marion Aubert - Ebeniste Menuisier","5,0","(19)","Menuisier","·","77 Rue de Lyon","Fermé","· Ouvre à 09:00 lun.","·","06 41 02 75 03","http://ateliermarionaubert.com/","","Site Web","","Itinéraires","https://ssl.gstatic.com/local/servicebusiness/default_user.png","""Je recommande 1000 fois de travailler avec elle !"""
"https://www.google.fr/maps/place/Atelier+Grotte/data=!4m7!3m6!1s0x12c9c1005c7e4e9d:0x8b2889729e6bacbd!8m2!3d43.297522!4d5.3710449!16s%2Fg%2F11xrwv_9pp!19sChIJnU5-XADByRIRvaxrnnKJKIs?authuser=0&hl=fr&rclk=1","Atelier Grotte","5,0","(4)","Menuisier","·","32 Pl. Victor Gélu","","","","","https://www.instagram.com/ateliergrotte","","Site Web","","Itinéraires","https://ssl.gstatic.com/local/servicebusiness/default_user.png","""Super collectif de"
"https://www.google.fr/maps/place/Les+Menuisiers+Marseillais/data=!4m7!3m6!1s0x12c9c1a61cdbc713:0x9e9b9be101981005!8m2!3d43.3062846!4d5.4015113!16s%2Fg%2F11t1cvfk0v!19sChIJE8fbHKbByRIRBRCYAeGbm54?authuser=0&hl=fr&rclk=1","Les Menuisiers Marseillais","5,0","(157)","Magasin de fenêtres en PVC","·","14 Rue de la Conception","Fermé","· Ouvre à 09:00 lun.","·","04 88 60 66 03","http://www.lesmenuisiersmarseillais.fr/","","Site Web","","Itinéraires","https://ssl.gstatic.com/local/servicebusiness/default_user.png","""Nous sommes très satisfaits de la prestation des"
"https://www.google.fr/maps/place/L%27Expert+Fen%C3%AAtre+Azur+Alu+S%C3%A9curit%C3%A9/data=!4m7!3m6!1s0x12c9bf541432e641:0xe23a73b335f23634!8m2!3d43.285248!4d5.530134!16s%2Fg%2F1tx75kv_!19sChIJQeYyFFS_yRIRNDbyNbNzOuI?authuser=0&hl=fr&rclk=1","L'Expert Fenêtre Azur Alu Sécurité","4,9","(9)","Magasin de fenêtres en PVC","·","1195 Chemin de la Vallée","Fermé","· Ouvre à 09:00 lun.","·","04 42 71 85 63","https://www.google.fr/aclk?sa=L&ai=DChsSEwjghZfVwsWSAxWfe0ECHaNmM8oYACICCAEQABoCd3M&co=1&ase=2&gclid=CjwKCAiAv5bMBhAIEiwAqP9GuHi_DZ04favuYBi714eO5IxQBL77jOpL-z6nC6QSd2M0GwopJXYw9BoCWAYQAvD_BwE&cce=2&category=acrcp_v1_32&sig=AOD64_1lNU_wijOG0609M_JGXI3u4pPK7g&adurl&q&ctype=99&nis=6","","Site Web","","Itinéraires","",""
"https://www.google.fr/maps/place/Cuisinella/data=!4m7!3m6!1s0x12c9c125a28e90ab:0xc1f7b80ef8438e12!8m2!3d43.28489!4d5.386062!16s%2Fg%2F11vj443027!19sChIJq5COoiXByRIREo5D-A6498E?authuser=0&hl=fr&rclk=1","Cuisinella","5,0","(70)","Prestataire de réaménagement de cuisine","·","33 Avenue Jules Cantini","Fermé","· Ouvre à 10:00 sam.","·","04 28 69 38 70","https://www.google.fr/aclk?sa=L&ai=DChsSEwjghZfVwsWSAxWfe0ECHaNmM8oYACICCAEQCBoCd3M&co=1&ase=2&gclid=CjwKCAiAv5bMBhAIEiwAqP9GuDf48q_DgbuKdRRykhm3Fykl_GAYbEdaVenFl-Nb-skjI1NlH0iIjhoCDo8QAvD_BwE&cce=2&category=acrcp_v1_32&sig=AOD64_2fgCglDmpS2NVEOR98u2DktL9uRQ&adurl&q&ctype=99&nis=6","","Site Web","","Itinéraires","",""
"https://www.google.fr/maps/place/menuiserie+etp.bodier/data=!4m7!3m6!1s0x12c9c1535af2d119:0xb4d2fc7421eb28f3!8m2!3d43.3253951!4d5.3732621!16s%2Fg%2F11mzcltxqb!19sChIJGdHyWlPByRIR8yjrIXT80rQ?authuser=0&hl=fr&rclk=1","menuiserie etp.bodier","","","Menuisier","·","etp.bordier@gmail.com, 103 Bd Danielle Casanova","Fermé","· Ouvre à 08:00 lun.","·","06 14 77 39 86","","","Itinéraires","","","",""
"https://www.google.fr/maps/place/Atelier+Kodo/data=!4m7!3m6!1s0x12c9c159cea41bfb:0xe33dde7223b7074d!8m2!3d43.3032282!4d5.3909743!16s%2Fg%2F11k560g28t!19sChIJ-xukzlnByRIRTQe3I3LePeM?authuser=0&hl=fr&rclk=1","Atelier Kodo","4,9","(35)","Menuisier","·","76 Rue Jean de Bernardy","Fermé","· Ouvre à 08:30 lun.","·","06 13 98 44 24","http://atelierkodo.com/","","Site Web","","Itinéraires","https://ssl.gstatic.com/local/servicebusiness/default_user.png","""Le rendu est de très bonne qualité, nous sommes pleinement satisfaits"""
"https://www.google.fr/maps/place/La+Menuiserie+Marseillaise/data=!4m7!3m6!1s0x12c9c1c365d75bdb:0x2f90e1eb84ced336!8m2!3d43.3265057!4d5.3658362!16s%2Fg%2F11wvx8t6tb!19sChIJ21vXZcPByRIRNtPOhOvhkC8?authuser=0&hl=fr&rclk=1","La Menuiserie Marseillaise","5,0","(6)","Atelier de menuiserie","·","77 Rue de Lyon","Fermé","· Ouvre à 09:00 lun.","·","06 64 27 17 37","","","Itinéraires","","","https://ssl.gstatic.com/local/servicebusiness/default_user.png","""Bref, je ne peux que le recommander chaudement !"""
"https://www.google.fr/maps/place/Atelier+AI+-+Eb%C3%A9nisterie+et+Agencement+Int%C3%A9rieur/data=!4m7!3m6!1s0x12c9c140bbe5e7dd:0xc58524fdc54991f7!8m2!3d43.286491!4d5.3711406!16s%2Fg%2F11h4nl_zz9!19sChIJ3eflu0DByRIR95FJxf0khcU?authuser=0&hl=fr&rclk=1","Atelier AI - Ebénisterie et Agencement Intérieur","5,0","(7)","Atelier de menuiserie","·","6 Rue du Panorama","","","","07 61 57 30 20","https://www.instagram.com/atelierai_bois/","","Site Web","","Itinéraires","https://ssl.gstatic.com/local/servicebusiness/default_user.png","""Nous sommes ravis et recommandons Atelier AI !"""
"https://www.google.fr/maps/place/ATELIER+BARDET+%26+COO/data=!4m7!3m6!1s0x12c9c06f3a4619b5:0xfc745c0e9d31f21f!8m2!3d43.3306517!4d5.3771515!16s%2Fg%2F1tgtzjgc!19sChIJtRlGOm_AyRIRH_IxnQ5cdPw?authuser=0&hl=fr&rclk=1","ATELIER BARDET & COO","4,4","(8)","Atelier de menuiserie","·","2 Bd Larousse","Fermé","· Ouvre à 07:30 lun.","·","04 91 02 88 78","https://atelier-bardet.fr/","","Site Web","","Itinéraires","",""
"https://www.google.fr/maps/place/Atelier+MAB%C3%89/data=!4m7!3m6!1s0x12c9c1c70b8005e5:0x45737ab5d8bee7c!8m2!3d43.2906024!4d5.3686366!16s%2Fg%2F11vhcrbq7f!19sChIJ5QWAC8fByRIRfO6LXas3VwQ?authuser=0&hl=fr&rclk=1","Atelier MABÉ","5,0","(2)","Atelier de menuiserie","·","Atelier Le Petit Chantier, 30 Rue Petit Chantier","Fermé","· Ouvre à 08:30 lun.","","","https://instagram.com/ateliermabe?igshid=OGQ5ZDc2ODk2ZA==","","Site Web","","Itinéraires","https://ssl.gstatic.com/local/servicebusiness/default_user.png","""Très bel atelier authentic entre bois et céramique!"""
"https://www.google.fr/maps/place/Atelier+OPC/data=!4m7!3m6!1s0x12c9c09f1ebb3949:0x262f7353809684e3!8m2!3d43.3012973!4d5.3902819!16s%2Fg%2F11ghpp4bbz!19sChIJSTm7Hp_AyRIR44SWgFNzLyY?authuser=0&hl=fr&rclk=1","Atelier OPC","","","Atelier de menuiserie","·","18 Rue Léon Bourgeois","Fermé","· Ouvre à 08:00 lun.","·","06 46 85 03 90","http://atelieropc.fr/","","Site Web","","Itinéraires","",""
"https://www.google.fr/maps/place/SOCI%C3%89T%C3%89+MARAVAL+MARSEILLE+-+RENOVATION+-+FEN%C3%8ATRES+-+STORES/data=!4m7!3m6!1s0x12c9bfb31aa9618d:0xc9e64e365114af63!8m2!3d43.2973397!4d5.4013535!16s%2Fg%2F11clsnm1v9!19sChIJjWGpGrO_yRIRY68UUTZO5sk?authuser=0&hl=fr&rclk=1","SOCIÉTÉ MARAVAL MARSEILLE - RENOVATION - FENÊTRES - STORES","5,0","(405)","Atelier de menuiserie","·","·","Fermé","· Ouvre à 07:00 sam.","·","04 65 27 40 16","http://societemaraval.com/?utm_source=gmb","","Site Web","","Itinéraires","https://ssl.gstatic.com/local/servicebusiness/default_user.png","""Je recommande vivement Maraval pour tout travail de menuiserie."""
"https://www.google.fr/maps/place/Pleinsoleils/data=!4m7!3m6!1s0x12c9bf6d4cf91f09:0xd667309465cf3071!8m2!3d43.3040225!4d5.3979841!16s%2Fg%2F11f60xc692!19sChIJCR_5TG2_yRIRcTDPZZQwZ9Y?authuser=0&hl=fr&rclk=1","Pleinsoleils","5,0","(43)","Menuisier","·","·","Fermé","· Ouvre à 08:30 sam.","·","06 07 01 17 19","http://pleinsoleils.fr/?utm_source=gmb","","Site Web","","Itinéraires","https://ssl.gstatic.com/local/servicebusiness/default_user.png","""Je recommande largement"""
"https://www.google.fr/maps/place/Albanese+%C3%89b%C3%A9nisterie/data=!4m7!3m6!1s0x12c9bfc2890830a3:0xb23a2aacc77c5035!8m2!3d43.3031811!4d5.4066471!16s%2Fg%2F11rd2crkz9!19sChIJozAIicK_yRIRNVB8x6wqOrI?authuser=0&hl=fr&rclk=1","Albanese Ébénisterie","5,0","(27)","Atelier de menuiserie","·","Imp. Cas","Fermé","· Ouvre à 08:30 lun.","·","06 07 26 65 03","https://www.instagram.com/albaneseebenisterie/","","Site Web","","Itinéraires","https://ssl.gstatic.com/local/servicebusiness/default_user.png","""Très bon"
"https://www.google.fr/maps/place/Menuiserie+du+Ch%C3%AAne+Rouge+%7C+%C3%89b%C3%A9niste/data=!4m7!3m6!1s0x23b87d145cbdf36f:0x1e2166ea51c3490a!8m2!3d43.2957455!4d5.3926795!16s%2Fg%2F11x1zs1z15!19sChIJb_O9XBR9uCMRCknDUepmIR4?authuser=0&hl=fr&rclk=1","Menuiserie du Chêne Rouge | Ébéniste","5,0","(9)","Atelier de menuiserie","·","108 Rue Horace Bertin","Fermé","· Ouvre à 08:00 lun.","·","06 19 75 45 42","http://www.menuiserieduchenerouge.fr/","","Site Web","","Itinéraires","https://ssl.gstatic.com/local/servicebusiness/default_user.png","""Je recommande à tous ceux qui veulent un travail en menuiserie de qualité."""
"https://www.google.fr/maps/place/David+Chuillet+menuisier/data=!4m7!3m6!1s0x12c9c0c5f1c4aed9:0x1147691b23aaa85f!8m2!3d43.3005205!4d5.3709629!16s%2Fg%2F11f30cr83h!19sChIJ2a7E8cXAyRIRX6iqIxtpRxE?authuser=0&hl=fr&rclk=1","David Chuillet menuisier","5,0","(1)","Menuisier","·","54 Rue de la République","Fermé","· Ouvre à 08:30 lun.","·","06 74 29 32 60","","","Itinéraires","","","",""
"https://www.google.fr/maps/place/Menuiserie+Cinabre/data=!4m7!3m6!1s0x8652aa2c1d75da29:0xbac435c3d8566815!8m2!3d43.298115!4d5.3903388!16s%2Fg%2F11rvbh_qrl!19sChIJKdp1HSyqUoYRFWhW2MM1xLo?authuser=0&hl=fr&rclk=1","Menuiserie Cinabre","5,0","(11)","Menuisier","·","10 boulevard Eugene Pierre, 47 Avenue Burel","Fermé","· Ouvre à 08:00 lun.","·","06 62 38 77 14","https://menuiserie-cinabre.com/","","Site Web","","Itinéraires","https://ssl.gstatic.com/local/servicebusiness/default_user.png","""Une belle rencontre, des échanges très agréables."""
"https://www.google.fr/maps/place/ATELIER+BOIS+DURABLE/data=!4m7!3m6!1s0x12c9bf628dc3e52f:0xce366cdb69fa0f38!8m2!3d43.3066998!4d5.3949961!16s%2Fg%2F11y35_v6rc!19sChIJL-XDjWK_yRIROA_6adtsNs4?authuser=0&hl=fr&rclk=1","ATELIER BOIS DURABLE","3,7","(3)","Fabricant","·","88 Bd Camille Flammarion","","","","","http://atelierboisdurable.fr/","","Site Web","","Itinéraires","https://ssl.gstatic.com/local/servicebusiness/default_user.png","""Travail minutieux, de qualité."""
"https://www.google.fr/maps/place/Atelier+Duvernoy/data=!4m7!3m6!1s0x12c9c14d3aaa87b7:0x7db7dc0c38a3208d!8m2!3d43.2952454!4d5.3936075!16s%2Fg%2F11y1nb7g88!19sChIJt4eqOk3ByRIRjSCjOAzct30?authuser=0&hl=fr&rclk=1","Atelier Duvernoy","5,0","(5)","Atelier de menuiserie","·","122 Bd Chave","Fermé","· Ouvre à 08:30 lun.","·","07 49 47 79 10","https://www.atelierduvernoy.fr/","","Site Web","","Itinéraires","https://ssl.gstatic.com/local/servicebusiness/default_user.png","""Je recommande."""
"https://www.google.fr/maps/place/PICOU+-+mobilier+artisanal+-+menuiserie+%C3%A9b%C3%A9nisterie/data=!4m7!3m6!1s0x12c9c1ad29e81649:0x9991a563fef2bd09!8m2!3d43.31668!4d5.3892242!16s%2Fg%2F11x_63c1xk!19sChIJSRboKa3ByRIRCb3y_mOlkZk?authuser=0&hl=fr&rclk=1","PICOU - mobilier artisanal - menuiserie ébénisterie","5,0","(10)","Fabricant de meubles","·","47 Bd Burel","Fermé","· Ouvre à 08:00 lun.","","","https://bureaupicou.com/","","Site Web","","Itinéraires","https://ssl.gstatic.com/local/servicebusiness/default_user.png","""Super"
"https://www.google.fr/maps/place/GIALJO+FERMETURE/data=!4m7!3m6!1s0x12c9c1c7d1cb76bf:0x23f3b3cd00bab774!8m2!3d43.2878695!4d5.3556552!16s%2Fg%2F11xs_k2lwn!19sChIJv3bL0cfByRIRdLe6AM2z8yM?authuser=0&hl=fr&rclk=1","GIALJO FERMETURE","5,0","(65)","Atelier de menuiserie","·","70 Rue Samatan","Ferme bientôt","· 20:00 · Ouvre à 08:00 sam.","·","07 70 67 17 63","","","Itinéraires","","","https://ssl.gstatic.com/local/servicebusiness/default_user.png","""Prix t’es attractif, artisan honnête!"""
"https://www.google.fr/maps/place/Atelier+Berek/data=!4m7!3m6!1s0x12c9c1b70e51bdbf:0x20bca1c070b47edd!8m2!3d43.3166799!4d5.3892242!16s%2Fg%2F11h1k95c35!19sChIJv71RDrfByRIR3X60cMChvCA?authuser=0&hl=fr&rclk=1","Atelier Berek","4,8","(24)","Menuisier","·","47 Bd Burel","Fermé","· Ouvre à 08:30 lun.","·","06 72 26 92 16","http://www.atelierberek.com/","","Site Web","","Itinéraires","https://ssl.gstatic.com/local/servicebusiness/default_user.png","""Je recommande fortement !"""
"https://www.google.fr/maps/place/PRO+MR/data=!4m7!3m6!1s0x12c9c06a5e3e1193:0x9b01ba6127cbdd82!8m2!3d43.3356485!4d5.3737618!16s%2Fg%2F1tr6pgj8!19sChIJkxE-XmrAyRIRgt3LJ2G6AZs?authuser=0&hl=fr&rclk=1","PRO MR","4,4","(23)","Atelier de menuiserie","·","39 Bd Gay Lussac","Fermé","· Ouvre à 08:00 lun.","·","04 91 02 41 81","http://www.pro-mr-menuiseries.fr/?utm_source=gmb","","Site Web","","Itinéraires","https://ssl.gstatic.com/local/servicebusiness/default_user.png","""Je ne peux que recommander PRO MR."""
"https://www.google.fr/maps/place/Menuiserie+Aluminium+Performance/data=!4m7!3m6!1s0x12c9bf85adf551b3:0x78e22d9ec04253f1!8m2!3d43.3256085!4d5.4011173!16s%2Fg%2F1tjbc8z8!19sChIJs1H1rYW_yRIR8VNCwJ4t4ng?authuser=0&hl=fr&rclk=1","Menuiserie Aluminium Performance","4,5","(11)","Atelier de métallerie","·","182 Av. Corot","","","","04 91 70 16 70","","","Itinéraires","","","",""
"https://www.google.fr/maps/place/Eb%C3%A9nisterie+de+la+Croix/data=!4m7!3m6!1s0x12c9c0c63e7e259f:0x45349ab9f67ef45e!8m2!3d43.2914716!4d5.3693275!16s%2Fg%2F1tjp4fx3!19sChIJnyV-PsbAyRIRXvR-9rmaNEU?authuser=0&hl=fr&rclk=1","Ebénisterie de la Croix","5,0","(2)","Atelier de menuiserie","·","13 Rue de la Croix","Fermé","· Ouvre à 08:00 sam.","·","04 91 33 02 36","","","Itinéraires","","","",""
"https://www.google.fr/maps/place/Menuiserie+Marino+%26+Fils/data=!4m7!3m6!1s0x12c9c0a6c41dfef5:0x4efb6ffa98f700bb!8m2!3d43.2932594!4d5.411823!16s%2Fg%2F1vhjw5yw!19sChIJ9f4dxKbAyRIRuwD3mPpv-04?authuser=0&hl=fr&rclk=1","Menuiserie Marino & Fils","4,8","(28)","Atelier de menuiserie","·","164 Chem. de Saint-Jean du Désert","Fermé","· Ouvre à 07:00 lun.","·","04 91 64 17 56","https://marinomenuiserie.com/","","Site Web","","Itinéraires","https://ssl.gstatic.com/local/servicebusiness/default_user.png","""Des prix abordables, du bon boulot, on peut avoir confiance!"""
"https://www.google.fr/maps/place/Menuiserie+DB+Bois/data=!4m7!3m6!1s0x12c9c0494ae0bd57:0x979dc6121588a4f8!8m2!3d43.3344646!4d5.3584442!16s%2Fg%2F11c2p96scz!19sChIJV73gSknAyRIR-KSIFRLGnZc?authuser=0&hl=fr&rclk=1","Menuiserie DB Bois","","","Menuisier","·","89 Bd Viala","","","","06 82 48 87 86","","","Itinéraires","","","",""
"https://www.google.fr/maps/place/Atelier+Co%26ssences+:+Eb%C3%A9niste+Designer,+de+la+3D+%C3%A0+la+mati%C3%A8re/data=!4m7!3m6!1s0x12c9c1b960bd8199:0x1d02115c8f248659!8m2!3d43.3033258!4d5.3908737!16s%2Fg%2F11ltmkfw6l!19sChIJmYG9YLnByRIRWYYkj1wRAh0?authuser=0&hl=fr&rclk=1","Atelier Co&ssences : Ebéniste Designer, de la 3D à la matière","5,0","(14)","Menuisier","·","76 Rue Jean de Bernardy","Fermé","· Ouvre à 08:30 lun.","·","07 84 89 50 66","http://www.ateliercoessences.com/","","Site Web","","Itinéraires","https://ssl.gstatic.com/local/servicebusiness/default_user.png","""Excellent"
"https://www.google.fr/maps/place/Eb%C3%A9niste+-+Atelier+Dax/data=!4m7!3m6!1s0x12c9c1e463a60953:0x2abbeda7da958aad!8m2!3d43.2996637!4d5.369174!16s%2Fg%2F11p_4k185p!19sChIJUwmmY-TByRIRrYqV2qftuyo?authuser=0&hl=fr&rclk=1","Ebéniste - Atelier Dax","5,0","(5)","Menuisier","·","25 Rue Saint-Antoine","Fermé","· Ouvre à 08:30 lun.","·","06 48 12 74 20","","","Itinéraires","","","https://ssl.gstatic.com/local/servicebusiness/default_user.png","""Commande sur mesure en fonction de nos criteres très spécifiques."""
"https://www.google.fr/maps/place/A.+R.+V.+Menuiserie/data=!4m7!3m6!1s0x12c9bf43fdf1cf2b:0x9f3070115176b77!8m2!3d43.2921379!4d5.4098302!16s%2Fg%2F11fz27nv5f!19sChIJK8_x_UO_yRIRd2sXFQEH8wk?authuser=0&hl=fr&rclk=1","A. R. V. Menuiserie","4,6","(47)","Menuisier","·","11 Bd Sainte-Thérèse","Fermé","· Ouvre à 09:00 lun.","·","04 96 11 22 00","http://abeille-renovation.com/","","Site Web","","Itinéraires","https://ssl.gstatic.com/local/servicebusiness/default_user.png","""Les"
"https://www.google.fr/maps/place/RINKU/data=!4m7!3m6!1s0x12c9c0d115d7bbb7:0x7a7486f76edaf9e1!8m2!3d43.3132764!4d5.3688697!16s%2Fg%2F11h3lg93vh!19sChIJt7vXFdHAyRIR4fnabveGdHo?authuser=0&hl=fr&rclk=1","RINKU","4,8","(14)","Menuisier","·","133 Rue Peyssonnel","Fermé","· Ouvre à 09:00 lun.","·","06 07 50 88 51","https://rinku.design/","","Site Web","","Itinéraires","https://ssl.gstatic.com/local/servicebusiness/default_user.png","""Nous sommes à Lyon et avons monté nous même les façades."""
"https://www.google.fr/maps/place/Pro+design+menuiserie/data=!4m7!3m6!1s0x12c9c18b9f170eed:0xfc9ded0d155f3f8a!8m2!3d43.2893928!4d5.378321!16s%2Fg%2F11x6y493qj!19sChIJ7Q4Xn4vByRIRij9fFQ3tnfw?authuser=0&hl=fr&rclk=1","Pro design menuiserie","5,0","(4)","Menuisier","·","96 Rue Paradis","Fermé","· Ouvre à 07:00 lun.","·","04 88 91 95 01","https://www.prodesignmenuiserie.fr/","","Site Web","","Itinéraires","https://ssl.gstatic.com/local/servicebusiness/default_user.png","""Selon moi la meilleure entreprise de menuiserie à Marseille !"""
"https://www.google.fr/maps/place/Ebenisterie+Matacchione+et+Fils/data=!4m7!3m6!1s0x12c9c0d24a4d4bc5:0x8279b0f66feb3a6b!8m2!3d43.2912569!4d5.3668681!16s%2Fg%2F1tpmd6yz!19sChIJxUtNStLAyRIRazrrb_aweYI?authuser=0&hl=fr&rclk=1","Ebenisterie Matacchione et Fils","5,0","(2)","Fabricant de meubles","·","7 Rue d'Endoume","","","","04 91 33 57 06","","","Itinéraires","","","",""
"https://www.google.fr/maps/place/MK+Horizons/data=!4m7!3m6!1s0x12c9c19c65399461:0x33ee3a0ba126421e!8m2!3d43.2908923!4d5.3560038!16s%2Fg%2F11ww8b1nkc!19sChIJYZQ5ZZzByRIRHkImoQs67jM?authuser=0&hl=fr&rclk=1","MK Horizons","5,0","(2)","Menuisier","·","8 Rue des Catalans","","","","06 77 29 34 22","https://mk-horizons.fr/","","Site Web","","Itinéraires","https://ssl.gstatic.com/local/servicebusiness/default_user.png","""Je recommande"""
"https://www.google.fr/maps/place/Ateliers+Boisa/data=!4m7!3m6!1s0x12c9c1b2613db003:0x709634bf97cbc299!8m2!3d43.3044128!4d5.3900949!16s%2Fg%2F11lv267yz_!19sChIJA7A9YbLByRIRmcLLl780lnA?authuser=0&hl=fr&rclk=1","Ateliers Boisa","5,0","(1)","Menuisier","·","9 All. Simone Gébelin","Ouvert","· Ferme à 00:00","","","","","Itinéraires","","","",""
"https://www.google.fr/maps/place/MENUISERIES+SAINT+BARNABE/data=!4m7!3m6!1s0x6cf4c4e085cb47cf:0xf12ce576bb919131!8m2!3d43.3040066!4d5.4119786!16s%2Fg%2F11ss_rv4r8!19sChIJz0fLheDE9GwRMZGRu3blLPE?authuser=0&hl=fr&rclk=1","MENUISERIES SAINT BARNABE","5,0","(4)","Menuisier","·","PARC PROVENCE, 46 Av. de Saint-Barnabé BAT C9","Fermé","· Ouvre à 08:00 mar.","·","06 44 17 05 25","https://www.facebook.com/profile.php?id=100088836517131","","Site Web","","Itinéraires","https://ssl.gstatic.com/local/servicebusiness/default_user.png","""Encore merci Greg!"""
"https://www.google.fr/maps/place/Atelier+Cristofol/data=!4m7!3m6!1s0x12c9c1db231ea78b:0xf5365021aa5c338a!8m2!3d43.3107726!4d5.3830501!16s%2Fg%2F11xm5cth7t!19sChIJi6ceI9vByRIRijNcqiFQNvU?authuser=0&hl=fr&rclk=1","Atelier Cristofol","","","Menuisier","·","67 Rue Jean Cristofol","Fermé","· Ouvre à 09:00 lun.","·","07 49 47 79 10","https://linktr.ee/ateliercristofol","","Site Web","","Itinéraires","",""
"https://www.google.fr/maps/place/maximum+menuiserie/data=!4m7!3m6!1s0x12c9c121e562074d:0x5c699fd0cb82c336!8m2!3d43.3011048!4d5.3930758!16s%2Fg%2F11y914968y!19sChIJTQdi5SHByRIRNsOCy9CfaVw?authuser=0&hl=fr&rclk=1","maximum menuiserie","5,0","(5)","Menuisier","·","5 Rue Camoin Jeune","Fermé","· Ouvre à 08:00 lun.","·","07 83 58 05 24","https://maximummenuiserie.fr/","","Site Web","","Itinéraires","https://ssl.gstatic.com/local/servicebusiness/default_user.png","""Très bonne expérience avec cet artisan."""
"https://www.google.fr/maps/place/HBBH/data=!4m7!3m6!1s0x12c9c132d3543b93:0xa13c25417135201!8m2!3d43.316624!4d5.389173!16s%2Fg%2F11x9876mt0!19sChIJkztU0zLByRIRAVITF1TCEwo?authuser=0&hl=fr&rclk=1","HBBH","5,0","(2)","Menuisier","·","47 Bd Burel","Ferme bientôt","· 20:00 · Ouvre à 09:00 sam.","·","06 80 21 19 02","https://www.instagram.com/hbbh.design/","","Site Web","","Itinéraires","https://ssl.gstatic.com/local/servicebusiness/default_user.png","""Travail d'artisan très soigné."""
"https://www.google.fr/maps/place/Jls+Menuiserie/data=!4m7!3m6!1s0x12c9bf7a9307cdf1:0xa4bc8d8567993939!8m2!3d43.3095446!4d5.4033386!16s%2Fg%2F11b7gpyd5n!19sChIJ8c0Hk3q_yRIROTmZZ4WNvKQ?authuser=0&hl=fr&rclk=1","Jls Menuiserie","3,9","(11)","Magasin de fenêtres en PVC","·","6 Bd du Maréchal Juin","Fermé","· Ouvre à 09:00 sam.","·","04 91 02 21 21","http://www.jls-menuiserie-fenetres-alu-pvc-marseille.com/","","Site Web","","Itinéraires","https://ssl.gstatic.com/local/servicebusiness/default_user.png","""M Savino est un artisan à recommander les yeux fermés."""
"https://www.google.fr/maps/place/B+M+Mucci+et+Fils/data=!4m7!3m6!1s0x12c9c0b1f5022e55:0x47d25265c902f08!8m2!3d43.2854146!4d5.3822615!16s%2Fg%2F11b6dfkn_h!19sChIJVS4C9bHAyRIRCC-QXCYlfQQ?authuser=0&hl=fr&rclk=1","B M Mucci et Fils","4,3","(6)","Atelier de menuiserie","·","11 Rue Louis Maurel","Fermé","· Ouvre à 08:00 lun.","·","04 91 37 60 81","","","Itinéraires","","","https://ssl.gstatic.com/local/servicebusiness/default_user.png","""Très belle reprise d'une porte d'entrée marseillaise vieille de 100 ans."""
"https://www.google.fr/maps/place/TRYBA+Marseille/data=!4m7!3m6!1s0x12c9bf5c80a5c1b3:0x9910eaf7c1eba307!8m2!3d43.294157!4d5.401921!16s%2Fg%2F11xyvblhv!19sChIJs8GlgFy_yRIRB6PrwffqEJk?authuser=0&hl=fr&rclk=1","TRYBA Marseille","4,9","(122)","Menuisier","·","·","Fermé","· Ouvre à 09:00 lun.","Fabrication de portes, fenêtres & volets","04 20 98 13 37","https://www.tryba.com/espace-conseil/13/tryba-marseille/?utm_campaign=Tryba_Marseille&utm_medium=CTA-WEB&utm_source=GMB","","Site Web","","Itinéraires","https://ssl.gstatic.com/local/servicebusiness/default_user.png","""Très bon rapport qualité prix."""
"https://www.google.fr/maps/place/Eb%C3%A9nisterie+Menuiserie+De+Provence/data=!4m7!3m6!1s0x12c9c0c07d1de5d3:0xdbfa980e93d6fd44!8m2!3d43.3063492!4d5.4013618!16s%2Fg%2F12hkqmmt0!19sChIJ0-UdfcDAyRIRRP3Wkw6Y-ts?authuser=0&hl=fr&rclk=1","Ebénisterie Menuiserie De Provence","3,4","(7)","Menuisier","·","10 Rue de la Conception","Fermé","· Ouvre à 08:00 sam.","·","09 50 10 03 23","http://ebenisterie-marseille.fr/","","Site Web","","Itinéraires","",""
"https://www.google.fr/maps/place/Menuiserie+M.D./data=!4m7!3m6!1s0x12c9bf3cf8790b2b:0x3607ebffc708b14d!8m2!3d43.2943451!4d5.422636!16s%2Fg%2F1tf918jv!19sChIJKwt5-Dy_yRIRTbEIx__rBzY?authuser=0&hl=fr&rclk=1","Menuiserie M.D.","5,0","(41)","Menuisier","·","·","Fermé","· Ouvre à 08:00 lun.","·","04 86 12 01 15","http://www.menuiseriemd.fr/","","Site Web","","Itinéraires","https://ssl.gstatic.com/local/servicebusiness/default_user.png","""Très bon"
"https://www.google.fr/maps/place/Menuiserie+Marino+%26+Fils/data=!4m7!3m6!1s0x12c9c0a6c41dfef5:0x4efb6ffa98f700bb!8m2!3d43.2932594!4d5.411823!16s%2Fg%2F1vhjw5yw!19sChIJ9f4dxKbAyRIRuwD3mPpv-04?authuser=0&hl=fr&rclk=1","Atelier Co&ssences : Ebéniste Designer, de la 3D à la matière","5,0","(14)","Menuisier","·","76 Rue Jean de Bernardy","Fermé","· Ouvre à 08:30 lun.","·","07 84 89 50 66","http://www.ateliercoessences.com/","","Site Web","","Itinéraires","https://ssl.gstatic.com/local/servicebusiness/default_user.png","""Excellent"
"https://www.google.fr/maps/place/Menuiserie+DB+Bois/data=!4m7!3m6!1s0x12c9c0494ae0bd57:0x979dc6121588a4f8!8m2!3d43.3344646!4d5.3584442!16s%2Fg%2F11c2p96scz!19sChIJV73gSknAyRIR-KSIFRLGnZc?authuser=0&hl=fr&rclk=1","Menuiserie DB Bois","","","Menuisier","·","89 Bd Viala","","","","06 82 48 87 86","","","Itinéraires","","","https://ssl.gstatic.com/local/servicebusiness/default_user.png","""Commande sur mesure en fonction de nos criteres très spécifiques."""
"https://www.google.fr/maps/place/Eb%C3%A9niste+-+Atelier+Dax/data=!4m7!3m6!1s0x12c9c1e463a60953:0x2abbeda7da958aad!8m2!3d43.2996637!4d5.369174!16s%2Fg%2F11p_4k185p!19sChIJUwmmY-TByRIRrYqV2qftuyo?authuser=0&hl=fr&rclk=1","Ebéniste - Atelier Dax","5,0","(5)","Menuisier","·","25 Rue Saint-Antoine","Fermé","· Ouvre à 08:30 lun.","·","06 48 12 74 20","https://rinku.design/","","Itinéraires","","Site Web","https://ssl.gstatic.com/local/servicebusiness/default_user.png","""Commande sur mesure en fonction de nos criteres très spécifiques."""
"https://www.google.fr/maps/place/RINKU/data=!4m7!3m6!1s0x12c9c0d115d7bbb7:0x7a7486f76edaf9e1!8m2!3d43.3132764!4d5.3688697!16s%2Fg%2F11h3lg93vh!19sChIJt7vXFdHAyRIR4fnabveGdHo?authuser=0&hl=fr&rclk=1","RINKU","4,8","(14)","Menuisier","·","133 Rue Peyssonnel","Fermé","· Ouvre à 09:00 lun.","·","06 07 50 88 51","","","","","Itinéraires","",""
"https://www.google.fr/maps/place/Ateliers+Boisa/data=!4m7!3m6!1s0x12c9c1b2613db003:0x709634bf97cbc299!8m2!3d43.3044128!4d5.3900949!16s%2Fg%2F11lv267yz_!19sChIJA7A9YbLByRIRmcLLl780lnA?authuser=0&hl=fr&rclk=1","Ateliers Boisa","5,0","(1)","Menuisier","·","9 All. Simone Gébelin","Ouvert","· Ferme à 00:00","","","https://linktr.ee/ateliercristofol","","Itinéraires","","Site Web","",""
"https://www.google.fr/maps/place/Atelier+Cristofol/data=!4m7!3m6!1s0x12c9c1db231ea78b:0xf5365021aa5c338a!8m2!3d43.3107726!4d5.3830501!16s%2Fg%2F11xm5cth7t!19sChIJi6ceI9vByRIRijNcqiFQNvU?authuser=0&hl=fr&rclk=1","Atelier Cristofol","","","Menuisier","·","67 Rue Jean Cristofol","Fermé","· Ouvre à 09:00 lun.","·","07 49 47 79 10","https://linktr.ee/ateliercristofol","","Site Web","","Itinéraires","https://ssl.gstatic.com/local/servicebusiness/default_user.png","""Travail d'artisan très soigné."""
"https://www.google.fr/maps/place/HBBH/data=!4m7!3m6!1s0x12c9c132d3543b93:0xa13c25417135201!8m2!3d43.316624!4d5.389173!16s%2Fg%2F11x9876mt0!19sChIJkztU0zLByRIRAVITF1TCEwo?authuser=0&hl=fr&rclk=1","HBBH","5,0","(2)","Menuisier","·","47 Bd Burel","Ferme bientôt","· 20:00 · Ouvre à 09:00 sam.","·","06 80 21 19 02","","","","","Itinéraires","https://ssl.gstatic.com/local/servicebusiness/default_user.png","""Travail d'artisan très soigné."""
"https://www.google.fr/maps/place/B+M+Mucci+et+Fils/data=!4m7!3m6!1s0x12c9c0b1f5022e55:0x47d25265c902f08!8m2!3d43.2854146!4d5.3822615!16s%2Fg%2F11b6dfkn_h!19sChIJVS4C9bHAyRIRCC-QXCYlfQQ?authuser=0&hl=fr&rclk=1","B M Mucci et Fils","4,3","(6)","Atelier de menuiserie","·","11 Rue Louis Maurel","Fermé","· Ouvre à 08:00 lun.","·","04 91 37 60 81","http://ebenisterie-marseille.fr/","","Itinéraires","","Site Web","",""
"https://www.google.fr/maps/place/Eb%C3%A9nisterie+Menuiserie+De+Provence/data=!4m7!3m6!1s0x12c9c0c07d1de5d3:0xdbfa980e93d6fd44!8m2!3d43.3063492!4d5.4013618!16s%2Fg%2F12hkqmmt0!19sChIJ0-UdfcDAyRIRRP3Wkw6Y-ts?authuser=0&hl=fr&rclk=1","Ebénisterie Menuiserie De Provence","3,4","(7)","Menuisier","·","10 Rue de la Conception","Fermé","· Ouvre à 08:00 sam.","·","09 50 10 03 23","https://www.google.fr/aclk?sa=L&ai=DChsSEwjghZfVwsWSAxWfe0ECHaNmM8oYACICCAEQABoCd3M&co=1&ase=2&gclid=CjwKCAiAv5bMBhAIEiwAqP9GuHi_DZ04favuYBi714eO5IxQBL77jOpL-z6nC6QSd2M0GwopJXYw9BoCWAYQAvD_BwE&cce=2&category=acrcp_v1_32&sig=AOD64_1lNU_wijOG0609M_JGXI3u4pPK7g&adurl&q&ctype=99&nis=6","","Site Web","","Itinéraires","",""
"https://www.google.fr/maps/place/Menuiserie+M.D./data=!4m7!3m6!1s0x12c9bf3cf8790b2b:0x3607ebffc708b14d!8m2!3d43.2943451!4d5.422636!16s%2Fg%2F1tf918jv!19sChIJKwt5-Dy_yRIRTbEIx__rBzY?authuser=0&hl=fr&rclk=1","Menuiserie M.D.","5,0","(41)","Menuisier","·","·","Fermé","· Ouvre à 08:00 lun.","·","04 86 12 01 15","https://www.google.fr/aclk?sa=L&ai=DChsSEwjghZfVwsWSAxWfe0ECHaNmM8oYACICCAEQCBoCd3M&co=1&ase=2&gclid=CjwKCAiAv5bMBhAIEiwAqP9GuDf48q_DgbuKdRRykhm3Fykl_GAYbEdaVenFl-Nb-skjI1NlH0iIjhoCDo8QAvD_BwE&cce=2&category=acrcp_v1_32&sig=AOD64_2fgCglDmpS2NVEOR98u2DktL9uRQ&adurl&q&ctype=99&nis=6","","Site Web","","Itinéraires","https://ssl.gstatic.com/local/servicebusiness/default_user.png","""Très bon"
"https://www.google.fr/maps/place/Menuiserie+Sanchez/data=!4m7!3m6!1s0x12c9bf002c931cb9:0x1242c2182741b54b!8m2!3d43.3031544!4d5.4150225!16s%2Fg%2F11zkhk1mnn!19sChIJuRyTLAC_yRIRS7VBJxjCQhI?authuser=0&hl=fr&rclk=1","Menuiserie Sanchez","","","Atelier de menuiserie","·","19 Bd des Alpes","","","","","","","Itinéraires","","","",""
"https://www.google.fr/maps/place/Atelier+Ondar+-+Ebeniste/data=!4m7!3m6!1s0x12c9bfc1a76b5599:0xb452bca73e4b628f!8m2!3d43.303012!4d5.4037109!16s%2Fg%2F11lylyhdmb!19sChIJmVVrp8G_yRIRj2JLPqe8UrQ?authuser=0&hl=fr&rclk=1","Atelier Ondar - Ebeniste","5,0","(7)","Menuisier","·","atelier à Share-Wood, 3 Bd Boisson","Fermé","· Ouvre à 09:00 lun.","·","06 10 46 18 20","https://www.instagram.com/atelier.ondar?igsh=djRsZXQyd2phdjAw","","Site Web","","Itinéraires","https://ssl.gstatic.com/local/servicebusiness/default_user.png","""Super travail de menuiserie."""
"https://www.google.fr/maps/place/ART+%26+FENETRES+Metriso/data=!4m7!3m6!1s0x12c9bf66cb461955:0xa58d7d0a8b5fdea1!8m2!3d43.3019548!4d5.3993952!16s%2Fg%2F11b6dnrl0d!19sChIJVRlGy2a_yRIRod5fiwp9jaU?authuser=0&hl=fr&rclk=1","ART & FENETRES Metriso","3,9","(33)","Menuisier","·","13 Rue Fondère","Fermé","· Ouvre à 09:30 sam.","·","04 91 36 12 34","http://metriso.artetfenetres.com/","","Site Web","","Itinéraires","https://ssl.gstatic.com/local/servicebusiness/default_user.png","""Je recommande."""
"https://www.google.fr/maps/place/%C3%80+CIEL+OUVERT/data=!4m7!3m6!1s0x12c9c1ab8bc0d057:0x70632eaf449a919b!8m2!3d43.2962281!4d5.3791607!16s%2Fg%2F11fnym7m45!19sChIJV9DAi6vByRIRm5GaRK8uY3A?authuser=0&hl=fr&rclk=1","À CIEL OUVERT","4,8","(54)","Menuisier","·","19 Rue du Musée","Fermé","· Ouvre à 08:30 lun.","·","02 30 03 45 20","https://www.acielouvert.com/nos-installateurs-velux/installateur-expert-pose-velux-provence-alpes-cote-dazur/bouches-du-rhone/installateur-expert-en-pose-velux-a-marseille","","Site Web","","Itinéraires","https://ssl.gstatic.com/local/servicebusiness/default_user.png","""Travail sur mesure de qualité pour notre toit avec trop peu de pente."""
"https://www.google.fr/maps/place/Atelier+smo+architecte+menuisier.e/data=!4m7!3m6!1s0x12c9bf10a4c3cb31:0xe45be3e634f1ca12!8m2!3d43.2972759!4d5.396116!16s%2Fg%2F11stsdpv42!19sChIJMcvDpBC_yRIREsrxNObjW-Q?authuser=0&hl=fr&rclk=1","Atelier smo architecte menuisier.e","5,0","(3)","Menuisier","·","168 Rue Abbé de l'Épée","","","","06 08 03 72 28","https://www.instagram.com/atelier_smo/?igshid=YmMyMTA2M2Y=","","Site Web","","Itinéraires","https://ssl.gstatic.com/local/servicebusiness/default_user.png","""Son attention est portée sur chaque détail et la finition était au top."""
"https://www.google.fr/maps/place/Top+Menuiserie/data=!4m7!3m6!1s0x6dd4ba38e1e43803:0xe52e375955acfb77!8m2!3d43.2862714!4d5.4273605!16s%2Fg%2F11q48p5px3!19sChIJAzjk4Ti61G0Rd_usVVk3LuU?authuser=0&hl=fr&rclk=1","Top Menuiserie","4,8","(21)","Menuisier","·","359 Bd Mireille Lauze","Fermé","· Ouvre à 10:00 sam.","·","06 08 01 58 29","http://top-menuiserie.fr/","","Site Web","","Itinéraires","https://ssl.gstatic.com/local/servicebusiness/default_user.png","""Je recommande vivement Top Menuiserie pour tous vos besoins."""
"https://www.google.fr/maps/place/Atelier+smo/data=!4m7!3m6!1s0x12c9c190f1cf92d7:0xe9c5f9b77aaa15de!8m2!3d43.3166917!4d5.3892208!16s%2Fg%2F11tfqd6mph!19sChIJ15LP8ZDByRIR3hWqerf5xek?authuser=0&hl=fr&rclk=1","Atelier smo","5,0","(1)","Menuisier","·","47 Bd Burel","Fermé","· Ouvre à 09:00 lun.","·","06 08 03 72 28","https://instagram.com/atelier_smo?igshid=YmMyMTA2M2Y=","","Site Web","","Itinéraires","https://ssl.gstatic.com/local/servicebusiness/default_user.png","""Merci Mathilde pour cette bibliothèque de rêve."""
"https://www.google.fr/maps/place/MENUISERIE+ALU+SECURITE/data=!4m7!3m6!1s0x12c9befcfef76ef1:0x5c41eae3ab76ed0c!8m2!3d43.3088348!4d5.438676!16s%2Fg%2F1tf551x6!19sChIJ8W73_vy-yRIRDO12q-PqQVw?authuser=0&hl=fr&rclk=1","MENUISERIE ALU SECURITE","5,0","(228)","Fournisseur de fenêtres","·","·","Fermé","· Ouvre à 08:30 lun.","·","04 91 87 32 31","https://www.menuiseriealusecurite.fr/","","Site Web","","Itinéraires","https://ssl.gstatic.com/local/servicebusiness/default_user.png","""bonjour,  l expertise de ce"
"https://www.google.fr/maps/place/Atelier+L%C3%A9a+Laborie/data=!4m7!3m6!1s0x12c9c10b6c70c3f5:0x83eb856d14a80f2d!8m2!3d43.3015525!4d5.3915625!16s%2Fg%2F11y2lvp8m_!19sChIJ9cNwbAvByRIRLQ-oFG2F64M?authuser=0&hl=fr&rclk=1","Atelier Léa Laborie","5,0","(1)","Menuisier","·","44 Rue Léon Bourgeois","","","","06 86 93 68 13","https://lealaborie.com/","","Site Web","","Itinéraires","https://ssl.gstatic.com/local/servicebusiness/default_user.png","""Beau beau beau !"""
"https://www.google.fr/maps/place/Menuiserie+Phoc%C3%A9enne+du+Littoral/data=!4m7!3m6!1s0x12c9ebbd46307b51:0x7830083bc324c73b!8m2!3d43.3644618!4d5.3292291!16s%2Fg%2F11y6d21l4h!19sChIJUXswRr3ryRIRO8ckwzsIMHg?authuser=0&hl=fr&rclk=1","Menuiserie Phocéenne du Littoral","5,0","(2)","Menuisier","·","71 Chem. Gilbert Charmasson","Fermé","· Ouvre à 08:00 lun.","·","06 35 79 54 36","https://www.menuiserie-du-littoral.com/","","Site Web","","Itinéraires","https://ssl.gstatic.com/local/servicebusiness/default_user.png","""Excellent travail de qualités"""
"https://www.google.fr/maps/place/Le+poseur+installateur+de+cuisine/data=!4m7!3m6!1s0x6e4ffb327cd8d697:0xb2edb37542632a8!8m2!3d43.2955155!4d5.3884568!16s%2Fg%2F11p6ycz5dt!19sChIJl9bYfDL7T24RqDImVDfbLgs?authuser=0&hl=fr&rclk=1","Le poseur installateur de cuisine","5,0","(11)","Menuisier","·","24 Rue Horace Bertin","Fermé","· Ouvre à 08:30 sam.","·","07 61 26 19 07","","","Itinéraires","","","https://ssl.gstatic.com/local/servicebusiness/default_user.png","""Un artisan au top: efficace, minutieux, à l’écoute, disponible et gentil."""
"https://www.google.fr/maps/place/Atelier+albertini/data=!4m7!3m6!1s0x12c9c0a0937b45ef:0xd85ed462d4efb16c!8m2!3d43.2958034!4d5.3926905!16s%2Fg%2F11f_j9gql8!19sChIJ70V7k6DAyRIRbLHv1GLUXtg?authuser=0&hl=fr&rclk=1","Atelier albertini","5,0","(3)","Menuisier","·","108 Rue Horace Bertin","","","","","","","Itinéraires","","","",""
"https://www.google.fr/maps/place/GG+FERMETURES/data=!4m7!3m6!1s0x47e5174dd7608017:0x1a2e87fb1bd49c4a!8m2!3d43.281805!4d5.3890825!16s%2Fg%2F11rx3vlvh_!19sChIJF4Bg100X5UcRSpzUG_uHLho?authuser=0&hl=fr&rclk=1","GG FERMETURES","5,0","(42)","Menuisier","·","69 Rue du Rouet","Fermé","· Ouvre à 08:00 sam.","·","06 89 34 63 70","https://www.ggfermetures.com/","","Site Web","","Itinéraires","https://ssl.gstatic.com/local/servicebusiness/default_user.png","""Travail bien fait, matériel de qualité et Grégoire au top 👍"""
"https://www.google.fr/maps/place/SAHAKYAN+Ma%C3%A7onnerie+-+Menuiserie/data=!4m7!3m6!1s0x12c9bf42b38c856b:0xf03a77e644e40858!8m2!3d43.321307!4d5.4114277!16s%2Fg%2F11gk8tzy00!19sChIJa4WMs0K_yRIRWAjkROZ3OvA?authuser=0&hl=fr&rclk=1","SAHAKYAN Maçonnerie - Menuiserie","5,0","(3)","Menuisier","·","132 Rue Alphonse Daudet","Ouvert","· Ferme à 21:00","·","06 27 87 51 34","","","Itinéraires","","","",""
"https://www.google.fr/maps/place/T%C3%A9r%C3%A9binthe+-+Atelier+d%27%C3%A9b%C3%A9nisterie+contemporaine/data=!4m7!3m6!1s0x12c9c16b5ab4ed47:0x723df36a397de03e!8m2!3d43.31668!4d5.3892241!16s%2Fg%2F11mx652dsv!19sChIJR-20WmvByRIRPuB9OWrzPXI?authuser=0&hl=fr&rclk=1","Térébinthe - Atelier d'ébénisterie contemporaine","5,0","(9)","Menuisier","·","47 Bd Burel","Fermé","· Ouvre à 08:00 sam.","·","06 87 73 60 69","http://www.terebinthe.net/","","Site Web","","Itinéraires","https://ssl.gstatic.com/local/servicebusiness/default_user.png","""Un premier partenariat vertueux et qualitatif !"""
"https://www.google.fr/maps/place/SERRURIER+MARSEILLE+%7C+PORTES+BLIND%C3%89S+%7C+DSM/data=!4m7!3m6!1s0x12c9c0a4c3b27b15:0x6c3a34f52e00af1f!8m2!3d43.2929172!4d5.3846918!16s%2Fg%2F11clw0n_f9!19sChIJFXuyw6TAyRIRH68ALvU0Omw?authuser=0&hl=fr&rclk=1","SERRURIER MARSEILLE | PORTES BLINDÉS | DSM","4,5","(87)","Menuisier","·","17 Rue des 3 Frères Barthélémy","Ouvert 24h/24","","·","07 78 55 81 29","http://www.depannage-serrurerie-marseillaise.fr/","","Site Web","","Itinéraires","https://ssl.gstatic.com/local/servicebusiness/default_user.png","""Très bon efficace, très bonne qualité."""
"https://www.google.fr/maps/place/Menuiserie+Lucas/data=!4m7!3m6!1s0x12c9bf7a32f9437d:0x6e98e633ee5cd3c!8m2!3d43.3123136!4d5.4018952!16s%2Fg%2F1t_gbbwt!19sChIJfUP5Mnq_yRIRPM3lPmOO6QY?authuser=0&hl=fr&rclk=1","Menuiserie Lucas","5,0","(1)","Menuisier","·","8 Rue Labry","","","","04 91 34 70 69","","","Itinéraires","","","",""
"https://www.google.fr/maps/place/Ombre+Et+Isolation/data=!4m7!3m6!1s0x12c9c0c630d79a63:0x51b9d2f22db2a3af!8m2!3d43.2919094!4d5.3688175!16s%2Fg%2F1hc1gxp62!19sChIJY5rXMMbAyRIRr6OyLfLSuVE?authuser=0&hl=fr&rclk=1","Ombre Et Isolation","3,0","(2)","Menuisier","·","23 Rue Neuve Sainte-Catherine","","","","04 91 54 00 94","https://www.ombre-isolation.fr/","","Site Web","","Itinéraires","https://ssl.gstatic.com/local/servicebusiness/default_user.png","""A tester sans hesiter :)"""
"https://www.google.fr/maps/place/AM+alu/data=!4m7!3m6!1s0x68aa9aac8ba5a817:0x1c635ba045eeba99!8m2!3d43.3188656!4d5.4052149!16s%2Fg%2F11xcgt_lbq!19sChIJF6ili6yaqmgRmbruRaBbYxw?authuser=0&hl=fr&rclk=1","AM alu","5,0","(9)","Menuisier","·","56 Rés Saint-Just Bellevue","Fermé","· Ouvre à 07:30 sam.","·","04 12 16 01 40","","","Itinéraires","","","https://ssl.gstatic.com/local/servicebusiness/default_user.png","""Artisan de qualité à l'écoute et réactif
Travail soigné"""
"https://www.google.fr/maps/place/CREABOIS/data=!4m7!3m6!1s0x12c9bf6387e093f7:0xd81ad50cfb7d1d6c!8m2!3d43.304599!4d5.400093!16s%2Fg%2F11gxp1blh0!19sChIJ95Pgh2O_yRIRbB19-wzVGtg?authuser=0&hl=fr&rclk=1","CREABOIS","5,0","(2)","Menuisier","·","boite postale, 2 Rue Hondet","Fermé","· Ouvre à 09:00 jeu.","·","06 61 26 29 47","http://xn--bniste-crabois-marseille-9ecbi.fr/","","Site Web","","Itinéraires","https://ssl.gstatic.com/local/servicebusiness/default_user.png","""M Marin a fait cela avec le plus grand soin."""
"https://www.google.fr/maps/place/AM+alu/data=!4m7!3m6!1s0x68aa9aac8ba5a817:0x1c635ba045eeba99!8m2!3d43.3188656!4d5.4052149!16s%2Fg%2F11xcgt_lbq!19sChIJF6ili6yaqmgRmbruRaBbYxw?authuser=0&hl=fr&rclk=1","AM alu","5,0","(9)","Menuisier","·","56 Rés Saint-Just Bellevue","Fermé","· Ouvre à 07:30 sam.","·","04 12 16 01 40","https://www.google.fr/aclk?sa=L&ai=DChsSEwjghZfVwsWSAxWfe0ECHaNmM8oYACICCAEQABoCd3M&co=1&ase=2&gclid=CjwKCAiAv5bMBhAIEiwAqP9GuHi_DZ04favuYBi714eO5IxQBL77jOpL-z6nC6QSd2M0GwopJXYw9BoCWAYQAvD_BwE&cce=2&category=acrcp_v1_32&sig=AOD64_1lNU_wijOG0609M_JGXI3u4pPK7g&adurl&q&ctype=99&nis=6","","Itinéraires","","Site Web","https://ssl.gstatic.com/local/servicebusiness/default_user.png","""Artisan de qualité à l'écoute et réactif
Travail soigné"""
"https://www.google.fr/maps/place/CREABOIS/data=!4m7!3m6!1s0x12c9bf6387e093f7:0xd81ad50cfb7d1d6c!8m2!3d43.304599!4d5.400093!16s%2Fg%2F11gxp1blh0!19sChIJ95Pgh2O_yRIRbB19-wzVGtg?authuser=0&hl=fr&rclk=1","CREABOIS","5,0","(2)","Menuisier","·","boite postale, 2 Rue Hondet","Fermé","· Ouvre à 09:00 jeu.","·","06 61 26 29 47","https://www.google.fr/aclk?sa=L&ai=DChsSEwjghZfVwsWSAxWfe0ECHaNmM8oYACICCAEQCBoCd3M&co=1&ase=2&gclid=CjwKCAiAv5bMBhAIEiwAqP9GuDf48q_DgbuKdRRykhm3Fykl_GAYbEdaVenFl-Nb-skjI1NlH0iIjhoCDo8QAvD_BwE&cce=2&category=acrcp_v1_32&sig=AOD64_2fgCglDmpS2NVEOR98u2DktL9uRQ&adurl&q&ctype=99&nis=6","","Site Web","","Itinéraires","https://ssl.gstatic.com/local/servicebusiness/default_user.png","""M Marin a fait cela avec le plus grand soin."""
"https://www.google.fr/maps/place/ALCO+SOLUTIONS/data=!4m7!3m6!1s0x12c9c106823c4fa7:0x64ef5a66c400687f!8m2!3d43.2873986!4d5.3580054!16s%2Fg%2F11khkljjxp!19sChIJp088ggbByRIRf2gAxGZa72Q?authuser=0&hl=fr&rclk=1","ALCO SOLUTIONS","4,3","(12)","Menuisier","·","3 Rue du Plateau","Fermé","· Ouvre à 08:00 sam.","·","06 52 75 02 48","https://www.alcosolutions.fr/","","Site Web","","Itinéraires","https://ssl.gstatic.com/local/servicebusiness/default_user.png","""Travail très soigné et entrepreneur très compétent et gentil."""
"https://www.google.fr/maps/place/ART+NEEZ+BOIS/data=!4m7!3m6!1s0x12c9b977604e9257:0x750dc85c1b30ddce!8m2!3d43.251268!4d5.3945505!16s%2Fg%2F11j007fn78!19sChIJV5JOYHe5yRIRzt0wG1zIDXU?authuser=0&hl=fr&rclk=1","ART NEEZ BOIS","5,0","(1)","Atelier de menuiserie","·","600 Av. de Mazargues","Fermé","· Ouvre à 09:00 sam.","·","06 16 32 99 10","https://instagram.com/art_neez_bois","","Site Web","","Itinéraires","",""
"https://www.google.fr/maps/place/AbriGlass/data=!4m7!3m6!1s0x12c9a35c5ee44a5d:0x5b1a4075ca91d98e!8m2!3d43.316041!4d5.3709755!16s%2Fg%2F11cs5tx4nf!19sChIJXUrkXlyjyRIRjtmRynVAGls?authuser=0&hl=fr&rclk=1","AbriGlass","4,2","(5)","Menuisier","·","1 Rue du Portail","","","","04 96 30 22 85","http://www.abriglass.fr/","","Site Web","","Itinéraires","https://ssl.gstatic.com/local/servicebusiness/default_user.png","""Je recommande sans hésiter."""
"https://www.google.fr/maps/place/Ebanostra/data=!4m7!3m6!1s0x12c9c1f56413ba43:0x415febf19b3eec3f!8m2!3d43.3264459!4d5.3659038!16s%2Fg%2F11kptg3wr2!19sChIJQ7oTZPXByRIRP-w-m_HrX0E?authuser=0&hl=fr&rclk=1","Ebanostra","","","Menuisier","·","77 Rue de Lyon","Fermé","· Ouvre à 08:30 lun.","·","06 63 10 79 54","https://instagram.com/ebanostra?igshid=MzNlNGNkZWQ4Mg==","","Site Web","","Itinéraires","","Rendez-vous en ligne"
"https://www.google.fr/maps/place/Bricard+Vachette+Serrurerie+de+la+R%C3%A9publique+serrurier+menuisier+porte+blind%C3%A9e+badge+immeuble+reproduction+de+cl%C3%A9s/data=!4m7!3m6!1s0x12c9c0ea9d7a9047:0x6f17c84d3211c1f5!8m2!3d43.3001654!4d5.3713559!16s%2Fg%2F1tcwyt4y!19sChIJR5B6nerAyRIR9cERMk3IF28?authuser=0&hl=fr&rclk=1","Bricard Vachette Serrurerie de la République serrurier menuisier porte blindée badge immeuble reproduction de clés","4,5","(23)","Service de reproduction de clés","·","48 Rue de la République","Fermé","· Ouvre à 09:00 lun.","·","04 91 90 51 65","https://serrurerierepubliq.wixsite.com/website","","Site Web","","Itinéraires","https://ssl.gstatic.com/local/servicebusiness/default_user.png","""Travail rapide et efficace, très bon rapport qualité prix !"""
"https://www.google.fr/maps/place/Grand+Sud+Habitat+-+Fen%C3%AAtres+%26+Pergolas/data=!4m7!3m6!1s0x12c9bf4ad199b1b5:0x94c42ef5beb2fc11!8m2!3d43.2799839!4d5.399986!16s%2Fg%2F1tgyn052!19sChIJtbGZ0Uq_yRIREfyyvvUuxJQ?authuser=0&hl=fr&rclk=1","Grand Sud Habitat - Fenêtres & Pergolas","4,4","(207)","Menuisier","·","·","Fermé","· Ouvre à 09:00 lun.","·","04 91 26 77 77","http://www.grandsudhabitat.fr/","","Site Web","","Itinéraires","https://ssl.gstatic.com/local/servicebusiness/default_user.png","""Grand Sud Habitat n’est pas seulement une société de menuiserie ;"""
"https://www.google.fr/maps/place/Little+Worker/data=!4m7!3m6!1s0x47e66e0285a9e471:0x111e71d18208a01a!8m2!3d46.9154464!4d1.9453845!16s%2Fg%2F11cn67kjcg!19sChIJceSphQJu5kcRGqAIgtFxHhE?authuser=0&hl=fr&rclk=1","Little Worker","4,6","(1 033)","Expert immobilier","","·","Fermé","· Ouvre à 09:00 lun.","","05 56 75 09 75","https://www.littleworker.fr/","","Site Web","","Itinéraires","https://ssl.gstatic.com/local/servicebusiness/default_user.png","""La cuisine conçue par Pauline est superbe et très fonctionnelle."""
"https://www.google.fr/maps/place/PBM+cr%C3%A9ation+bois/data=!4m7!3m6!1s0x12c9c152bbf7b291:0xbcff8b09c7947c5e!8m2!3d43.3184098!4d5.3936991!16s%2Fg%2F11vf6xc2dz!19sChIJkbL3u1LByRIRXnyUxwmL_7w?authuser=0&hl=fr&rclk=1","PBM création bois","","","Menuisier","·","11 Trav. des Marronniers","Fermé","· Ouvre à 08:00 sam.","·","06 25 79 82 11","","","Itinéraires","","","",""
"https://www.google.fr/maps/place/SKZ+MENUISERIE/data=!4m7!3m6!1s0x12c9bf56b0a5d1a7:0x99c88a0651fcc542!8m2!3d43.3253042!4d5.4371219!16s%2Fg%2F11wtg_nb73!19sChIJp9GlsFa_yRIRQsX8UQaKyJk?authuser=0&hl=fr&rclk=1","SKZ MENUISERIE","5,0","(10)","Menuisier","·","131 Chem. des Jonquilles","Fermé","· Ouvre à 09:00 sam.","·","06 23 17 77 62","https://www.skz-menuiserie.fr/","","Site Web","","Itinéraires","https://ssl.gstatic.com/local/servicebusiness/default_user.png","""Je recommande sans hésiter !"""
"https://www.google.fr/maps/place/ACTIVIT%C3%89-BOIS+%2F+MENUISERIE+REBATTU/data=!4m7!3m6!1s0x12c9c77a277f9775:0xd9b28b5abd26cdf8!8m2!3d43.2464962!4d5.3858152!16s%2Fg%2F11df3xk79l!19sChIJdZd_J3rHyRIR-M0mvVqLstk?authuser=0&hl=fr&rclk=1","ACTIVITÉ-BOIS / MENUISERIE REBATTU","5,0","(1)","Charpentier","·","58 Av. André Zénatti","Fermé","· Ouvre à 08:00 lun.","","","","","Itinéraires","","","",""
"https://www.google.fr/maps/place/Menuiserie+%26+Agencement+HASWOOD+%E2%80%93+Cuisines,+Dressings,+Parquets+%C3%A0+Marseille/data=!4m7!3m6!1s0x12c9ebc488a7361d:0x4673b3349dab8761!8m2!3d43.3679466!4d5.3432456!16s%2Fg%2F11m693c0zm!19sChIJHTaniMTryRIRYYernTSzc0Y?authuser=0&hl=fr&rclk=1","Menuiserie & Agencement HASWOOD – Cuisines, Dressings, Parquets à Marseille","5,0","(1)","Menuisier","·","7 All. de la Jougarelle","Fermé","· Ouvre à 07:00 sam.","·","07 49 12 15 02","https://sites.google.com/view/haswood/accueil","","Site Web","","Itinéraires","https://ssl.gstatic.com/local/servicebusiness/default_user.png","""Je suis très satisfait du travail réalisé par l'entreprise HASWOOD !"""
"https://www.google.fr/maps/place/Dispano+Marseille+Cap+Pin%C3%A8de/data=!4m7!3m6!1s0x12c9c053b4a24a81:0xf4c43be9f9b9e3f9!8m2!3d43.3273622!4d5.355674!16s%2Fg%2F11b5qw1pvs!19sChIJgUqitFPAyRIR-eO5-ek7xPQ?authuser=0&hl=fr&rclk=1","Dispano Marseille Cap Pinède","4,0","(43)","Fournisseur de contreplaqué","·","·","Fermé","· Ouvre à 07:30 lun.","·","04 91 11 64 40","https://www.dispano.fr/infos-agence/marseille-cap-pinede-dispano-3764","","Site Web","","Itinéraires","https://ssl.gstatic.com/local/servicebusiness/default_user.png","""Très bon produit mais le prix reste assez cher comparé à la concurrence"""
"https://www.google.fr/maps/place/MAESTRACCI+MENUISIER+AGENCEUR/data=!4m7!3m6!1s0x12c9b8b93804be7b:0x6120754afbebae81!8m2!3d43.2654111!4d5.4109105!16s%2Fg%2F11cn0t9l64!19sChIJe74EOLm4yRIRga7r-0p1IGE?authuser=0&hl=fr&rclk=1","MAESTRACCI MENUISIER AGENCEUR","5,0","(4)","Menuisier","·","34 Bd Aguillon","","","","06 71 99 44 96","","","Itinéraires","","","",""
"https://www.google.fr/maps/place/Grand+Sud+Agencement/data=!4m7!3m6!1s0x12c9bec65754ea8d:0x42267a3f0b364976!8m2!3d43.2889748!4d5.454126!16s%2Fg%2F1td__nyh!19sChIJjepUV8a-yRIRdkk2Cz96JkI?authuser=0&hl=fr&rclk=1","Grand Sud Agencement","4,0","(5)","Charpentier","·","Parc d'activité, 191 Bd de la Valbarelle","Fermé","· Ouvre à 08:00 lun.","·","04 91 44 63 77","http://www.grandsud-agencements.com/","","Site Web","","Itinéraires","",""
"https://www.google.fr/maps/place/CARVIN+CALVINI+Menuiserie/data=!4m7!3m6!1s0x12c9be3bda93e3f9:0xa05f93fd5fa2e3ca!8m2!3d43.3222358!4d5.4209152!16s%2Fg%2F11b6dfg5vn!19sChIJ-eOT2ju-yRIRyuOiX_2TX6A?authuser=0&hl=fr&rclk=1","CARVIN CALVINI Menuiserie","4,0","(8)","Fabricant de meubles","·","SMI Activités 6Bd Gueidon","Fermé","· Ouvre à 08:00 lun.","·","04 22 91 55 62","http://carvincalvinimenuiserie.fr/","","Site Web","","Itinéraires","https://ssl.gstatic.com/local/servicebusiness/default_user.png","""Travail de qualité, sur mesure et à la hauteur de nos attentes !"""
"https://www.google.fr/maps/place/Ad+Habitat+Sarl/data=!4m7!3m6!1s0x12c9c1933c474269:0xac9a618f3cf30260!8m2!3d43.2971924!4d5.3798992!16s%2Fg%2F11sh58j75p!19sChIJaUJHPJPByRIRYALzPI9hmqw?authuser=0&hl=fr&rclk=1","Ad Habitat Sarl","","","Menuisier","·","La Canebière","","","","","","","Itinéraires","","","",""
"https://www.google.fr/maps/place/Azur+Habitat/data=!4m7!3m6!1s0x12c9c0a55408c11b:0x5571e5d03eebd2e4!8m2!3d43.2902671!4d5.3837235!16s%2Fg%2F11c5_h0twl!19sChIJG8EIVKXAyRIR5NLrPtDlcVU?authuser=0&hl=fr&rclk=1","Azur Habitat","5,0","(2)","Menuisier","·","·","Fermé","· Ouvre à 08:00 lun.","·","06 23 26 72 65","http://www.azurhabitat.com/","","Site Web","","Itinéraires","https://ssl.gstatic.com/local/servicebusiness/default_user.png","""un garçon sérieux , efficace et à l’écoute, je le recommande vivement :)"""
"https://www.google.fr/maps/place/M.d.m/data=!4m7!3m6!1s0x12c9c03d093a674b:0x44d23b1e6b144e47!8m2!3d43.3463051!4d5.3716257!16s%2Fg%2F11b6dp17nv!19sChIJS2c6CT3AyRIRR04Uax470kQ?authuser=0&hl=fr&rclk=1","M.d.m","3,0","(2)","Fabricant de meubles","·","1 Place Robert Jeannin","","","","09 66 95 60 62","","","Itinéraires","","","",""
"https://www.google.fr/maps/place/Atout+Menuiseries+Bois/data=!4m7!3m6!1s0x12c9bfb71bd2a13f:0x5a6252be176c6e67!8m2!3d43.2912201!4d5.4210136!16s%2Fg%2F11fnr90y9z!19sChIJP6HSG7e_yRIRZ25sF75SYlo?authuser=0&hl=fr&rclk=1","Atout Menuiseries Bois","","","Atelier de menuiserie","·","555 Rue Saint-Pierre Atelier B 9","Fermé","· Ouvre à 08:00 lun.","·","06 09 06 83 77","http://www.facebook.com/pages/Atout-Menuiseries-Bois/281520045624945","","Site Web","","Itinéraires","",""
"https://www.google.fr/maps/place/Menuiserie+Leoni/data=!4m7!3m6!1s0x12c9be6cd040dd5f:0xf9f1d0155a3f0abc!8m2!3d43.3336741!4d5.4641475!16s%2Fg%2F1tfm3vsl!19sChIJX91A0Gy-yRIRvAo_WhXQ8fk?authuser=0&hl=fr&rclk=1","Menuiserie Leoni","5,0","(116)","Menuisier","·","Lot. les Toits de la Pounche","Fermé","· Ouvre à 09:00 lun.","·","06 12 22 09 63","https://www.menuiserie-leoni.fr/","","Site Web","","Itinéraires","https://ssl.gstatic.com/local/servicebusiness/default_user.png","""J'ai fait appel à ce"
"https://www.google.fr/maps/place/SAHAKYAN+Ma%C3%A7onnerie+-+Menuiserie/data=!4m7!3m6!1s0x12c9bf42b38c856b:0xf03a77e644e40858!8m2!3d43.321307!4d5.4114277!16s%2Fg%2F11gk8tzy00!19sChIJa4WMs0K_yRIRWAjkROZ3OvA?authuser=0&hl=fr&rclk=1","SAHAKYAN Maçonnerie - Menuiserie","5,0","(3)","Menuisier","·","132 Rue Alphonse Daudet","Ouvert","· Ferme à 21:00","·","06 27 87 51 34","http://www.depannage-serrurerie-marseillaise.fr/","","Itinéraires","","Site Web","https://ssl.gstatic.com/local/servicebusiness/default_user.png","""Très bon efficace, très bonne qualité."""
"https://www.google.fr/maps/place/T%C3%A9r%C3%A9binthe+-+Atelier+d%27%C3%A9b%C3%A9nisterie+contemporaine/data=!4m7!3m6!1s0x12c9c16b5ab4ed47:0x723df36a397de03e!8m2!3d43.31668!4d5.3892241!16s%2Fg%2F11mx652dsv!19sChIJR-20WmvByRIRPuB9OWrzPXI?authuser=0&hl=fr&rclk=1","Térébinthe - Atelier d'ébénisterie contemporaine","5,0","(9)","Menuisier","·","47 Bd Burel","Fermé","· Ouvre à 08:00 sam.","·","06 87 73 60 69","","","","","Itinéraires","",""
"https://www.google.fr/maps/place/Menuiserie+Lucas/data=!4m7!3m6!1s0x12c9bf7a32f9437d:0x6e98e633ee5cd3c!8m2!3d43.3123136!4d5.4018952!16s%2Fg%2F1t_gbbwt!19sChIJfUP5Mnq_yRIRPM3lPmOO6QY?authuser=0&hl=fr&rclk=1","Menuiserie Lucas","5,0","(1)","Menuisier","·","8 Rue Labry","","","","04 91 34 70 69","","","Itinéraires","","","https://ssl.gstatic.com/local/servicebusiness/default_user.png","""Artisan de qualité à l'écoute et réactif
Travail soigné"""
"https://www.google.fr/maps/place/AM+alu/data=!4m7!3m6!1s0x68aa9aac8ba5a817:0x1c635ba045eeba99!8m2!3d43.3188656!4d5.4052149!16s%2Fg%2F11xcgt_lbq!19sChIJF6ili6yaqmgRmbruRaBbYxw?authuser=0&hl=fr&rclk=1","AM alu","5,0","(9)","Menuisier","·","56 Rés Saint-Just Bellevue","Fermé","· Ouvre à 07:30 sam.","·","04 12 16 01 40","https://www.google.fr/aclk?sa=L&ai=DChsSEwiBk67SwsWSAxU-OQYAHcYMAcIYACICCAEQBxoCd3M&co=1&ase=2&gclid=CjwKCAiAv5bMBhAIEiwAqP9GuG-vzT4mYYTNH_8PPuJ3Li1AiB-J7s_EDnxHxBHPkOxYfYnZd9fjkBoComsQAvD_BwE&cce=2&category=acrcp_v1_32&sig=AOD64_3FaXIMQZYhhb4p2SXiVlfCs8Spng&adurl&q&ctype=99&nis=6","","Itinéraires","","Site Web","https://ssl.gstatic.com/local/servicebusiness/default_user.png","""Artisan de qualité à l'écoute et réactif
Travail soigné"""
"https://www.google.fr/maps/place/CREABOIS/data=!4m7!3m6!1s0x12c9bf6387e093f7:0xd81ad50cfb7d1d6c!8m2!3d43.304599!4d5.400093!16s%2Fg%2F11gxp1blh0!19sChIJ95Pgh2O_yRIRbB19-wzVGtg?authuser=0&hl=fr&rclk=1","CREABOIS","5,0","(2)","Menuisier","·","boite postale, 2 Rue Hondet","Fermé","· Ouvre à 09:00 jeu.","·","06 61 26 29 47","https://www.google.fr/aclk?sa=L&ai=DChsSEwiBk67SwsWSAxU-OQYAHcYMAcIYACICCAEQAxoCd3M&co=1&ase=2&gclid=CjwKCAiAv5bMBhAIEiwAqP9GuDLTjj5_5Lqo1JFuZ5GTbCn1SxjM7nwgWKUBnZKyrT6mjpQ90UouVhoCKnoQAvD_BwE&cce=2&category=acrcp_v1_32&sig=AOD64_0-agUStaSbhDlB8kjQJuIQHfddTw&adurl&q&ctype=99&nis=6","","Site Web","","Itinéraires","https://ssl.gstatic.com/local/servicebusiness/default_user.png","""M Marin a fait cela avec le plus grand soin."""
"https://www.google.fr/maps/place/L%27Expert+Fen%C3%AAtre+Azur+Alu+S%C3%A9curit%C3%A9/data=!4m7!3m6!1s0x12c9bf541432e641:0xe23a73b335f23634!8m2!3d43.285248!4d5.530134!16s%2Fg%2F1tx75kv_!19sChIJQeYyFFS_yRIRNDbyNbNzOuI?authuser=0&hl=fr&rclk=1","L'Expert Fenêtre Azur Alu Sécurité","4,9","(9)","Magasin de fenêtres en PVC","·","1195 Chemin de la Vallée","Fermé","· Ouvre à 09:00 lun.","·","04 42 71 85 63","https://www.alcosolutions.fr/","","Site Web","","Itinéraires","",""
"https://www.google.fr/maps/place/Cuisinella/data=!4m7!3m6!1s0x12c9c125a28e90ab:0xc1f7b80ef8438e12!8m2!3d43.28489!4d5.386062!16s%2Fg%2F11vj443027!19sChIJq5COoiXByRIREo5D-A6498E?authuser=0&hl=fr&rclk=1","Cuisinella","5,0","(70)","Prestataire de réaménagement de cuisine","·","33 Avenue Jules Cantini","Fermé","· Ouvre à 10:00 sam.","·","04 28 69 38 70","https://instagram.com/art_neez_bois","","Site Web","","Itinéraires","",""
"https://www.google.fr/maps/place/ART+NEEZ+BOIS/data=!4m7!3m6!1s0x12c9b977604e9257:0x750dc85c1b30ddce!8m2!3d43.251268!4d5.3945505!16s%2Fg%2F11j007fn78!19sChIJV5JOYHe5yRIRzt0wG1zIDXU?authuser=0&hl=fr&rclk=1","ART NEEZ BOIS","5,0","(1)","Atelier de menuiserie","·","600 Av. de Mazargues","Fermé","· Ouvre à 09:00 sam.","·","06 16 32 99 10","https://instagram.com/art_neez_bois","","Site Web","","Itinéraires","","Rendez-vous en ligne"
"https://www.google.fr/maps/place/Grand+Sud+Habitat+-+Fen%C3%AAtres+%26+Pergolas/data=!4m7!3m6!1s0x12c9bf4ad199b1b5:0x94c42ef5beb2fc11!8m2!3d43.2799839!4d5.399986!16s%2Fg%2F1tgyn052!19sChIJtbGZ0Uq_yRIREfyyvvUuxJQ?authuser=0&hl=fr&rclk=1","Grand Sud Habitat - Fenêtres & Pergolas","4,4","(207)","Menuisier","·","·","Fermé","· Ouvre à 09:00 lun.","·","04 91 26 77 77","","","","","Itinéraires","",""
"https://www.google.fr/maps/place/ACTIVIT%C3%89-BOIS+%2F+MENUISERIE+REBATTU/data=!4m7!3m6!1s0x12c9c77a277f9775:0xd9b28b5abd26cdf8!8m2!3d43.2464962!4d5.3858152!16s%2Fg%2F11df3xk79l!19sChIJdZd_J3rHyRIR-M0mvVqLstk?authuser=0&hl=fr&rclk=1","ACTIVITÉ-BOIS / MENUISERIE REBATTU","5,0","(1)","Charpentier","·","58 Av. André Zénatti","Fermé","· Ouvre à 08:00 lun.","","","https://www.dispano.fr/infos-agence/marseille-cap-pinede-dispano-3764","","Itinéraires","","Site Web","https://ssl.gstatic.com/local/servicebusiness/default_user.png","""Très bon produit mais le prix reste assez cher comparé à la concurrence"""
"https://www.google.fr/maps/place/Menuiserie+%26+Agencement+HASWOOD+%E2%80%93+Cuisines,+Dressings,+Parquets+%C3%A0+Marseille/data=!4m7!3m6!1s0x12c9ebc488a7361d:0x4673b3349dab8761!8m2!3d43.3679466!4d5.3432456!16s%2Fg%2F11m693c0zm!19sChIJHTaniMTryRIRYYernTSzc0Y?authuser=0&hl=fr&rclk=1","Menuiserie & Agencement HASWOOD – Cuisines, Dressings, Parquets à Marseille","5,0","(1)","Menuisier","·","7 All. de la Jougarelle","Fermé","· Ouvre à 07:00 sam.","·","07 49 12 15 02","","","","","Itinéraires","",""
"https://www.google.fr/maps/place/Dispano+Marseille+Cap+Pin%C3%A8de/data=!4m7!3m6!1s0x12c9c053b4a24a81:0xf4c43be9f9b9e3f9!8m2!3d43.3273622!4d5.355674!16s%2Fg%2F11b5qw1pvs!19sChIJgUqitFPAyRIR-eO5-ek7xPQ?authuser=0&hl=fr&rclk=1","Dispano Marseille Cap Pinède","4,0","(43)","Fournisseur de contreplaqué","·","·","Fermé","· Ouvre à 07:30 lun.","·","04 91 11 64 40","https://www.dispano.fr/infos-agence/marseille-cap-pinede-dispano-3764","","Site Web","","Itinéraires","",""
"https://www.google.fr/maps/place/MAESTRACCI+MENUISIER+AGENCEUR/data=!4m7!3m6!1s0x12c9b8b93804be7b:0x6120754afbebae81!8m2!3d43.2654111!4d5.4109105!16s%2Fg%2F11cn0t9l64!19sChIJe74EOLm4yRIRga7r-0p1IGE?authuser=0&hl=fr&rclk=1","MAESTRACCI MENUISIER AGENCEUR","5,0","(4)","Menuisier","·","34 Bd Aguillon","","","","06 71 99 44 96","http://carvincalvinimenuiserie.fr/","","Itinéraires","","Site Web","https://ssl.gstatic.com/local/servicebusiness/default_user.png","""Travail de qualité, sur mesure et à la hauteur de nos attentes !"""
"https://www.google.fr/maps/place/Grand+Sud+Agencement/data=!4m7!3m6!1s0x12c9bec65754ea8d:0x42267a3f0b364976!8m2!3d43.2889748!4d5.454126!16s%2Fg%2F1td__nyh!19sChIJjepUV8a-yRIRdkk2Cz96JkI?authuser=0&hl=fr&rclk=1","Grand Sud Agencement","4,0","(5)","Charpentier","·","Parc d'activité, 191 Bd de la Valbarelle","Fermé","· Ouvre à 08:00 lun.","·","04 91 44 63 77","","","","","Itinéraires","",""
"https://www.google.fr/maps/place/Azur+Habitat/data=!4m7!3m6!1s0x12c9c0a55408c11b:0x5571e5d03eebd2e4!8m2!3d43.2902671!4d5.3837235!16s%2Fg%2F11c5_h0twl!19sChIJG8EIVKXAyRIR5NLrPtDlcVU?authuser=0&hl=fr&rclk=1","Azur Habitat","5,0","(2)","Menuisier","·","·","Fermé","· Ouvre à 08:00 lun.","·","06 23 26 72 65","http://www.azurhabitat.com/","","Site Web","","Itinéraires","",""
"https://www.google.fr/maps/place/M.d.m/data=!4m7!3m6!1s0x12c9c03d093a674b:0x44d23b1e6b144e47!8m2!3d43.3463051!4d5.3716257!16s%2Fg%2F11b6dp17nv!19sChIJS2c6CT3AyRIRR04Uax470kQ?authuser=0&hl=fr&rclk=1","M.d.m","3,0","(2)","Fabricant de meubles","·","1 Place Robert Jeannin","","","","09 66 95 60 62","https://www.menuiserie-leoni.fr/","","Itinéraires","","Site Web","https://ssl.gstatic.com/local/servicebusiness/default_user.png","""J'ai fait appel à ce"
"https://www.google.fr/maps/place/Atout+Menuiseries+Bois/data=!4m7!3m6!1s0x12c9bfb71bd2a13f:0x5a6252be176c6e67!8m2!3d43.2912201!4d5.4210136!16s%2Fg%2F11fnr90y9z!19sChIJP6HSG7e_yRIRZ25sF75SYlo?authuser=0&hl=fr&rclk=1","Atout Menuiseries Bois","","","Atelier de menuiserie","·","555 Rue Saint-Pierre Atelier B 9","Fermé","· Ouvre à 08:00 lun.","·","06 09 06 83 77","https://www.google.fr/aclk?sa=L&ai=DChsSEwjghZfVwsWSAxWfe0ECHaNmM8oYACICCAEQABoCd3M&co=1&ase=2&gclid=CjwKCAiAv5bMBhAIEiwAqP9GuHi_DZ04favuYBi714eO5IxQBL77jOpL-z6nC6QSd2M0GwopJXYw9BoCWAYQAvD_BwE&cce=2&category=acrcp_v1_32&sig=AOD64_1lNU_wijOG0609M_JGXI3u4pPK7g&adurl&q&ctype=99&nis=6","","Site Web","","Itinéraires","",""
"https://www.google.fr/maps/place/Menuiserie+Leoni/data=!4m7!3m6!1s0x12c9be6cd040dd5f:0xf9f1d0155a3f0abc!8m2!3d43.3336741!4d5.4641475!16s%2Fg%2F1tfm3vsl!19sChIJX91A0Gy-yRIRvAo_WhXQ8fk?authuser=0&hl=fr&rclk=1","Menuiserie Leoni","5,0","(116)","Menuisier","·","Lot. les Toits de la Pounche","Fermé","· Ouvre à 09:00 lun.","·","06 12 22 09 63","https://www.google.fr/aclk?sa=L&ai=DChsSEwjghZfVwsWSAxWfe0ECHaNmM8oYACICCAEQCBoCd3M&co=1&ase=2&gclid=CjwKCAiAv5bMBhAIEiwAqP9GuDf48q_DgbuKdRRykhm3Fykl_GAYbEdaVenFl-Nb-skjI1NlH0iIjhoCDo8QAvD_BwE&cce=2&category=acrcp_v1_32&sig=AOD64_2fgCglDmpS2NVEOR98u2DktL9uRQ&adurl&q&ctype=99&nis=6","","Site Web","","Itinéraires","https://ssl.gstatic.com/local/servicebusiness/default_user.png","""J'ai fait appel à ce"
"https://www.google.fr/maps/place/SASU+AB+CONCEPT/data=!4m7!3m6!1s0x12c9bf2c358c7f11:0xb592fca2bde4351!8m2!3d43.3172583!4d5.405802!16s%2Fg%2F11cs3zdzjk!19sChIJEX-MNSy_yRIRUUPeK8ovWQs?authuser=0&hl=fr&rclk=1","SASU AB CONCEPT","3,2","(5)","Menuisier","·","3 Bd Verd","Fermé","· Ouvre à 09:00 lun.","·","06 16 91 64 52","","","Itinéraires","","","",""
"https://www.google.fr/maps/place/Entreprise+Joseph+Alain/data=!4m7!3m6!1s0x12c9beb8f5894467:0x589eba9e9c075ebe!8m2!3d43.2895418!4d5.4579842!16s%2Fg%2F1tf09r7w!19sChIJZ0SJ9bi-yRIRvl4HnJ66nlg?authuser=0&hl=fr&rclk=1","Entreprise Joseph Alain","4,8","(135)","Menuisier","·","·","Fermé","· Ouvre à 08:00 lun.","·","04 91 78 43 34","https://www.josephalain.com/","","Site Web","","Itinéraires","https://ssl.gstatic.com/local/servicebusiness/default_user.png","""Ils ont fait un travail remarquable avec sérieux et bonne humeur."""
"https://www.google.fr/maps/place/Entreprise+Miramond/data=!4m7!3m6!1s0x12c9bf3b962cc4d7:0x9f6345881144ddeb!8m2!3d43.2906418!4d5.4211435!16s%2Fg%2F1tgw26_d!19sChIJ18Qslju_yRIR691EEYhFY58?authuser=0&hl=fr&rclk=1","Entreprise Miramond","4,6","(7)","Magasin de meubles","·","555 Rue Saint-Pierre","Fermé","· Ouvre à 07:30 lun.","·","04 91 92 04 78","http://www.miramond.fr/","","Site Web","","Itinéraires","",""
"https://www.google.fr/maps/place/Parquet13/data=!4m7!3m6!1s0x12c9c1e9bb425dd1:0xf3ae8e18d0c4075b!8m2!3d43.3281095!4d5.3661287!16s%2Fg%2F11qq7fqmjc!19sChIJ0V1Cu-nByRIRWwfE0BiOrvM?authuser=0&hl=fr&rclk=1","Parquet13","4,8","(14)","Menuisier","·","146 Rue de Lyon","Fermé","· Ouvre à 09:00 sam.","·","06 18 85 25 88","","","Itinéraires","","","https://ssl.gstatic.com/local/servicebusiness/default_user.png","""Pose impeccable tarifs tres competitifs."""
"https://www.google.fr/maps/place/Menuiserie+Puca/data=!4m7!3m6!1s0x12c995c8f8961a75:0xa21670ae0a62ed81!8m2!3d43.3550217!4d5.4351482!16s%2Fg%2F11g_zf0z5n!19sChIJdRqW-MiVyRIRge1iCq5wFqI?authuser=0&hl=fr&rclk=1","Menuiserie Puca","4,0","(4)","Menuisier","·","60 Chem. des Mourets","","","","06 17 34 36 38","","","Itinéraires","","","https://ssl.gstatic.com/local/servicebusiness/default_user.png","""L’équipe m’a très bien conseillée du projet à sa réalisation."""
"https://www.google.fr/maps/place/L%27Atelier+Des+Marches/data=!4m7!3m6!1s0x12c9eb8b5afaead9:0xede888b2207691eb!8m2!3d43.370725!4d5.3518424!16s%2Fg%2F11v07hh_rg!19sChIJ2er6WovryRIR65F2ILKI6O0?authuser=0&hl=fr&rclk=1","L'Atelier Des Marches","4,9","(79)","Société de fabrication d'escaliers","·","20 Rue Jorgi Reboul","Fermé","· Ouvre à 08:00 sam.","·","04 86 77 16 25","https://www.latelier-des-marches.fr/?utm_source=Google&utm_medium=My%20Business","","Site Web","","Itinéraires","https://ssl.gstatic.com/local/servicebusiness/default_user.png","""Les poseurs en plus d'être sympas ont fait de l'excellent travail."""
"https://www.google.fr/maps/place/Fermetures+Sainte-C%C3%A9cile/data=!4m7!3m6!1s0x12c9c0a8520116a9:0xa1b274e5dc0f6492!8m2!3d43.2873691!4d5.3920532!16s%2Fg%2F11btlxy_lt!19sChIJqRYBUqjAyRIRkmQP3OV0sqE?authuser=0&hl=fr&rclk=1","Fermetures Sainte-Cécile","3,0","(5)","Menuisier","·","29 Rue Sainte-Cécile","Fermé","· Ouvre à 09:30 lun.","·","04 91 78 33 35","http://fr.mappy.com/poi/50acf96784ae9c6b734057a2?utm_source=gmb#/2/M2/TGeoentity/SFermetures+Ste+C%C3%A9cile+-+29+rue+Sainte+C%C3%A9cile%2C+13005+Marseille/F50acf96784ae9c6b734057a2/N151.12061,6.11309,5.39194,43.2873/Z15","","Site Web","","Itinéraires","",""
"https://www.google.fr/maps/place/mathilde+b/data=!4m7!3m6!1s0x12c9c191328a0cc1:0x49ac86bc00461453!8m2!3d43.2848077!4d5.3613725!16s%2Fg%2F11ssl8z3kr!19sChIJwQyKMpHByRIRUxRGALyGrEk?authuser=0&hl=fr&rclk=1","mathilde b","5,0","(5)","Menuisier","·","17 Bd Marius Thomas","Fermé","· Ouvre à 09:00 lun.","","","https://mathilde-b.com/","","Site Web","","Itinéraires","https://ssl.gstatic.com/local/servicebusiness/default_user.png","""Mathilde est une menuisière sérieuse et réalise un travail remarquable."""
"https://www.google.fr/maps/place/MV/data=!4m7!3m6!1s0x12c9bf0c13b4b871:0x6f919341bd267698!8m2!3d43.3261889!4d5.3941801!16s%2Fg%2F11my8p49cn!19sChIJcbi0Ewy_yRIRmHYmvUGTkW8?authuser=0&hl=fr&rclk=1","MV","","","Menuisier","·","63 Av. Claude Monet","Fermé","· Ouvre à 08:00 lun.","·","07 61 45 12 13","https://www.menuiserie-marseille.fr/","","Site Web","","Itinéraires","",""
"https://www.google.fr/maps/place/APS+Fermetures/data=!4m7!3m6!1s0x12c9ea8b94390425:0xe373b313fb0fe76!8m2!3d43.3743967!4d5.3561923!16s%2Fg%2F11c2ptl2t4!19sChIJJQQ5lIvqyRIRdv6wPzE7Nw4?authuser=0&hl=fr&rclk=1","APS Fermetures","4,8","(70)","Fournisseur de fenêtres","·","·","Fermé","· Ouvre à 07:30 lun.","·","04 91 25 51 69","https://www.apsfermetures.fr/","","Site Web","","Itinéraires","https://ssl.gstatic.com/local/servicebusiness/default_user.png","""Fourniture et pose de menuiseries de très bonne qualité;"""
"https://www.google.fr/maps/place/Menuiseries+Antoine/data=!4m7!3m6!1s0x12c9bed0f1177779:0x4852f4f0a3034570!8m2!3d43.2854348!4d5.442406!16s%2Fg%2F1v3sqg24!19sChIJeXcX8dC-yRIRcEUDo_D0Ukg?authuser=0&hl=fr&rclk=1","Menuiseries Antoine","4,0","(52)","Menuisier","·","Av. Elleon","Fermé","· Ouvre à 08:00 lun.","·","04 91 44 74 15","http://www.menuiseries-antoine.com/","","Site Web","","Itinéraires","https://ssl.gstatic.com/local/servicebusiness/default_user.png","""Très bons conseils, offre complète, bon rapport qualité prix, bravo"""
"https://www.google.fr/maps/place/LV+Atelier/data=!4m7!3m6!1s0x12c9bf3a32d16199:0x3354f2e0d0118b17!8m2!3d43.2906607!4d5.4211645!16s%2Fg%2F1hc3pvwq7!19sChIJmWHRMjq_yRIRF4sR0ODyVDM?authuser=0&hl=fr&rclk=1","LV Atelier","","","Atelier de menuiserie","·","555 ZI Saint-Pierre","Fermé","· Ouvre à 08:00 lun.","·","06 78 55 40 34","https://www.lvatelier.com/","","Site Web","","Itinéraires","",""
"https://www.google.fr/maps/place/GCP+menuiserie/data=!4m7!3m6!1s0x12c9b88535fe25b5:0x61d731cccf200275!8m2!3d43.2431966!4d5.3985389!16s%2Fg%2F1hf2wf5mm!19sChIJtSX-NYW4yRIRdQIgz8wx12E?authuser=0&hl=fr&rclk=1","GCP menuiserie","3,8","(31)","Atelier de menuiserie","·","1 bd de L'ocean bat A5 A2, Imp. Paradou","Fermé","· Ouvre à 08:00 lun.","·","04 91 40 54 66","http://www.gcp13.com/","","Site Web","","Itinéraires","https://ssl.gstatic.com/local/servicebusiness/default_user.png","""Les"
"https://www.google.fr/maps/place/Menuiserie+Nichanian+AC+BOIS/data=!4m7!3m6!1s0x12c9bde0ce9b974d:0xe25a6f946eaaf425!8m2!3d43.3513225!4d5.4678909!16s%2Fg%2F1td811sm!19sChIJTZebzuC9yRIRJfSqbpRvWuI?authuser=0&hl=fr&rclk=1","Menuiserie Nichanian AC BOIS","5,0","(4)","Fabricant de meubles","·","·","Fermé","· Ouvre à 08:00 sam.","·","04 91 68 04 43","https://www.menuiserie-nichanian.fr/?utm_source=gmb","","Site Web","","Itinéraires","https://ssl.gstatic.com/local/servicebusiness/default_user.png","""Travail soigné et de qualité tant dans la conception que dans la rénovation."""
"https://www.google.fr/maps/place/Elr+Renov%27/data=!4m7!3m6!1s0x12c9bfb3de483993:0xd7adc4f965207bef!8m2!3d43.2934393!4d5.4212233!16s%2Fg%2F11f62h1d5n!19sChIJkzlI3rO_yRIR73sgZfnErdc?authuser=0&hl=fr&rclk=1","Elr Renov'","4,4","(13)","Menuisier","·","Les locaux bleus, 553 Rue Saint-Pierre N°22","Fermé","· Ouvre à 07:30 lun.","·","04 91 33 20 51","https://www.elr-renov.fr/?utm_source=gmb","","Site Web","","Itinéraires","https://ssl.gstatic.com/local/servicebusiness/default_user.png","""Coût très compétitifs pour des produits de qualités."""
"https://www.google.fr/maps/place/A+13+Menuiserie/data=!4m7!3m6!1s0x12c9b90cc8567f17:0xa93e710cd13de92c!8m2!3d43.2564904!4d5.3941006!16s%2Fg%2F11h71h2ly2!19sChIJF39WyAy5yRIRLOk90QxxPqk?authuser=0&hl=fr&rclk=1","A 13 Menuiserie","5,0","(5)","Atelier de menuiserie","·","481 Av. de Mazargues","Fermé","· Ouvre à 08:30 lun.","·","04 15 43 03 07","","","Itinéraires","","","",""
"https://www.google.fr/maps/place/TRYBA+Marseille+Sud/data=!4m7!3m6!1s0x12c9b9bd849aa30f:0x2f6cd28578a4b0eb!8m2!3d43.276134!4d5.397399!16s%2Fg%2F11j7kp6rmk!19sChIJD6OahL25yRIR67CkeIXSbC8?authuser=0&hl=fr&rclk=1","TRYBA Marseille Sud","4,9","(102)","Menuisier","·","·","Fermé","· Ouvre à 09:00 lun.","Fabrication de portes, fenêtres & volets","09 71 12 10 65","https://www.tryba.com/espace-conseil/13/tryba-marseille-8e/?utm_campaign=Tryba_Marseille-8e&utm_medium=CTA-WEB&utm_source=GMB","","Site Web","","Itinéraires","https://ssl.gstatic.com/local/servicebusiness/default_user.png","""Qualité menuiserie supérieur je suis très heureux de la pose et du matériel"""
"https://www.google.fr/maps/place/Castor+Craft+%E2%80%93+Menuiserie+sur+mesure+Marseille/data=!4m7!3m6!1s0x12c9bf5770990bcd:0x6a2a30f9dea109bb!8m2!3d43.3344975!4d5.4542739!16s%2Fg%2F11y1vnbmfr!19sChIJzQuZcFe_yRIRuwmh3vkwKmo?authuser=0&hl=fr&rclk=1","Castor Craft – Menuiserie sur mesure Marseille","5,0","(14)","Menuisier","·","·","Fermé","· Ouvre à 09:00 lun.","·","06 51 52 68 67","https://www.castor-craft.fr/","","Site Web","","Itinéraires","https://ssl.gstatic.com/local/servicebusiness/default_user.png","""Très bon travail, je conseille pour tout travail de menuiserie"""
"https://www.google.fr/maps/place/SARL+J.E.M+GROUPE/data=!4m7!3m6!1s0x12c9bf58e6b7ca1d:0x7f988efa910381b9!8m2!3d43.2926473!4d5.3964341!16s%2Fg%2F11g0hp2jv1!19sChIJHcq35li_yRIRuYEDkfqOmH8?authuser=0&hl=fr&rclk=1","SARL J.E.M GROUPE","1,0","(1)","Menuisier","·","35 Bis Rue Cité des Platanes","","","","09 74 56 62 47","","","Itinéraires","","","",""
"https://www.google.fr/maps/place/AFAA+AGENCEMENT/data=!4m7!3m6!1s0x12c9bf0b5a2b6e43:0x15a3be09f53123b2!8m2!3d43.3161027!4d5.4118193!16s%2Fg%2F11swvgq0gk!19sChIJQ24rWgu_yRIRsiMx9Qm-oxU?authuser=0&hl=fr&rclk=1","AFAA AGENCEMENT","2,3","(3)","Menuisier","·","18 Av. du Petit Bosquet","Fermé","· Ouvre à 09:00 sam.","·","04 65 66 31 93","","","Itinéraires","","","https://ssl.gstatic.com/local/servicebusiness/default_user.png","""Tarif correct eu égard à la qualité du bois."""
"","","","","","","","","","","","","","","","","",""