"hfpxzc href","qBF1Pd","MW4etd","UY7F9","W4Efsd","W4Efsd 2","W4Efsd 3","W4Efsd 4","W4Efsd 5","W4Efsd 6","UsdlK","lcr4fd href","Cw1rxd","R8c4Qb","Cw1rxd 2","R8c4Qb 2","Jn12ke src","ah5Ghc","ah5Ghc 2","ah5Ghc 3","doJOZc","W4Efsd 7"
"","","","","","","","","","","","","","","","","","","","","",""
"","","","","","","","","","","","","","","","","","","","","",""
"https://www.google.fr/maps/place/Pressing+Aqualogia+Marseille+R%C3%A9publique/data=!4m7!3m6!1s0x12c9c1d7f75728b9:0xed1d09b80b57ec0a!8m2!3d43.3017385!4d5.3694061!16s%2Fg%2F11y1znq710!19sChIJuShX99fByRIRCuxXC7gJHe0?authuser=0&hl=fr&rclk=1","Pressing Aqualogia Marseille République","4,4","(155)","Pressing","·","73 Rue de la République","Ferme bientôt","· 19:15 · Ouvre à 09:00 sam.","·","04 91 44 07 90","https://pressing-marseille.fr/","","Site Web","","Itinéraires","https://ssl.gstatic.com/local/servicebusiness/default_user.png","""Magnifique nouveau","pressing",", costumes et manteaux rendus impeccables.""","",""
"https://www.google.fr/maps/place/Pressing+Clean+France/data=!4m7!3m6!1s0x12c9c0b77ea68c91:0xab26736870208863!8m2!3d43.2904764!4d5.3758673!16s%2Fg%2F1tgttbgv!19sChIJkYymfrfAyRIRY4ggcGhzJqs?authuser=0&hl=fr&rclk=1","Pressing Clean France","4,7","(293)","Pressing","·","22 Cr Pierre Puget","Ferme bientôt","· 19:00 · Ouvre à 08:00 sam.","·","04 91 55 08 62","","","Itinéraires","","","https://ssl.gstatic.com/local/servicebusiness/default_user.png","""Tres bon","pressing","Sérieux et très rapide
👍👌
Carte d abonnement avantageuse!""","",""
"https://www.google.fr/maps/place/Pressing+Blanc+Presse/data=!4m7!3m6!1s0x12c9c0d05712d47f:0x1d168eaefe2515c2!8m2!3d43.28904!4d5.3602217!16s%2Fg%2F11dymqm9bd!19sChIJf9QSV9DAyRIRwhUl_q6OFh0?authuser=0&hl=fr&rclk=1","Pressing Blanc Presse","4,5","(42)","Pressing","·","·","Ferme bientôt","· 19:00 · Ouvre à 08:30 sam.","70 Av. de la Corse","09 54 34 33 34","","","Itinéraires","","","https://ssl.gstatic.com/local/servicebusiness/default_user.png","""Très bon","pressing",", très professionnel et le travail est impeccable !""","","·"
"https://www.google.fr/maps/place/Sud+Pressing/data=!4m7!3m6!1s0x12c9c0da10dcb305:0x66eadc8d5e9ef377!8m2!3d43.2918761!4d5.3580914!16s%2Fg%2F1tcvf8fz!19sChIJBbPcENrAyRIRd_OeXo3c6mY?authuser=0&hl=fr&rclk=1","Sud Pressing","4,0","(10)","Pressing","·","93 Bd Charles Livon","Fermé","· Ouvre à 08:00 sam.","·","04 91 59 18 11","http://sudpressing.fr/","","Site Web","","Itinéraires","https://ssl.gstatic.com/local/servicebusiness/default_user.png","""Personnel très compétant, rapide et sérieux.""","","","",""
"https://www.google.fr/maps/place/Clean+France+Endoume/data=!4m7!3m6!1s0x12c9c0ce05e1b9d5:0x44938db1c4369b93!8m2!3d43.286245!4d5.3632314!16s%2Fg%2F1tfhw562!19sChIJ1bnhBc7AyRIRk5s2xLGNk0Q?authuser=0&hl=fr&rclk=1","Clean France Endoume","3,4","(33)","Pressing","·","·","Ferme bientôt","· 19:15 · Ouvre à 09:00 sam.","129 Rue d'Endoume","04 91 31 51 26","","","Itinéraires","","","https://ssl.gstatic.com/local/servicebusiness/default_user.png","""","Pressing","au top !""","","·"
"https://www.google.fr/maps/place/Pressing+Des+Catalans/data=!4m7!3m6!1s0x12c9c0d0b3751bbd:0x20bee98bce108d81!8m2!3d43.2903105!4d5.3578525!16s%2Fg%2F1tdjd_yr!19sChIJvRt1s9DAyRIRgY0QzovpviA?authuser=0&hl=fr&rclk=1","Pressing Des Catalans","3,4","(17)","Pressing","·","·","Fermé","· Ouvre à 09:00 sam.","24 Rue César Aleman","04 91 52 86 27","","","Itinéraires","","","https://ssl.gstatic.com/local/servicebusiness/default_user.png","""aucun problème pour le","pressing",".""","","·"
"https://www.google.fr/maps/place/Pressing+du+Roucas+Blanc+Arnaud+Orillon+Artisan/data=!4m7!3m6!1s0x12c9c734b7644de3:0xba249d6a78ffb163!8m2!3d43.2803404!4d5.3688752!16s%2Fg%2F11cllv1y6_!19sChIJ401ktzTHyRIRY7H_eGqdJLo?authuser=0&hl=fr&rclk=1","Pressing du Roucas Blanc Arnaud Orillon Artisan","4,5","(40)","Services de nettoyage","·","243 Chem. du Roucas Blanc","","","","06 11 83 48 37","","","Itinéraires","","","https://ssl.gstatic.com/local/servicebusiness/default_user.png","""Super","pressing","Efficacité remarquable
Rapport qualité prix top""","",""
"https://www.google.fr/maps/place/Pressing+5%C3%A0sec+Marseille+Grand+Littoral/data=!4m7!3m6!1s0x12c9ea7c7bf3b263:0x8ea726885668a5be!8m2!3d43.3641125!4d5.3489336!16s%2Fg%2F1q629xd5t!19sChIJY7Lze3zqyRIRvqVoVogmp44?authuser=0&hl=fr&rclk=1","Pressing 5àsec Marseille Grand Littoral","4,5","(351)","Pressing","·","·","Ouvert","· Ferme à 19:30","11 Avenue de St antoine","04 91 09 84 75","https://www.5asec.fr/fr/pressing/marseille-grand-littoral/","","Site Web","","Itinéraires","https://ssl.gstatic.com/local/servicebusiness/default_user.png","""Je recommande ce","pressing","avec une équipe compétente et chaleureuse""","","·"
"https://www.google.fr/maps/place/Pressing+5%C3%A0sec+Marseille+Baille/data=!4m7!3m6!1s0x12c9c0ae4347f5a7:0xd1353ee2606e127b!8m2!3d43.2864954!4d5.3853156!16s%2Fg%2F1ptynhn14!19sChIJp_VHQ67AyRIRexJuYOI-NdE?authuser=0&hl=fr&rclk=1","Pressing 5àsec Marseille Baille","4,4","(312)","Pressing","·","·","Ferme bientôt","· 19:00 · Ouvre à 09:00 sam.","11 Bd Baille","04 91 47 99 17","https://www.5asec.fr/fr/pressing/marseille-baille/","","Site Web","","Itinéraires","https://ssl.gstatic.com/local/servicebusiness/default_user.png","""Le meilleur","pressings","5 à sec baille castellane""","","·"
"https://www.google.fr/maps/place/Decathlon+Marseille+Terrasses+Du+Port/data=!4m7!3m6!1s0x12c9c0ef72e5ed1d:0x22d7dfb11ea47508!8m2!3d43.3077546!4d5.3652679!16s%2Fg%2F11b7v3cxyr!19sChIJHe3lcu_AyRIRCHWkHrHf1yI?authuser=0&hl=fr&rclk=1","Decathlon Marseille Terrasses Du Port","3,8","(1 099)","Magasin d'articles de sports","·","·","Ouvert","· Ferme à 20:00","Les Terrasses du Port, 9 Quai du Lazaret Lot 50117","04 13 42 08 80","https://www.decathlon.fr/store-view/magasin-de-sports-marseille-terrasses-du-port-0070084600846","","Site Web","","Itinéraires","https://ssl.gstatic.com/local/servicebusiness/default_user.png","""Facilité pour payer soi-même aux caisses, gain de temps""","","","","·"
"https://www.google.fr/maps/place/Pressing+Saint-Louis/data=!4m7!3m6!1s0x12c9c031ba18e3a9:0x6aeacc1d25af97bf!8m2!3d43.3472709!4d5.3592092!16s%2Fg%2F11ghs79vv5!19sChIJqeMYujHAyRIRv5evJR3M6mo?authuser=0&hl=fr&rclk=1","Pressing Saint-Louis","2,9","(29)","Pressing","·","128 Av. de Saint-Louis","Ferme bientôt","· 19:00 · Ouvre à 09:00 sam.","·","04 91 60 14 06","","","Itinéraires","","","https://ssl.gstatic.com/local/servicebusiness/default_user.png","""Třes bien pour recuperer les color,commande""","","","",""
"https://www.google.fr/maps/place/Pariente+Giovannelli+Annie/data=!4m7!3m6!1s0x12c9c097fcb7416d:0x1ba340f8586c6715!8m2!3d43.2997646!4d5.382868!16s%2Fg%2F1tk406l3!19sChIJbUG3_JfAyRIRFWdsWPhAoxs?authuser=0&hl=fr&rclk=1","Pariente Giovannelli Annie","4,4","(11)","Pressing","·","12 Rue Lemaître","","","","04 91 62 19 85","","","Itinéraires","","","https://ssl.gstatic.com/local/servicebusiness/default_user.png","""Très bien, travail de qualité""","","","",""
"https://www.google.fr/maps/place/Fou+D%27Coudre+Retouche+Repassage/data=!4m7!3m6!1s0x12c9c0b8e5856a8b:0x3b3f68204bd4c397!8m2!3d43.293462!4d5.3750156!16s%2Fg%2F11hcj6m32s!19sChIJi2qF5bjAyRIRl8PUSyBoPzs?authuser=0&hl=fr&rclk=1","Fou D'Coudre Retouche Repassage","5,0","(9)","Pressing","·","16 Rue Glandeves","","","","","","","Itinéraires","","","https://ssl.gstatic.com/local/servicebusiness/default_user.png","""Super espace pour retoucher ses vêtements !""","","","",""
"https://www.google.fr/maps/place/Pressing+Hakopjanian+Emirzian+Anahit+Anahit/data=!4m7!3m6!1s0x12c9c031ba4bc823:0xb9bd1542535506ba!8m2!3d43.3472354!4d5.3593019!16s%2Fg%2F1hc7dvw51!19sChIJI8hLujHAyRIRugZVU0IVvbk?authuser=0&hl=fr&rclk=1","Pressing Hakopjanian Emirzian Anahit Anahit","4,3","(19)","Pressing","·","·","Ferme bientôt","· 19:00 · Ouvre à 09:00 sam.","128 Av. de Saint-Louis","04 91 60 14 06","","","Itinéraires","","","","","","","","·"
"https://www.google.fr/maps/place/Laverie+Speed+Queen+Marseille+1er/data=!4m7!3m6!1s0x12c9c14d60247ee9:0xebb1474d2f58fad5!8m2!3d43.2977581!4d5.3784276!16s%2Fg%2F11qpw2pn24!19sChIJ6X4kYE3ByRIR1fpYL01Hses?authuser=0&hl=fr&rclk=1","Laverie Speed Queen Marseille 1er","3,7","(43)","Laverie automatique","·","·","Ouvert","· Ferme à 20:00","20 Rue Thubaneau","06 51 80 90 33","https://www.speedqueenfrance.fr/laverie-marseille","","Site Web","","Itinéraires","https://ssl.gstatic.com/local/servicebusiness/default_user.png","""Ma laverie préférée.""","","","","·"
"https://www.google.fr/maps/place/Top+lavage+-+Lavage+auto+Marseille+Vieux-Port+Joliette+int%C3%A9rieur+ext%C3%A9rieur+pressing+si%C3%A8ge+lustrage+polish/data=!4m7!3m6!1s0x12c9c1e4c26f3965:0x9cc336e0df644150!8m2!3d43.2990002!4d5.3720344!16s%2Fg%2F11hzzywfx0!19sChIJZTlvwuTByRIRUEFk3-A2w5w?authuser=0&hl=fr&rclk=1","Top lavage - Lavage auto Marseille Vieux-Port Joliette intérieur extérieur pressing siège lustrage polish","4,9","(93)","Station de lavage automobile","·","·","Fermé","· Ouvre à 08:00 sam.","Park indigo, 40 Rue de la République","04 91 93 40 03","http://www.toplavage.com/","","Site Web","","Itinéraires","https://ssl.gstatic.com/local/servicebusiness/default_user.png","""Rien à dire équipe professionnelle, travail de qualité et prix correct.""","","","","·"
"https://www.google.fr/maps/place/KUNZ+Pressing+MARSEILLE+CASTELLANE/data=!4m7!3m6!1s0x12c9c0adefa7d999:0xea0a92b6a03657e5!8m2!3d43.2846048!4d5.3863976!16s%2Fg%2F1tdrnn07!19sChIJmdmn763AyRIR5Vc2oLaSCuo?authuser=0&hl=fr&rclk=1","KUNZ Pressing MARSEILLE CASTELLANE","4,3","(78)","Pressing","·","·","Ferme bientôt","· 19:15 · Ouvre à 08:00 sam.","35 Av. Jules Cantini","04 91 37 40 02","http://www.kunz.fr/","","Site Web","","Itinéraires","https://ssl.gstatic.com/local/servicebusiness/default_user.png","""Petit","pressing","qui ne paye pas de mines, mais qui travaille très bien.""","","·"
"https://www.google.fr/maps/place/KUNZ+Pressing+MARSEILLE+PARADIS/data=!4m7!3m6!1s0x12c9c751f2664389:0xd94d3d651c2dd09!8m2!3d43.2749268!4d5.3844883!16s%2Fg%2F1tfncjd2!19sChIJiUNm8lHHyRIRCd3CUdbTlA0?authuser=0&hl=fr&rclk=1","KUNZ Pressing MARSEILLE PARADIS","4,4","(70)","Pressing","·","·","Ferme bientôt","· 19:15 · Ouvre à 08:00 sam.","444 Rue Paradis","04 91 77 64 16","https://www.kunz.fr/pressings/marseille-paradis/","","Site Web","","Itinéraires","https://ssl.gstatic.com/local/servicebusiness/default_user.png","""Incroyable, rapide efficace.""","","","","·"
"https://www.google.fr/maps/place/Pressing+Eco/data=!4m7!3m6!1s0x12c9bfd4cc7acf53:0x5118d1d5502df40f!8m2!3d43.30623!4d5.3996364!16s%2Fg%2F11v9fpkwyr!19sChIJU896zNS_yRIRD_QtUNXRGFE?authuser=0&hl=fr&rclk=1","Pressing Eco","4,5","(32)","Pressing","·","108 Av. des Chartreux","Ferme bientôt","· 19:00 · Ouvre à 09:00 sam.","·","06 62 09 28 70","https://instagram.com/ecologiquepressing13004","","Site Web","","Itinéraires","https://ssl.gstatic.com/local/servicebusiness/default_user.png","""Super","pressings","👍bon accueille du proprio..👌les Prix s'ont raisonnable 😉.""","",""
"https://www.google.fr/maps/place/Pressing+S.o.p.r.e.s.s/data=!4m7!3m6!1s0x12c9c0a48c087869:0xa805d82c450f545f!8m2!3d43.2936545!4d5.3857305!16s%2Fg%2F1vh7jr48!19sChIJaXgIjKTAyRIRX1QPRSzYBag?authuser=0&hl=fr&rclk=1","Pressing S.o.p.r.e.s.s","3,9","(30)","Pressing","·","14 Rue Saint-Michel","Fermé","· Ouvre à 07:30 sam.","·","04 91 42 15 02","","","Itinéraires","","","https://ssl.gstatic.com/local/servicebusiness/default_user.png","""Ce","pressing","est une véritable pépite à Marseille.""","",""
"https://www.google.fr/maps/place/Pressing+Liberation/data=!4m7!3m6!1s0x12c9bf6195910055:0x426e097e7ec18c1d!8m2!3d43.3026011!4d5.3954793!16s%2Fg%2F11bccmg461!19sChIJVQCRlWG_yRIRHYzBfn4JbkI?authuser=0&hl=fr&rclk=1","Pressing Liberation","2,5","(96)","Blanchisserie","·","·","Ferme bientôt","· 19:00 · Ouvre à 08:00 sam.","223 Bd de la Libération","04 91 62 12 94","","","Itinéraires","","","https://ssl.gstatic.com/local/servicebusiness/default_user.png","""Je recommande fortement ce","pressing","digne de Marseille""","","·"
"https://www.google.fr/maps/place/Pressing+Vitalis/data=!4m7!3m6!1s0x12c9c0a70b56b627:0x1641fa507ef9749f!8m2!3d43.292304!4d5.3925741!16s%2Fg%2F1tg12yhj!19sChIJJ7ZWC6fAyRIRn3T5flD6QRY?authuser=0&hl=fr&rclk=1","Pressing Vitalis","3,5","(37)","Pressing","·","·","Ferme bientôt","· 19:00 · Ouvre à 08:30 sam.","3 Rue Vitalis","06 52 66 54 37","","","Itinéraires","","","https://ssl.gstatic.com/local/servicebusiness/default_user.png","""","Pressing","efficace, travail de qualité.""","","·"
"https://www.google.fr/maps/place/Net%27+Sec/data=!4m7!3m6!1s0x12c9c097fccbab33:0x9b9739f47f454b58!8m2!3d43.2997516!4d5.3828422!16s%2Fg%2F11bzz43lj5!19sChIJM6vL_JfAyRIRWEtFf_Q5l5s?authuser=0&hl=fr&rclk=1","Net' Sec","4,8","(9)","Service de blanchisserie","·","12 Rue Lemaître","","","","04 91 62 19 85","","","Itinéraires","","","https://ssl.gstatic.com/local/servicebusiness/default_user.png","""Efficace et travail de qualité""","","","",""
"https://www.google.fr/maps/place/Overt+pressing+-+mindial+relay/data=!4m7!3m6!1s0x12c9c7741661e19b:0x7278d39e2e7547a3!8m2!3d43.2633538!4d5.3743464!16s%2Fg%2F11h7d7kyym!19sChIJm-FhFnTHyRIRo0d1Lp7TeHI?authuser=0&hl=fr&rclk=1","Overt pressing - mindial relay","4,5","(16)","Pressing","·","85 Prom. Georges Pompidou","Ferme bientôt","· 19:00 · Ouvre à 09:00 sam.","·","09 73 39 57 83","","","Itinéraires","","","https://ssl.gstatic.com/local/servicebusiness/default_user.png","""Excellent","pressing","!""","",""
"https://www.google.fr/maps/place/Laverie+Revolution+Laundry/data=!4m7!3m6!1s0x12c9c1afa497eec7:0x8c9f8b5ef1ed2a80!8m2!3d43.3020499!4d5.3781675!16s%2Fg%2F11vx3kybs_!19sChIJx-6XpK_ByRIRgCrt8V6Ln4w?authuser=0&hl=fr&rclk=1","Laverie Revolution Laundry","1,0","(2)","Laverie automatique","·","VILOGIA RESIDENCE NEDELEC, 83 Rue Longue des Capucins","Ferme bientôt","· 19:00 · Ouvre à 08:30 sam.","·","09 70 82 32 47","https://stores.revolution-laundry.com/fr-fr","","Site Web","","Itinéraires","","","","","",""
"https://www.google.fr/maps/place/Pressing+5%C3%A0sec+Marseille+Negresko/data=!4m7!3m6!1s0x12c9c759f53fb23b:0xd6b7d43591289a00!8m2!3d43.2693102!4d5.3889074!16s%2Fg%2F1ptwx6hb7!19sChIJO7I_9VnHyRIRAJookTXUt9Y?authuser=0&hl=fr&rclk=1","Pressing 5àsec Marseille Negresko","4,4","(251)","Pressing","·","·","Ferme bientôt","· 19:00 · Ouvre à 09:00 sam.","48 Rue Negresko","04 91 76 52 66","https://www.5asec.fr/fr/pressing/marseille-negresko/","","Site Web","","Itinéraires","https://ssl.gstatic.com/local/servicebusiness/default_user.png","""","Pressing","bon pour les chemises seulement, n’apportez rien de délicat…""","","·"
"https://www.google.fr/maps/place/PRESSING+Du+Rouet+109+C/data=!4m7!3m6!1s0x12c9c17831fa57c1:0x8971ea013844ff91!8m2!3d43.2802688!4d5.3902537!16s%2Fg%2F11t3v5n9h4!19sChIJwVf6MXjByRIRkf9EOAHqcYk?authuser=0&hl=fr&rclk=1","PRESSING Du Rouet 109 C","4,0","(46)","Pressing","·","109 Rue du Rouet","Ferme bientôt","· 19:00 · Ouvre à 08:00 lun.","·","09 80 33 40 51","","","Itinéraires","","","https://ssl.gstatic.com/local/servicebusiness/default_user.png","""","Pressing","au top
Service rapide et efficace
Je recommande +++""","",""
"https://www.google.fr/maps/place/Claire+Pressing/data=!4m7!3m6!1s0x12c9bf5b7e8452df:0x9907a9b61772c171!8m2!3d43.2936608!4d5.4024202!16s%2Fg%2F1tdjlhqb!19sChIJ31KEflu_yRIRccFyF7apB5k?authuser=0&hl=fr&rclk=1","Claire Pressing","4,5","(25)","Pressing","·","53 Bd Jeanne d'Arc","Ferme bientôt","· 19:00 · Ouvre à 08:30 sam.","·","04 91 42 95 13","","","Itinéraires","","","https://ssl.gstatic.com/local/servicebusiness/default_user.png","""Je ne me lasse plus de ce","pressing","surtout pour mes manteaux !!""","",""
"https://www.google.fr/maps/place/Pressing+%C3%A9cologique+Saint-Just/data=!4m7!3m6!1s0x12c9bf0036e3ae8f:0xf762f6211c991c3f!8m2!3d43.3138558!4d5.4028587!16s%2Fg%2F11xtwwz79p!19sChIJj67jNgC_yRIRPxyZHCH2Yvc?authuser=0&hl=fr&rclk=1","Pressing écologique Saint-Just","3,7","(3)","Pressing","·","38 Av. de Saint-Just","Ferme bientôt","· 19:00 · Ouvre à 09:00 sam.","·","07 51 31 11 87","","","Itinéraires","","","https://ssl.gstatic.com/local/servicebusiness/default_user.png","""Travail soigné et rapide.""","","","",""
"https://www.google.fr/maps/place/Pressing+Bulles+St+Barnab%C3%A9/data=!4m7!3m6!1s0x12c9bf13222c2311:0x939a24f48721298b!8m2!3d43.3048157!4d5.4160162!16s%2Fg%2F11c5btxj1n!19sChIJESMsIhO_yRIRiykhh_QkmpM?authuser=0&hl=fr&rclk=1","Pressing Bulles St Barnabé","4,5","(140)","Pressing","·","·","Ferme bientôt","· 19:00 · Ouvre à 08:00 sam.","36 Av. de Saint-Julien","04 88 44 86 99","","","Itinéraires","","","https://ssl.gstatic.com/local/servicebusiness/default_user.png","""Travail nickel et accueil au top Je recommande ce","pressing","""","","·"
"https://www.google.fr/maps/place/Pressing+Saint+Giniez/data=!4m7!3m6!1s0x12c9c75978d862c7:0xae6aa25f0c7ad6a6!8m2!3d43.2679253!4d5.3888949!16s%2Fg%2F1tm9dcft!19sChIJx2LYeFnHyRIRptZ6DF-iaq4?authuser=0&hl=fr&rclk=1","Pressing Saint Giniez","4,9","(237)","Pressing","·","·","Fermé","· Ouvre à 08:30 mar.","72 Av. de Mazargues","04 91 77 29 93","","","Itinéraires","","","https://ssl.gstatic.com/local/servicebusiness/default_user.png","""Super","pressing",", accueil chaleureux et souriant, travail impeccable!""","","·"
"https://www.google.fr/maps/place/Espace+laverie+pressing/data=!4m7!3m6!1s0x12c9c1815f74904b:0x608cc21820990011!8m2!3d43.2955709!4d5.3799917!16s%2Fg%2F11h_xhc34l!19sChIJS5B0X4HByRIREQCZIBjCjGA?authuser=0&hl=fr&rclk=1","Espace laverie pressing","4,0","(4)","Laverie automatique","·","8 Rue Rodolphe Pollak","Fermé","· Ouvre à 09:00 sam.","·","06 37 28 75 76","","","Itinéraires","","","https://ssl.gstatic.com/local/servicebusiness/default_user.png","""La patronne est très Sympathique.""","","","",""
"https://www.google.fr/maps/place/KUNZ+Pressing+MARSEILLE+BONNEVEINE/data=!4m7!3m6!1s0x12c9c76e8f810a77:0x78319cbe52c58627!8m2!3d43.2482847!4d5.3905707!16s%2Fg%2F1td828w9!19sChIJdwqBj27HyRIRJ4bFUr6cMXg?authuser=0&hl=fr&rclk=1","KUNZ Pressing MARSEILLE BONNEVEINE","4,3","(205)","Pressing","·","·","Ouvert","· Ferme à 19:30","124 Av. de Hambourg","04 91 72 43 00","https://www.kunz.fr/pressings/marseille-bonneveine/","","Site Web","","Itinéraires","https://ssl.gstatic.com/local/servicebusiness/default_user.png","""Super","pressing",", service rapide, accueil très sympathique, je recommande !""","","·"
"https://www.google.fr/maps/place/Blanchisserie+%26+Pressing+de+Mazargues/data=!4m7!3m6!1s0x12c9b8845dfca0fd:0x108ddef7d4fa110d!8m2!3d43.2478459!4d5.4004792!16s%2Fg%2F1tfdv3qc!19sChIJ_aD8XYS4yRIRDRH61PfejRA?authuser=0&hl=fr&rclk=1","Blanchisserie & Pressing de Mazargues","4,7","(51)","Pressing","·","·","Ferme bientôt","· 19:00 · Ouvre à 09:00 sam.","82 Bd de la Concorde","04 91 40 41 40","","","Itinéraires","","","https://ssl.gstatic.com/local/servicebusiness/default_user.png","""Vrai","pressing",", le dernier du quartier, personnes sérieuses""","","·"
"https://www.google.fr/maps/place/KUNZ+Pressing+MARSEILLE+SAINT-LOUP/data=!4m7!3m6!1s0x12c9bf329a307981:0xc1b3f47162bd8898!8m2!3d43.2791708!4d5.4250483!16s%2Fg%2F1tt7j15j!19sChIJgXkwmjK_yRIRmIi9YnH0s8E?authuser=0&hl=fr&rclk=1","KUNZ Pressing MARSEILLE SAINT-LOUP","4,3","(160)","Pressing","·","·","Ouvert","· Ferme à 19:30","c.cial auchan, 57 Boulevard Romain Rolland","04 91 25 41 80","https://www.kunz.fr/pressings/marseille-saint-loup/","","Site Web","","Itinéraires","https://ssl.gstatic.com/local/servicebusiness/default_user.png","""Très bon","pressing","et compréhensive""","","·"
"https://www.google.fr/maps/place/MAISON+LAVERIE+PLOMBI%C3%88RES+13003/data=!4m7!3m6!1s0x12c9c086b04e5c15:0x1739570069e56d0e!8m2!3d43.3143874!4d5.3882496!16s%2Fg%2F1vnnfky2!19sChIJFVxOsIbAyRIRDm3laQBXORc?authuser=0&hl=fr&rclk=1","MAISON LAVERIE PLOMBIÈRES 13003","4,1","(13)","Laverie automatique","·","20 Rue du Dr Léon Perrin","Ouvert","· Ferme à 23:30","","","http://www.maison-laverie.com/","","Site Web","","Itinéraires","https://ssl.gstatic.com/local/servicebusiness/default_user.png","""Pour le locker mondial relay, jamais déçu""","","","",""
"https://www.google.fr/maps/place/Laverie+Revolution+Laundry/data=!4m7!3m6!1s0x12c9c725eb0fffab:0xf65c0a5ff7c0a59e!8m2!3d43.27856!4d5.363263!16s%2Fg%2F11yhs1v23m!19sChIJq_8P6yXHyRIRnqXA918KXPY?authuser=0&hl=fr&rclk=1","Laverie Revolution Laundry","1,0","(1)","Laverie automatique","·","07 STATION SERVICE ENI, 95 Av. des Roches","Ouvert","· Ferme à 22:00","·","09 70 82 32 47","https://stores.revolution-laundry.com/fr-fr","","Site Web","","Itinéraires","","","","","",""
"https://www.google.fr/maps/place/Laverie+Revolution+Laundry/data=!4m7!3m6!1s0x12c9c1b359f85879:0x45a44571e1f19cdb!8m2!3d43.318664!4d5.390483!16s%2Fg%2F11yht3kdg6!19sChIJeVj4WbPByRIR25zx4XFFpEU?authuser=0&hl=fr&rclk=1","Laverie Revolution Laundry","","","Laverie automatique","·","·","Ouvert 24h/24","","Station Service Eni, 26 Chem. de Sainte-Marthe","09 70 82 32 47","https://stores.revolution-laundry.com/fr-fr","","Site Web","","Itinéraires","","","","","","·"
"https://www.google.fr/maps/place/Pressing+Sainte+Th%C3%A9r%C3%A8se/data=!4m7!3m6!1s0x12c9bf4412f427bb:0x2c33b329e54a1f23!8m2!3d43.2934789!4d5.4117902!16s%2Fg%2F11f3twt8f0!19sChIJuyf0EkS_yRIRIx9K5SmzMyw?authuser=0&hl=fr&rclk=1","Pressing Sainte Thérèse","3,9","(13)","Pressing","·","·","Fermé","· Ouvre à 07:30 sam.","164 Chem. de Saint-Jean du Désert","07 50 49 73 21","","","Itinéraires","","","https://ssl.gstatic.com/local/servicebusiness/default_user.png","""Pas cher et efficace.""","","","","·"
"https://www.google.fr/maps/place/CMA+CGM/data=!4m7!3m6!1s0x12c9c0f17402601b:0x34925acf26d10817!8m2!3d43.3150157!4d5.3657403!16s%2Fm%2F0ddbctk!19sChIJG2ACdPHAyRIRFwjRJs9akjQ?authuser=0&hl=fr&rclk=1","CMA CGM","4,4","(500)","Société de transport international de marchandises","·","·","Ouvert","· Ferme à 20:00","TOUR CMA CGM BOULEVARD JACQUES SAADE, 4 Bd Euromediterranée Quai d'Arenc","04 88 91 90 00","https://www.cma-cgm.com/","","Site Web","","Itinéraires","https://ssl.gstatic.com/local/servicebusiness/default_user.png","""(Surtout avec ce monde en constant évolution)""","","","","·"
"https://www.google.fr/maps/place/Pressing+La+repasseuse/data=!4m7!3m6!1s0x12c9b9642cc6f237:0x5f66caac736982e6!8m2!3d43.2623743!4d5.4042067!16s%2Fg%2F11fkvn_9ry!19sChIJN_LGLGS5yRIR5oJpc6zKZl8?authuser=0&hl=fr&rclk=1","Pressing La repasseuse","4,1","(18)","Pressing","·","·","Ferme bientôt","· 18:30 · Ouvre à 09:00 sam.","20 Rue Aviateur le Brix","04 91 71 41 68","https://pressing-larepasseuse-marseille.fr/","","Site Web","","Itinéraires","https://ssl.gstatic.com/local/servicebusiness/default_user.png","""Travail de professionnel.""","","","","·"
"https://www.google.fr/maps/place/Pressing+apr%C3%A8s+sinistre/data=!4m7!3m6!1s0x12c9bfc1c527c287:0x85c05b3a778652a5!8m2!3d43.341144!4d5.419979!16s%2Fg%2F11h0c0dblf!19sChIJh8InxcG_yRIRpVKGdzpbwIU?authuser=0&hl=fr&rclk=1","Pressing après sinistre","","","Pressing","","","","","","07 50 49 73 21","","","Itinéraires","","","","","","","",""
"https://www.google.fr/maps/place/Hello+Atelier/data=!4m7!3m6!1s0x806ab9d0538b2ccd:0xea2135f75f8c5e06!8m2!3d43.3567354!4d5.3675349!16s%2Fg%2F11t9b1snfl!19sChIJzSyLU9C5aoARBl6MX_c1Ieo?authuser=0&hl=fr&rclk=1","Hello Atelier","5,0","(18)","Service de nettoyage de moquettes","·","16bis Bd de l'Angelette","Fermé","· Ouvre à 09:00 sam.","·","07 45 43 55 69","","","Itinéraires","","","https://ssl.gstatic.com/local/servicebusiness/default_user.png","""Venue en urgences pour mon canapé, rapide et efficace.""","","","",""
"https://www.google.fr/maps/place/Rose+Pressing/data=!4m7!3m6!1s0x12c9bfb0d13cd85d:0xe114d0003e35ba0d!8m2!3d43.3309376!4d5.4274886!16s%2Fg%2F1vxw5glz!19sChIJXdg80bC_yRIRDbo1PgDQFOE?authuser=0&hl=fr&rclk=1","Rose Pressing","3,6","(80)","Pressing","·","·","Ferme bientôt","· 19:00 · Ouvre à 09:00 sam.","29 Av. François Mignet","04 91 66 91 51","","","Itinéraires","","","https://ssl.gstatic.com/local/servicebusiness/default_user.png","""Le","pressing","La Roseest un","","·"
"https://www.google.fr/maps/place/DetailCar+-+F%C3%A9lix+Baret+-+Lavage+automobile+et+soin+de+voitures+et+utilitaires+%C3%A0+Marseille/data=!4m7!3m6!1s0x12c9c0ba6872cf3f:0xcb13ecfb63c6e72e!8m2!3d43.2911617!4d5.3802227!16s%2Fg%2F11f4mb07zg!19sChIJP89yaLrAyRIRLufGY_vsE8s?authuser=0&hl=fr&rclk=1","DetailCar - Félix Baret - Lavage automobile et soin de voitures et utilitaires à Marseille","4,7","(156)","Station de lavage automobile","·","4 Rue Armény","Fermé","· Ouvre à 10:00 sam.","·","04 82 97 13 16","https://www.detailcar.fr/detailcar-marseille-felix-baret-lavage-et-soin-de-vehicules-sans-eau-sur-marseille-centre-ville","","Site Web","","Itinéraires","https://ssl.gstatic.com/local/servicebusiness/default_user.png","""J’ai fait effectuer un","pressing","des sièges ce jour sur ma Polo.""","",""
"https://www.google.fr/maps/place/Pressing+de+la+Fr%C3%A9gate/data=!4m7!3m6!1s0x12c9b8ec8832f335:0xeb09b7f054206530!8m2!3d43.2543964!4d5.4165973!16s%2Fg%2F1tgs862g!19sChIJNfMyiOy4yRIRMGUgVPC3Ces?authuser=0&hl=fr&rclk=1","Pressing de la Frégate","4,8","(24)","Pressing","·","38 All. des Pins","Ferme bientôt","· 19:00 · Ouvre à 09:00 lun.","·","04 96 14 18 76","","","Itinéraires","","","https://ssl.gstatic.com/local/servicebusiness/default_user.png","""Très bon","pressing","!""","",""
"https://www.google.fr/maps/place/4+As/data=!4m7!3m6!1s0x12c9b8b6617c0f8f:0x58f5411c7acf3aee!8m2!3d43.2729537!4d5.4123235!16s%2Fg%2F1v9d4yxc!19sChIJjw98Yba4yRIR7jrPehxB9Vg?authuser=0&hl=fr&rclk=1","4 As","4,1","(185)","Pressing","·","·","Ferme bientôt","· 18:30 · Ouvre à 08:30 sam.","275 Bd Romain Rolland","04 91 75 65 54","","","Itinéraires","","","https://ssl.gstatic.com/local/servicebusiness/default_user.png","""Excellent","pressing","qui existe depuis de nombreuses années.""","","·"
"https://www.google.fr/maps/place/Pressing+Mermoz/data=!4m7!3m6!1s0x12c9c75406095561:0x251768681f88d1a7!8m2!3d43.2756949!4d5.3890271!16s%2Fg%2F11hyl4_5sn!19sChIJYVUJBlTHyRIRp9GIH2hoFyU?authuser=0&hl=fr&rclk=1","Pressing Mermoz","2,3","(9)","Pressing","·","234 Av. du Prado","Fermé","· Ouvre à 08:00 mar.","","","","","Itinéraires","","","https://ssl.gstatic.com/local/servicebusiness/default_user.png","""Très bon","pressing",", très bon accueil !""","",""
"https://www.google.fr/maps/place/Transval+And+Co/data=!4m7!3m6!1s0x12c9bf7b497840cf:0x6ef1dbf2414d0c6b!8m2!3d43.308668!4d5.400088!16s%2Fg%2F1tfsvz7h!19sChIJz0B4SXu_yRIRawxNQfLb8W4?authuser=0&hl=fr&rclk=1","Transval And Co","3,7","(3)","Laverie automatique","·","·","Ouvert actuellement","","1 Rue Transvaal","06 17 69 05 60","","","Itinéraires","","","","","","","","·"
"https://www.google.fr/maps/place/Lavage+De+Tapis+Deniz/data=!4m7!3m6!1s0x12c9ea8f2557d1b5:0x53b8fb2c4e5e82fa!8m2!3d43.3698099!4d5.3582582!16s%2Fg%2F11fj1_8ncc!19sChIJtdFXJY_qyRIR-oJeTiz7uFM?authuser=0&hl=fr&rclk=1","Lavage De Tapis Deniz","4,6","(9)","Blanchisserie","·","17 Av. de Roquefavour","","","","06 78 04 34 56","","","Itinéraires","","","https://ssl.gstatic.com/local/servicebusiness/default_user.png","""Le nettoyage des tapis est impeccable, on voit tout de suite la différence.""","","","",""
"https://www.google.fr/maps/place/Clean+City/data=!4m7!3m6!1s0x12c9bfff147e0a3f:0xb9de21ec13093a94!8m2!3d43.3237151!4d5.4457799!16s%2Fg%2F11g4g896wd!19sChIJPwp-FP-_yRIRlDoJE-wh3rk?authuser=0&hl=fr&rclk=1","Clean City","3,7","(52)","Pressing","·","·","Ferme bientôt","· 18:30 · Ouvre à 08:30 sam.","255 Av. des Olives","04 91 70 29 75","","","Itinéraires","","","https://ssl.gstatic.com/local/servicebusiness/default_user.png","""Mais je tiens à recommander vivement ce","pressing",".""","","·"
"https://www.google.fr/maps/place/Laverie+Revolution+Laundry/data=!4m7!3m6!1s0x12c9c5338515fe4d:0x95abd591bd81bc11!8m2!3d43.275017!4d5.304357!16s%2Fg%2F11vzbkggtm!19sChIJTf4VhTPFyRIREbyBvZHVq5U?authuser=0&hl=fr&rclk=1","Laverie Revolution Laundry","","","Laverie automatique","·","PORT DE FRIOUL MARSEILLE 07 PORT DU FRIOUL LAVERIE","Ferme bientôt","· 19:00 · Ouvre à 08:30 sam.","·","09 70 82 32 47","https://stores.revolution-laundry.com/fr-fr","","Site Web","","Itinéraires","","","","","",""
"https://www.google.fr/maps/place/Lavasec/data=!4m7!3m6!1s0x12c9be1a2a14050d:0xfd69567ff84f0597!8m2!3d43.34606!4d5.4621306!16s%2Fg%2F1tdf3d_7!19sChIJDQUUKhq-yRIRlwVP-H9Waf0?authuser=0&hl=fr&rclk=1","Lavasec","4,4","(89)","Pressing","·","·","Ferme bientôt","· 19:00 · Ouvre à 07:30 sam.","38 Av. Frédéric Chevillon","","https://www.lavasec.fr/","","Site Web","","Itinéraires","https://ssl.gstatic.com/local/servicebusiness/default_user.png","""A recommander 👍
Aussi bien pour le","pressin","g que pour le relais colis !""","",""
"https://www.google.fr/maps/place/Carrosserie+13/data=!4m7!3m6!1s0x12c9c08c380fd633:0x2be2c3e844c2c26d!8m2!3d43.3125842!4d5.3769243!16s%2Fg%2F11bzzz4bth!19sChIJM9YPOIzAyRIRbcLCROjD4is?authuser=0&hl=fr&rclk=1","Carrosserie 13","4,8","(34)","Atelier de carrosserie automobile","·","·","Ferme bientôt","· 19:00 · Ouvre à 10:00 sam.","5 Av. Alphee Cartier","07 68 99 91 08","","","Itinéraires","","","https://ssl.gstatic.com/local/servicebusiness/default_user.png","""Travail sérieux et minutieux, respectueux des délais et des prix annoncés.""","","","","·"
"https://www.google.fr/maps/place/Sedrakian+Karapetian+Anouch/data=!4m7!3m6!1s0x12c9bf4d771d0fdb:0xd0838681a973ae3!8m2!3d43.2814435!4d5.4052654!16s%2Fg%2F1tk406kk!19sChIJ2w8dd02_yRIR4zqXGmg4CA0?authuser=0&hl=fr&rclk=1","Sedrakian Karapetian Anouch","3,8","(14)","Pressing","·","123 Av. de la Capelette","Fermé","· Ouvre à 09:00 sam.","·","04 91 79 87 47","","","Itinéraires","","","","","","","",""
"https://www.google.fr/maps/place/Auto+Nett+Work/data=!4m7!3m6!1s0x12c9ea7dc7c5def7:0x2df80a5dda8a8e14!8m2!3d43.3647558!4d5.3501863!16s%2Fg%2F11f403ctlb!19sChIJ997Fx33qyRIRFI6K2l0K-C0?authuser=0&hl=fr&rclk=1","Auto Nett Work","3,9","(43)","Station de lavage automobile","·","11 Avenue de St antoine","Fermé","· Ouvre à 09:00 sam.","·","04 91 60 52 97","https://www.auto-nett-work-marseille.fr/","","Site Web","","Itinéraires","https://ssl.gstatic.com/local/servicebusiness/default_user.png","""Que se soit les jantes ou l’intérieur , tout a été fait parfaitement .""","","","",""
"https://www.google.fr/maps/place/Laverie+Revolution+Laundry/data=!4m7!3m6!1s0x12c9bf87417a6b0b:0xb1aff6e49ba18160!8m2!3d43.316885!4d5.404348!16s%2Fg%2F11xs94rkm5!19sChIJC2t6QYe_yRIRYIGhm-T2r7E?authuser=0&hl=fr&rclk=1","Laverie Revolution Laundry","","","Laverie automatique","·","STATION SERVICE ENI, 59 Av. de Saint-Just","Ouvert 24h/24","","·","09 70 82 32 47","https://stores.revolution-laundry.com/fr-fr","","Site Web","","Itinéraires","","","","","",""
"https://www.google.fr/maps/place/Le+Nettoyeur+Proven%C3%A7al/data=!4m7!3m6!1s0x4798945145ecff21:0x355354775aa53a84!8m2!3d43.322172!4d5.4314557!16s%2Fg%2F11sv3qy_w3!19sChIJIf_sRVGUmEcRhDqlWndUUzU?authuser=0&hl=fr&rclk=1","Le Nettoyeur Provençal","5,0","(204)","Services de nettoyage","·","27 Av. Jean Compadieu","Ferme bientôt","· 19:00 · Ouvre à 08:00 sam.","·","06 27 87 26 79","https://www.lenettoyeurprovencal.fr/","","Site Web","","Itinéraires","https://ssl.gstatic.com/local/servicebusiness/default_user.png","""Mes vitres sont toutes propres, sans traces.""","","","",""
"https://www.google.fr/maps/place/Btmf+Fraissinet+Sa/data=!4m7!3m6!1s0x12c9c0bd071df177:0xc3255b424eb170cc!8m2!3d43.2941417!4d5.4106213!16s%2Fg%2F1tfh1jzw!19sChIJd_EdB73AyRIRzHCxTkJbJcM?authuser=0&hl=fr&rclk=1","Btmf Fraissinet Sa","3,9","(7)","Pressing","·","137 Chem. de Saint-Jean du Désert","Ouvert actuellement","","·","04 91 18 48 00","","","Itinéraires","","","","","","","",""
"https://www.google.fr/maps/place/Pressing+la+Marguerite+Charlotte/data=!4m7!3m6!1s0x12c9b8d1ba3d7151:0xdee79d21746ae557!8m2!3d43.2708464!4d5.4286701!16s%2Fg%2F1hc5h6hx7!19sChIJUXE9utG4yRIRV-VqdCGd594?authuser=0&hl=fr&rclk=1","Pressing la Marguerite Charlotte","4,5","(2)","Pressing","·","249 Rue Pierre Doize","","","","04 91 75 63 38","","","Itinéraires","","","","","","","",""
"https://www.google.fr/maps/place/Carrosserie+N%26N/data=!4m7!3m6!1s0x12c9c1848a39dd41:0x297d9f4c7dd44c60!8m2!3d43.3117164!4d5.3791099!16s%2Fg%2F11mb0vqchc!19sChIJQd05ioTByRIRYEzUfUyffSk?authuser=0&hl=fr&rclk=1","Carrosserie N&N","4,7","(51)","Atelier de carrosserie automobile","·","·","Fermé","· Ouvre à 09:00 lun.","24 Rue Loubon","06 10 79 84 60","https://www.instagram.com/carrosserie.nn/?igshid=1v0ypk5e0sfz5","","Site Web","","Itinéraires","https://ssl.gstatic.com/local/servicebusiness/default_user.png","""Prestation impeccable , très professionnel et méticuleux.""","","","","·"
"https://www.google.fr/maps/place/Centre+de+Lavage+Auto+S%C3%A9vign%C3%A9+Car+Wash/data=!4m7!3m6!1s0x12c9b8a24c21d8c9:0x51ccfcceed096ffe!8m2!3d43.2622401!4d5.400925!16s%2Fg%2F11bzz386k6!19sChIJydghTKK4yRIR_m8J7c78zFE?authuser=0&hl=fr&rclk=1","Centre de Lavage Auto Sévigné Car Wash","4,6","(262)","Station de lavage automobile","·","13 Rue Mignard","Ouvert","· Ferme à 22:00","·","06 10 66 28 57","http://sevignecarwash.fr/","","Site Web","","Itinéraires","https://ssl.gstatic.com/local/servicebusiness/default_user.png","""Le rouleau est efficace je recommande fortement.""","","","",""
"https://www.google.fr/maps/place/Preparation+%26+Pressing+Lavage+Auto/data=!4m7!3m6!1s0x12c9c77cf736e495:0x1d8b1ab13847b92d!8m2!3d43.2488316!4d5.3905882!16s%2Fg%2F11xrw21j4f!19sChIJleQ293zHyRIRLblHOLEaix0?authuser=0&hl=fr&rclk=1","Preparation & Pressing Lavage Auto","","","Station de lavage automobile","","","","","","","","","Itinéraires","","","","","","","",""
"https://www.google.fr/maps/place/Valmante+Auto+Pressing/data=!4m7!3m6!1s0x12c9b88cb3980d11:0x9b7102215fa621f!8m2!3d43.2458384!4d5.4147004!16s%2Fg%2F11hyl5lq23!19sChIJEQ2Ys4y4yRIRH2L6FSIQtwk?authuser=0&hl=fr&rclk=1","Valmante Auto Pressing","4,0","(19)","Garage automobile","·","·","Ferme bientôt","· 19:00 · Ouvre à 08:30 sam.","134 Trav. de la Gouffonne","06 09 60 94 43","","","Itinéraires","","","https://ssl.gstatic.com/local/servicebusiness/default_user.png","""La magie a opéré.""","","","","·"
"https://www.google.fr/maps/place/Lavage+Monza+Auto+%2F+Lavage+voiture+et+pressing+Marseille+%2F+Canap%C3%A9+et+textiles+%C3%A0+domicile/data=!4m7!3m6!1s0x12c9bc1410aeb47b:0x2fa468874431f936!8m2!3d43.2659632!4d5.4082565!16s%2Fg%2F11fzfdj8_q!19sChIJe7SuEBS8yRIRNvkxRIdopC8?authuser=0&hl=fr&rclk=1","Lavage Monza Auto / Lavage voiture et pressing Marseille / Canapé et textiles à domicile","4,7","(286)","Station de lavage automobile","·","158 Bd de Sainte-Marguerite","Ferme bientôt","· 18:30 · Ouvre à 09:00 sam.","·","06 19 42 59 79","https://lavage-monza.fr/","","Site Web","","Itinéraires","https://ssl.gstatic.com/local/servicebusiness/default_user.png","""Intérieur nettoyé sans aucune trace jusque dans les recoins.""","","","",""
"https://www.google.fr/maps/place/Garcia+Magnier+Genevieve+Annie/data=!4m7!3m6!1s0x12c9bf1ebc8e6831:0x48122d8b560ae2e4!8m2!3d43.3011822!4d5.4315258!16s%2Fg%2F11b6dcvbbz!19sChIJMWiOvB6_yRIR5OIKVostEkg?authuser=0&hl=fr&rclk=1","Garcia Magnier Genevieve Annie","2,5","(2)","Pressing","·","3 Av. des Borromées","","","","04 91 87 00 72","","","Itinéraires","","","","","","","",""
"https://www.google.fr/maps/place/DHL+Express+%28Pressing+La+repasseuse+-+Smile%29+-+Envoi+colis/data=!4m7!3m6!1s0x12c9b9b9dcf07067:0xd4b7b13eeda10cf5!8m2!3d43.2623743!4d5.4042067!16s%2Fg%2F11yt6y2044!19sChIJZ3Dw3Lm5yRIR9Qyh7T6xt9Q?authuser=0&hl=fr&rclk=1","DHL Express (Pressing La repasseuse - Smile) - Envoi colis","","","Coursier","·","20 Rue Aviateur le Brix","Ferme bientôt","· 18:30 · Ouvre à 09:00 sam.","·","04 91 71 41 68","https://shipnow.dhl.com/fr/fr/create-shipment","","Site Web","","Itinéraires","","","","","",""
"https://www.google.fr/maps/place/Pressing+Laverie+Moret+Jocelyne/data=!4m7!3m6!1s0x12c9dd701c923fab:0xfc93ac1112580ec2!8m2!3d43.3555398!4d5.1955016!16s%2Fg%2F11b6dpvp_7!19sChIJqz-SHHDdyRIRwg5YEhGsk_w?authuser=0&hl=fr&rclk=1","Pressing Laverie Moret Jocelyne","4,6","(19)","Pressing","·","37 Av. de la Côte Bleue","Ouvert","· Ferme à 20:00","·","04 42 43 62 03","","","Itinéraires","","","https://ssl.gstatic.com/local/servicebusiness/default_user.png","""","Pressing","tout comme la laverie 5 étoiles !!!""","",""
"https://www.google.fr/maps/place/Laverie+Revolution+Laundry/data=!4m7!3m6!1s0x12c9b90e9ef9e4a5:0x9897dfaca8de8490!8m2!3d43.26946!4d5.4066!16s%2Fg%2F11yht3k622!19sChIJpeT5ng65yRIRkITeqKzfl5g?authuser=0&hl=fr&rclk=1","Laverie Revolution Laundry","","","Laverie automatique","·","2 Traverse Sainte-Marguerite Sainte Marguerite Utilelaundry","Ferme bientôt","· 19:00 · Ouvre à 08:30 sam.","·","09 70 82 32 47","https://stores.revolution-laundry.com/fr-fr","","Site Web","","Itinéraires","","","","","",""
"https://www.google.fr/maps/place/Laverie+Speed+Queen/data=!4m7!3m6!1s0x12c9bed97d306a51:0x63760854d5f0417!8m2!3d43.2901614!4d5.4411001!16s%2Fg%2F11dfj6wd3b!19sChIJUWowfdm-yRIRFwRfTYVgNwY?authuser=0&hl=fr&rclk=1","Laverie Speed Queen","4,3","(78)","Laverie automatique","·","55 Av. Emmanuel Allard","Ouvert","· Ferme à 21:00","·","06 21 11 51 92","https://speedqueeninvestor.com/our-laundry-stores/locations/france/marseille/laverie-libre-service-speed-queen/138320","","Site Web","","Itinéraires","https://ssl.gstatic.com/local/servicebusiness/default_user.png","""J'avais juste une couette deux places à laver!""","","","",""
"https://www.google.fr/maps/place/SARL+LE+PRESSING+DES+PENNES/data=!4m7!3m6!1s0x12c9e965db31ecbd:0x25e026600781de6e!8m2!3d43.4134495!4d5.3015579!16s%2Fg%2F11mw5yn1_0!19sChIJvewx22XpyRIRbt6BB2Am4CU?authuser=0&hl=fr&rclk=1","SARL LE PRESSING DES PENNES","4,7","(41)","Pressing","·","Chem. de la Pourranque","Ferme bientôt","· 18:30 · Ouvre à 09:00 sam.","·","04 42 02 52 71","","","Itinéraires","","","https://ssl.gstatic.com/local/servicebusiness/default_user.png","""super","pressing",", très sérieux, je ne suis jamais déçu !""","",""
"https://www.google.fr/maps/place/Pressing+de+Saint+Victoret/data=!4m7!3m6!1s0x12c9e899684cbddd:0x1755dbe30af0384d!8m2!3d43.4183366!4d5.2341815!16s%2Fg%2F1tdqwm87!19sChIJ3b1MaJnoyRIRTTjwCuPbVRc?authuser=0&hl=fr&rclk=1","Pressing de Saint Victoret","4,3","(32)","Pressing","·","·","Ferme bientôt","· 19:00 · Ouvre à 09:00 sam.","ZAC de la Lauve, 11 Av. Jacques Prévert","04 42 75 37 18","","","Itinéraires","","","https://ssl.gstatic.com/local/servicebusiness/default_user.png","""Rapide, efficace, prix ok""","","","","·"
"https://www.google.fr/maps/place/KUNZ+Pressing+VITROLLES/data=!4m7!3m6!1s0x12c9ef12e593bf27:0xfbd55501c8a6d4ab!8m2!3d43.4327878!4d5.2590322!16s%2Fg%2F1trypk5s!19sChIJJ7-T5RLvyRIRq9SmyAFV1fs?authuser=0&hl=fr&rclk=1","KUNZ Pressing VITROLLES","4,2","(126)","Pressing","·","·","Ouvert","· Ferme à 20:00","Centre Commercial Carrefour, Route Nationale 113","04 42 89 20 66","https://pressing.kunz.fr/vitrolles/","","Site Web","","Itinéraires","https://ssl.gstatic.com/local/servicebusiness/default_user.png","""Bon","pressing",", travail soigné, prix globalement acceptables.""","","·"
"https://www.google.fr/maps/place/Pressing+5%C3%A0sec+Chateauneuf/data=!4m7!3m6!1s0x12c9e0ceb8f64cf9:0x540cbebdf6448d3a!8m2!3d43.3937483!4d5.1701176!16s%2Fg%2F1q62hz4b7!19sChIJ-Uz2uM7gyRIROo1E9r2-DFQ?authuser=0&hl=fr&rclk=1","Pressing 5àsec Chateauneuf","4,7","(269)","Pressing","·","·","Ferme bientôt","· 19:00 · Ouvre à 09:00 sam.","Centre Commercial Carrefour, route de Lislet","04 42 07 13 30","https://www.5asec.fr/fr/pressing/chateauneuf-carrefour/","","Site Web","","Itinéraires","https://ssl.gstatic.com/local/servicebusiness/default_user.png","""Je recommande fortement ce","pressing","""","","·"
"https://www.google.fr/maps/place/Pressing+Blue+Lavande/data=!4m7!3m6!1s0x12c9bc3f570165cf:0x3f5cf8c50e6136b5!8m2!3d43.2983868!4d5.4985742!16s%2Fg%2F11lsvd4dq8!19sChIJz2UBVz-8yRIRtTZhDsX4XD8?authuser=0&hl=fr&rclk=1","Pressing Blue Lavande","4,5","(4)","Pressing","·","111 Rte des Camoins","Ferme bientôt","· 19:00 · Ouvre à 08:00 sam.","","","","","Itinéraires","","","https://ssl.gstatic.com/local/servicebusiness/default_user.png","""Très bien, j’ai donné une veste très cher à nettoyer et Niquel.""","","","",""
"https://www.google.fr/maps/place/pressing+du+Rouet+109C/data=!4m7!3m6!1s0x457ed976aa7dbfc7:0xdc0ce03f2c174e66!8m2!3d30.6959409!4d-49.8171262!16s%2Fg%2F11yr_9yzlf!19sChIJx799qnbZfkURZk4XLD_gDNw?authuser=0&hl=fr&rclk=1","pressing du Rouet 109C","","","Fournisseur d'équipements de nettoyage et d'entretien","","·","Ferme bientôt","· 19:00 · Ouvre à 00:00 lun.","","06 61 74 11 07","","","Itinéraires","","","","","","","",""
"https://www.google.fr/maps/place/Pressing+So+Clean/data=!4m7!3m6!1s0x12c9a335c5fef4e1:0x88e903e72f23fb0f!8m2!3d43.2924522!4d5.5659325!16s%2Fg%2F1thjqp5n!19sChIJ4fT-xTWjyRIRD_sjL-cD6Yg?authuser=0&hl=fr&rclk=1","Pressing So Clean","4,6","(90)","Pressing","·","15 Av. Loulou Delfieu","Ferme bientôt","· 18:30 · Ouvre à 09:00 sam.","·","04 42 18 21 15","https://www.facebook.com/soclean.pressingaubagne","","Site Web","","Itinéraires","https://ssl.gstatic.com/local/servicebusiness/default_user.png","""Excellent","pressing",", très bon rapport qualité prix et équipe très sympa!""","",""
"https://www.google.fr/maps/place/Ducci+Sandrine/data=!4m7!3m6!1s0x12c9bc4736090a3b:0x8e722e6ec0a56180!8m2!3d43.2983163!4d5.4983441!16s%2Fg%2F11b76tscph!19sChIJOwoJNke8yRIRgGGlwG4uco4?authuser=0&hl=fr&rclk=1","Ducci Sandrine","3,9","(13)","Pressing","·","111 Rte des Camoins","Ferme bientôt","· 19:00 · Ouvre à 08:00 sam.","·","04 91 27 11 89","","","Itinéraires","","","https://ssl.gstatic.com/local/servicebusiness/default_user.png","""Parfait merci""","","","",""
"https://www.google.fr/maps/place/Pressing+Des+Borrom%C3%A9es/data=!4m7!3m6!1s0x12c9bf1eb963a82d:0xd19252ce388aef11!8m2!3d43.3012673!4d5.4314848!16s%2Fg%2F11ddwv7cbz!19sChIJLahjuR6_yRIREe-KOM5SktE?authuser=0&hl=fr&rclk=1","Pressing Des Borromées","4,0","(38)","Pressing","·","3 Av. de la Fourragère","","","·","07 70 49 08 80","","","Itinéraires","","","https://ssl.gstatic.com/local/servicebusiness/default_user.png","""... sont toujours impeccables après leur passage au","pressing","!""","",""
"https://www.google.fr/maps/place/Pressing+Laverie+Bulles/data=!4m7!3m6!1s0x12c9dd000920e9f9:0x6674453528e39b47!8m2!3d43.3555398!4d5.1955016!16s%2Fg%2F11x2xs493s!19sChIJ-ekgCQDdyRIRR5vjKDVFdGY?authuser=0&hl=fr&rclk=1","Pressing Laverie Bulles","","","37 Av. de la Côte Bleue","","·","Ferme bientôt","· 19:00 · Ouvre à 08:00 sam.","","04 42 43 62 03","","","Itinéraires","","","","","","","",""
"https://www.google.fr/maps/place/M%C3%A9nage+et+repassage+%C3%A0+domicile+-+Shiva+Marseille+7%C3%A8me+Lambert/data=!4m7!3m6!1s0x12c9c79eee4bb561:0xe9d5ea369b169111!8m2!3d43.281271!4d5.351336!16s%2Fg%2F11vjl338kt!19sChIJYbVL7p7HyRIREZEWmzbq1ek?authuser=0&hl=fr&rclk=1","Ménage et repassage à domicile - Shiva Marseille 7ème Lambert","4,9","(33)","Service de ménage","·","154 Corniche Président John Fitzgerald Kennedy","Fermé","· Ouvre à 09:00 lun.","·","04 91 88 81 13","https://www.google.fr/aclk?sa=L&ai=DChsSEwjHj4H7sMWSAxVIMAYAHSrzNv0YACICCAEQARoCd3M&co=1&ase=2&gclid=CjwKCAiAv5bMBhAIEiwAqP9GuFszzDlGu4kZ4JaZ81CDPCuAMvGcygWJmtXGNV64kvnd9HesEnGi-hoC570QAvD_BwE&cce=2&category=acrcp_v1_32&sig=AOD64_3WsY0TjN6PFDp-anmMkqC7e3ChUA&adurl&q&ctype=99&nis=6","","Site Web","","Itinéraires","","","","","",""
"https://www.google.fr/maps/place/Pressing+5%C3%A0sec+Aubagne/data=!4m7!3m6!1s0x12c9a310c4def2d7:0xcd87f6a2a07a27a4!8m2!3d43.2943791!4d5.5910205!16s%2Fg%2F1ptxrl0ym!19sChIJ1_LexBCjyRIRpCd6oKL2h80?authuser=0&hl=fr&rclk=1","Pressing 5àsec Aubagne","4,2","(539)","Pressing","·","·","Ouvert","· Ferme à 19:30","Centre commercial Auchan, Rte de Gémenos","04 42 70 16 04","https://www.5asec.fr/fr/pressing/aubagne-cc-barneoud/","","Site Web","","Itinéraires","https://ssl.gstatic.com/local/servicebusiness/default_user.png","""Excellent","pressing","avec un travail irréprochable .Je conseille vivement""","","·"
"https://www.google.fr/maps/place/LAVAP%E2%80%99AUTO+-+%C3%80+VOTRE+DOMICILE/data=!4m7!3m6!1s0x12c9bf85b25583df:0xbd228689469d1c1!8m2!3d43.3131429!4d5.4283414!16s%2Fg%2F11srtyvmpc!19sChIJ34NVsoW_yRIRwdFplGgo0gs?authuser=0&hl=fr&rclk=1","LAVAP’AUTO - À VOTRE DOMICILE","4,8","(25)","Station de lavage automobile","·","36 Rue de l'Aiguillette","Ouvert","· Ferme à 20:00","·","06 17 33 29 85","https://www.facebook.com/profile.php?id=100090800151079","","Site Web","","Itinéraires","https://ssl.gstatic.com/local/servicebusiness/default_user.png","""J'ai retrouvé ma voiture comme si elle était neuve.""","","","",""
"https://www.google.fr/maps/place/Aqualogia+Marignane/data=!4m7!3m6!1s0x12c9e703f391dbc7:0x6b998a51b8ad19a7!8m2!3d43.4111933!4d5.2081744!16s%2Fg%2F11s1w1w_s1!19sChIJx9uR8wPnyRIRpxmtuFGKmWs?authuser=0&hl=fr&rclk=1","Aqualogia Marignane","4,2","(15)","Pressing","·","·","Ouvert","· Ferme à 19:45","Rue du Maréchal Leclerc","04 42 31 60 63","","","Itinéraires","","","https://ssl.gstatic.com/local/servicebusiness/default_user.png","""A l’écoute, souriante et surtout du bon travail""","","","","·"
"https://www.google.fr/maps/place/Carry+Pressing/data=!4m7!3m6!1s0x12c9ddd25c692c77:0xe89caca2f0c86443!8m2!3d43.3322207!4d5.1520346!16s%2Fg%2F11f62h1ngh!19sChIJdyxpXNLdyRIRQ2TI8KKsnOg?authuser=0&hl=fr&rclk=1","Carry Pressing","4,4","(7)","Pressing","·","28 Av. Aristide Briand","Ferme bientôt","· 19:00 · Ouvre à 09:00 sam.","·","04 42 44 83 77","","","Itinéraires","","","https://ssl.gstatic.com/local/servicebusiness/default_user.png","""","Pressing","sérieux, ne pas hésiter à y aller""","",""
"https://www.google.fr/maps/place/PRESSING+MARIGNANE/data=!4m7!3m6!1s0x12c9e63c9b12689d:0x8bc722befcdbc39f!8m2!3d43.418462!4d5.214364!16s%2Fg%2F119tpy3rh!19sChIJnWgSmzzmyRIRn8Pb_L4ix4s?authuser=0&hl=fr&rclk=1","PRESSING MARIGNANE","4,3","(26)","Service de nettoyage","·","·","Fermé","· Ouvre à 08:00 mar.","4 Bd de la Libération","04 42 77 82 63","","","Itinéraires","","","https://ssl.gstatic.com/local/servicebusiness/default_user.png","""... recommande pour tout types de demande concernant un","pressing",".""","","·"
"https://www.google.fr/maps/place/Pressing+Le+Moulin/data=!4m7!3m6!1s0x12c993a76d1a52b3:0xf5a1043836f32c9!8m2!3d43.4334203!4d5.430378!16s%2Fg%2F11t29mdj86!19sChIJs1IabaeTyRIRyTJvg0MQWg8?authuser=0&hl=fr&rclk=1","Pressing Le Moulin","4,0","(11)","Blanchisserie","·","·","Ferme bientôt","· 19:00 · Ouvre à 08:15 sam.","447 Av. du Général de Gaulle","04 42 22 81 58","","","Itinéraires","","","https://ssl.gstatic.com/local/servicebusiness/default_user.png","""Des professionnels avec un bon rapport qualité prix.""","","","","·"
"https://www.google.fr/maps/place/Calas+pressing/data=!4m7!3m6!1s0x12c9ed1c008dd9b5:0xd0375298130a4ed5!8m2!3d43.4656499!4d5.3525781!16s%2Fg%2F11h3k_5lpq!19sChIJtdmNABztyRIR1U4KE5hSN9A?authuser=0&hl=fr&rclk=1","Calas pressing","4,4","(25)","Pressing","·","·","Ferme bientôt","· 19:00 · Ouvre à 08:30 sam.","6 centre commercial du Domaine de","04 42 69 18 96","","","Itinéraires","","","https://ssl.gstatic.com/local/servicebusiness/default_user.png","""","Pressing","très professionnel accueil chaleureux je recommande fortement 🙂🙂""","","·"
"https://www.google.fr/maps/place/KUNZ+Pressing+AIX+LA+PIOLINE/data=!4m7!3m6!1s0x12c992a90f63220f:0x49033baff3d87dc2!8m2!3d43.5071424!4d5.4007887!16s%2Fg%2F1vnrh6sg!19sChIJDyJjD6mSyRIRwn3Y8687A0k?authuser=0&hl=fr&rclk=1","KUNZ Pressing AIX LA PIOLINE","4,6","(75)","Pressing","·","·","Ouvert","· Ferme à 19:30","540 Rue Guillaume Du Vair Pole","04 42 38 48 05","http://www.kunz.fr/","","Site Web","","Itinéraires","https://ssl.gstatic.com/local/servicebusiness/default_user.png","""Très satisfaite du","pressing","et du service de retouche.""","","·"
"https://www.google.fr/maps/place/Look+Pressing/data=!4m7!3m6!1s0x12c993cc593ead69:0x9c9e3d3bedcb08b4!8m2!3d43.4661555!4d5.4637759!16s%2Fg%2F11f0l3ps13!19sChIJaa0-WcyTyRIRtAjL7Ts9npw?authuser=0&hl=fr&rclk=1","Look Pressing","3,9","(21)","Pressing","·","·","Ferme bientôt","· 19:00 · Ouvre à 09:00 sam.","Carrefour Market, Rue du Pt Chem. d'Aix C.C","04 42 51 39 09","","","Itinéraires","","","https://ssl.gstatic.com/local/servicebusiness/default_user.png","""Très bon","pressing","et personnel sympathique""","","·"
"https://www.google.fr/maps/place/5%C3%A0sec/data=!4m7!3m6!1s0x12c9e0cf3e1ba5cf:0xf746536e33a4da73!8m2!3d43.3939739!4d5.1343504!16s%2Fg%2F11c558_fg4!19sChIJz6UbPs_gyRIRc9qkM25TRvc?authuser=0&hl=fr&rclk=1","5àsec","2,6","(29)","Service de blanchisserie","·","·","Ferme bientôt","· 19:00 · Ouvre à 09:00 sam.","D568","04 42 07 13 30","https://www.5asec.fr/trouvez-votre-pressing-5asec/provence-alpes-c%C3%B4te-dazur/chateauneuf-les-martigues/pressing","","Site Web","","Itinéraires","","","","","","·"
"https://www.google.fr/maps/place/R%27pur/data=!4m7!3m6!1s0x12c9ef7fb91e7a95:0x366c6e1eb92bf4cc!8m2!3d43.4783169!4d5.2280754!16s%2Fg%2F11c1vyklcn!19sChIJlXoeuX_vyRIRzPQruR5ubDY?authuser=0&hl=fr&rclk=1","R'pur","4,5","(30)","Pressing","·","55 route des cadestaux, Route Nationale 113","Ferme bientôt","· 19:00 · Ouvre à 09:00 sam.","·","04 42 09 46 14","","","Itinéraires","","","https://ssl.gstatic.com/local/servicebusiness/default_user.png","""Premier","pressing","dans lequel je me rends et une super expérience !""","",""
"https://www.google.fr/maps/place/Pressing+le+Savoir+Fer+de+Marie/data=!4m7!3m6!1s0x12c9934b0554bd7f:0xdd9d8859c20a1630!8m2!3d45.4130626!4d3.010677!16s%2Fg%2F11vzfr7ktj!19sChIJf71UBUuTyRIRMBYKwlmInd0?authuser=0&hl=fr&rclk=1","Pressing le Savoir Fer de Marie","4,8","(17)","Pressing","","·","Ouvert","· Ferme à 19:30","","06 03 49 02 80","","","Itinéraires","","","https://ssl.gstatic.com/local/servicebusiness/default_user.png","""Mes couettes sont revenues nickel !""","","","",""
"https://www.google.fr/maps/place/Pressing+Vert+Provencal/data=!4m7!3m6!1s0x12b61e6d29ae55c3:0xc21bba4b393a02ac!8m2!3d43.4398569!4d5.0396442!16s%2Fg%2F1tggkv91!19sChIJw1WuKW0ethIRrAI6OUu6G8I?authuser=0&hl=fr&rclk=1","Pressing Vert Provencal","4,2","(74)","Pressing","·","·","Ferme bientôt","· 19:00 · Ouvre à 09:30 sam.","18 Rue des Saladelles","04 42 40 49 21","","","Itinéraires","","","https://ssl.gstatic.com/local/servicebusiness/default_user.png","""Services de qualité :","pressing","et couture""","","·"
"https://www.google.fr/maps/place/Pressing+Le+Clair/data=!4m7!3m6!1s0x12c9af8441ac8741:0xbeb204a4961a6c39!8m2!3d43.1878887!4d5.6015052!16s%2Fg%2F1tkhf66m!19sChIJQYesQYSvyRIROWwalqQEsr4?authuser=0&hl=fr&rclk=1","Pressing Le Clair","3,9","(61)","Pressing","·","·","Ferme bientôt","· 19:00 · Ouvre à 08:00 sam.","Centre Commercial CARREFOUR en bas escalator, 1160 Chem. du Puits de Brunet","04 42 71 68 26","","","Itinéraires","","","https://ssl.gstatic.com/local/servicebusiness/default_user.png","""Très bon service de","pressing",", rapide et efficace.""","","·"
"https://www.google.fr/maps/place/Au+Pressing+du+Val+St+Andr%C3%A9/data=!4m7!3m6!1s0x12c98de53049a823:0xf9715a496e1b5ec8!8m2!3d43.5160864!4d5.471872!16s%2Fg%2F1tjbbcn6!19sChIJI6hJMOWNyRIRyF4bbklacfk?authuser=0&hl=fr&rclk=1","Au Pressing du Val St André","4,3","(91)","Pressing","·","·","Ferme bientôt","· 19:00 · Ouvre à 08:30 sam.","7 Av. André Magnan","04 42 27 76 38","","","Itinéraires","","","https://ssl.gstatic.com/local/servicebusiness/default_user.png","""Super","pressing","qui propose un travail soigné et rapide avec le sourire !""","","·"
"https://www.google.fr/maps/place/Cleaner%27s+Pressing/data=!4m7!3m6!1s0x12c9ed3ac4a54cc3:0x9dd3ca7dd6ee8273!8m2!3d43.4833963!4d5.3815688!16s%2Fg%2F1tj2f291!19sChIJw0ylxDrtyRIRc4Lu1n3K050?authuser=0&hl=fr&rclk=1","Cleaner's Pressing","4,1","(36)","Pressing","·","·","Fermé","· Ouvre à 07:30 lun.","50 Rue Henri Bessemer","06 46 49 82 85","https://www.facebook.com/cleanerspressing.esnault","","Site Web","","Itinéraires","https://ssl.gstatic.com/local/servicebusiness/default_user.png","""Du coup je suis devenu client du","pressing","et la qualité est impeccable.""","","·"
"https://www.google.fr/maps/place/H%C3%A9l%C3%A8ne+Repassage+Pressing/data=!4m7!3m6!1s0x12c9f367b761474b:0xec9f0ee9c7cf5b08!8m2!3d43.5705542!4d5.3541393!16s%2Fg%2F11fhk5444p!19sChIJS0dht2fzyRIRCFvPx-kOn-w?authuser=0&hl=fr&rclk=1","Hélène Repassage Pressing","5,0","(13)","Pressing","·","Grand Place","Ferme bientôt","· 19:00 · Ouvre à 09:00 sam.","·","04 13 10 52 46","","","Itinéraires","","","https://ssl.gstatic.com/local/servicebusiness/default_user.png","""Très aimable et très efficace pour le lavage et repassage de mes chemises.""","","","",""
"https://www.google.fr/maps/place/MIMOSA+PRESSING/data=!4m7!3m6!1s0x12b61f95cd782a5b:0x1d9c584094939630!8m2!3d43.4067385!4d4.9852602!16s%2Fg%2F11wwwwjkty!19sChIJWyp4zZUfthIRMJaTlEBYnB0?authuser=0&hl=fr&rclk=1","MIMOSA PRESSING","5,0","(30)","Pressing","·","10 Rue Gambetta","Ferme bientôt","· 18:30 · Ouvre à 09:00 sam.","·","06 28 72 94 93","https://www.mimosa-pressing.fr/","","Site Web","","Itinéraires","https://ssl.gstatic.com/local/servicebusiness/default_user.png","""Merci aux propriétaires de ce","pressing","elles sont tout simplement supers !""","",""
"https://www.google.fr/maps/place/Pressing+Bio/data=!4m7!3m6!1s0x12c98d97e0043c97:0xdb7868b57bcc414d!8m2!3d43.5270256!4d5.4476209!16s%2Fg%2F1ty2b2rb!19sChIJlzwE4JeNyRIRTUHMe7VoeNs?authuser=0&hl=fr&rclk=1","Pressing Bio","4,1","(44)","Pressing","·","17 Rue Courteissade","Ferme bientôt","· 19:00 · Ouvre à 09:00 sam.","·","04 42 54 51 23","","","Itinéraires","","","https://ssl.gstatic.com/local/servicebusiness/default_user.png","""Super","pressing",", très commerçant.""","",""
"https://www.google.fr/maps/place/Touraine-Provence+Pressing/data=!4m7!3m6!1s0x12c9fafaec583d1f:0xdb8eaeb6d2887289!8m2!3d43.5503147!4d5.1936565!16s%2Fg%2F1tdbyvgp!19sChIJHz1Y7Pr6yRIRiXKI0raujts?authuser=0&hl=fr&rclk=1","Touraine-Provence Pressing","4,2","(51)","Pressing","·","·","Ferme bientôt","· 19:00 · Ouvre à 09:15 sam.","2 Bis Imp. du Moulin","04 90 42 63 35","","","Itinéraires","","","https://ssl.gstatic.com/local/servicebusiness/default_user.png","""Je recommande ce","pressing","pour ses prestations et son accueil.""","","·"
"https://www.google.fr/maps/place/MAISON+LAVERIE+PLOMBI%C3%88RES+13003/data=!4m7!3m6!1s0x12c9c086b04e5c15:0x1739570069e56d0e!8m2!3d43.314387!4d5.38825!16s%2Fg%2F1vnnfky2!19sChIJFVxOsIbAyRIRDm3laQBXORc?authuser=0&hl=fr&rclk=1","MAISON LAVERIE PLOMBIÈRES 13003","4,1","(13)","Laverie automatique","·","20 Rue du Docteur Léon Perrin","Ouvert","· Ferme à 23:30","","","https://www.google.fr/aclk?sa=L&ai=DChsSEwjHj4H7sMWSAxVIMAYAHSrzNv0YACICCAEQBhoCd3M&co=1&ase=2&gclid=CjwKCAiAv5bMBhAIEiwAqP9GuMHDSegN6XBSnqK1rwEBKi7GvwwmqWFhGttrzltyZPZRlFrApYwlfRoCNM0QAvD_BwE&cce=2&category=acrcp_v1_32&sig=AOD64_1RsHVFJJVtbN6IxCzlO5c2v9cXmQ&adurl&q&ctype=99&nis=6","","Site Web","","Itinéraires","","","","","",""
"https://www.google.fr/maps/place/M%C3%A9nage+et+repassage+%C3%A0+domicile+-+Shiva+Marseille+7%C3%A8me+Lambert/data=!4m7!3m6!1s0x12c9c79eee4bb561:0xe9d5ea369b169111!8m2!3d43.281271!4d5.351336!16s%2Fg%2F11vjl338kt!19sChIJYbVL7p7HyRIREZEWmzbq1ek?authuser=0&hl=fr&rclk=1","Ménage et repassage à domicile - Shiva Marseille 7ème Lambert","4,9","(33)","Service de ménage","·","154 Corniche Président John Fitzgerald Kennedy","Fermé","· Ouvre à 09:00 lun.","·","04 91 88 81 13","https://www.google.fr/aclk?sa=L&ai=DChsSEwi53JuascWSAxWnqf0FHXmJMgIYACICCAEQABoCd2Y&co=1&ase=2&gclid=CjwKCAiAv5bMBhAIEiwAqP9GuBSTrEaY37B3AKr_Plmi0XFNIeaursqivBosyARsbcTOb7FZUNS26RoCUUcQAvD_BwE&cce=2&category=acrcp_v1_32&sig=AOD64_0NDQfOldgcdkMjFzN2MLXpUW4DCg&adurl&q&ctype=99&nis=6","","Site Web","","Itinéraires","","","","","",""
"https://www.google.fr/maps/place/AQUA+CLEAN+VENELLES/data=!4m7!3m6!1s0x12c9895e9bcdd7d9:0x899a9ba85e107024!8m2!3d43.5984367!4d5.4832508!16s%2Fg%2F11gdknllsw!19sChIJ2dfNm16JyRIRJHAQXqibmok?authuser=0&hl=fr&rclk=1","AQUA CLEAN VENELLES","4,5","(52)","Pressing","·","·","Ferme bientôt","· 19:00 · Ouvre à 09:00 sam.","15 Rue des Écoles","04 42 54 03 33","","","Itinéraires","","","https://ssl.gstatic.com/local/servicebusiness/default_user.png","""Nous recommandons donc sans réserve ce","pressing","!""","","·"
"https://www.google.fr/maps/place/Authentic+Pressing/data=!4m7!3m6!1s0x12c9f19c397cfc11:0x75f28f6eb3f4a84d!8m2!3d43.5487928!4d5.2942954!16s%2Fg%2F11krtxy0pq!19sChIJEfx8OZzxyRIRTaj0s26P8nU?authuser=0&hl=fr&rclk=1","Authentic Pressing","4,0","(28)","Pressing","·","·","Ferme bientôt","· 19:00 · Ouvre à 09:00 sam.","L’héritière, 172 avenue du Mas des Platanes","06 67 22 17 33","https://www.authentic-pressing.com/","","Site Web","","Itinéraires","https://ssl.gstatic.com/local/servicebusiness/default_user.png","""Un ami m’a recommandé l’Authentic","Pressing","et j’en suis plus que ravi.""","","·"
"https://www.google.fr/maps/place/Naturalis+Pressing+-+Presse+du+Cengle/data=!4m7!3m6!1s0x12c99bf617a91e0b:0x3b631cf16dff9f76!8m2!3d43.4891003!4d5.5675212!16s%2Fg%2F11f5hv9zsb!19sChIJCx6pF_abyRIRdp__bfEcYzs?authuser=0&hl=fr&rclk=1","Naturalis Pressing - Presse du Cengle","4,4","(21)","Pressing","·","·","Ferme bientôt","· 19:00 · Ouvre à 08:00 sam.","3 Pl. Auguste Baret","04 42 94 64 15","","","Itinéraires","","","https://ssl.gstatic.com/local/servicebusiness/default_user.png","""Le propriétaire est très aimable, très organisé.""","","","","·"
"https://www.google.fr/maps/place/DUHAL+INVEST+CLEAN+PLUS/data=!4m7!3m6!1s0x12c98da55bfd66ad:0x59653ba79bbdc0c!8m2!3d43.5228011!4d5.456457!16s%2Fg%2F11h7z6x7kj!19sChIJrWb9W6WNyRIRDNy7ebpTlgU?authuser=0&hl=fr&rclk=1","DUHAL INVEST CLEAN PLUS","4,0","(33)","Pressing","·","·","Ferme bientôt","· 19:00 · Ouvre à 08:00 sam.","37 Cr Gambetta","04 42 21 44 23","","","Itinéraires","","","https://ssl.gstatic.com/local/servicebusiness/default_user.png","""Un","pressing","composé d'une équipe performante et attentionnée.""","","·"
"https://www.google.fr/maps/place/Belnet/data=!4m7!3m6!1s0x12c98da2abcfd417:0xa9e43e8713ec13d7!8m2!3d43.5273653!4d5.4461991!16s%2Fg%2F1tmx5w8v!19sChIJF9TPq6KNyRIR1xPsE4c-5Kk?authuser=0&hl=fr&rclk=1","Belnet","4,5","(73)","Pressing","·","6 Rue de la Couronne","Ferme bientôt","· 19:00 · Ouvre à 08:00 sam.","·","04 42 26 13 88","https://pressia.fr/","","Site Web","","Itinéraires","https://ssl.gstatic.com/local/servicebusiness/default_user.png","""Franchement, un","pressing","comme on en voit rarement!!""","",""
"https://www.google.fr/maps/place/L%27%C3%A9co+Pressing/data=!4m7!3m6!1s0x12c9af7667f5f12d:0x5cd602cbad3dd973!8m2!3d43.1790796!4d5.605761!16s%2Fg%2F11cs2x459s!19sChIJLfH1Z3avyRIRc9k9rcsC1lw?authuser=0&hl=fr&rclk=1","L'éco Pressing","4,1","(13)","Pressing","·","·","Ferme bientôt","· 19:00 · Ouvre à 07:00 lun.","1 Av. du Président J F Kennedy","06 19 79 60 25","","","Itinéraires","","","https://ssl.gstatic.com/local/servicebusiness/default_user.png","""J'ai amené un polo lacoste à laver suite à une tache.""","","","","·"
"https://www.google.fr/maps/place/pressing+L%27Ensoleillade/data=!4m7!3m6!1s0x12c98d7c91189501:0x7b3823c4689b66ea!8m2!3d43.5130686!4d5.4269412!16s%2Fg%2F11dxh_qx7n!19sChIJAZUYkXyNyRIR6mabaMQjOHs?authuser=0&hl=fr&rclk=1","pressing L'Ensoleillade","3,7","(92)","Pressing","·","·","Ferme bientôt","· 19:00 · Ouvre à 08:00 sam.","724 Av. du Club Hippique","04 42 92 90 33","","","Itinéraires","","","https://ssl.gstatic.com/local/servicebusiness/default_user.png","""Un travail rapide et soigné sur une pièce très ancienne et fragile.""","","","","·"
"https://www.google.fr/maps/place/Blanchisserie+Pressing/data=!4m7!3m6!1s0x12c9f3752456fb43:0x2a48f812051dbfbe!8m2!3d43.5707516!4d5.3541972!16s%2Fg%2F11qn9wpk1y!19sChIJQ_tWJHXzyRIRvr8dBRL4SCo?authuser=0&hl=fr&rclk=1","Blanchisserie Pressing","5,0","(1)","Pressing","","","","","","06 03 35 30 73","","","Itinéraires","","","https://ssl.gstatic.com/local/servicebusiness/default_user.png","""Rapide personel agréable""","","","",""
"https://www.google.fr/maps/place/DUHAL+INVEST+Clean+Plus/data=!4m7!3m6!1s0x12c98d94b1724f75:0x8e521c44aba53097!8m2!3d43.524414!4d5.4399731!16s%2Fg%2F1tj5hbmz!19sChIJdU9ysZSNyRIRlzClq0QcUo4?authuser=0&hl=fr&rclk=1","DUHAL INVEST Clean Plus","3,1","(49)","Pressing","·","·","Fermé","· Ouvre à 08:00 sam.","5 Bd Victor Coq","07 49 55 07 01","","","Itinéraires","","","https://ssl.gstatic.com/local/servicebusiness/default_user.png","""Je recommande fortement ce","pressing",".""","","·"
"https://www.google.fr/maps/place/Pressing+du+Pujol/data=!4m7!3m6!1s0x12c99f46b144977b:0x7e7f28f627a2c487!8m2!3d43.369016!4d5.649497!16s%2Fg%2F11f5n3n4fn!19sChIJe5dEsUafyRIRh8SiJ_Yof34?authuser=0&hl=fr&rclk=1","Pressing du Pujol","4,7","(19)","Pressing","·","·","Ferme bientôt","· 19:00 · Ouvre à 08:30 sam.","Centre Commercial","04 42 70 86 45","http://www.pressingcabello.fr/","","Site Web","","Itinéraires","https://ssl.gstatic.com/local/servicebusiness/default_user.png","""Mme Simon gite les cyprès""","","","","·"
"https://www.google.fr/maps/place/Naturalis+Pressing/data=!4m7!3m6!1s0x12c98d9153241075:0x130af36f1c16f2c3!8m2!3d43.5222735!4d5.4512109!16s%2Fg%2F11btyrd1db!19sChIJdRAkU5GNyRIRw_IWHG_zChM?authuser=0&hl=fr&rclk=1","Naturalis Pressing","3,7","(57)","Pressing","·","·","Ferme bientôt","· 18:30 · Ouvre à 09:00 sam.","8 Av. Saint-Jérôme","09 81 87 89 67","http://naturalis-pressing.fr/","","Site Web","","Itinéraires","https://ssl.gstatic.com/local/servicebusiness/default_user.png","""J'ai eu une excellente expérience avec Naturalis","Pressing",";""","","·"
"https://www.google.fr/maps/place/Innova+Clean+Pressing+%2F+Blanchisserie/data=!4m7!3m6!1s0x12c9edf93494d59b:0xdef8b19c5fa06875!8m2!3d43.4871817!4d5.3794518!16s%2Fg%2F11xdml6_55!19sChIJm9WUNPntyRIRdWigX5yx-N4?authuser=0&hl=fr&rclk=1","Innova Clean Pressing / Blanchisserie","5,0","(1)","Pressing","·","45 Rue Louis Armand ZI","Fermé","· Ouvre à 09:00 sam.","·","04 42 59 12 26","","","Itinéraires","","","https://ssl.gstatic.com/local/servicebusiness/default_user.png","""Travail professionnel et pas hors de prix""","","","",""
"https://www.google.fr/maps/place/Pressing+fer+d%27argent/data=!4m7!3m6!1s0x12b61f7ee032c8e5:0xe0bf692f85c96eac!8m2!3d43.4125934!4d5.0021055!16s%2Fg%2F11lm7mmc_w!19sChIJ5cgy4H4fthIRrG7JhS9pv-A?authuser=0&hl=fr&rclk=1","Pressing fer d'argent","3,1","(36)","Pressing","·","·","Fermé","· Ouvre à 09:00 sam.","Centre commercial Carrefour, 568 Av. Clément Mille","06 41 26 09 93","http://www.pressing-fer-dargent.fr/","","Site Web","","Itinéraires","https://ssl.gstatic.com/local/servicebusiness/default_user.png","""Très bon","pressing","à Port-de-Bouc.""","","·"
"https://www.google.fr/maps/place/Pressing+Couture/data=!4m7!3m6!1s0x12c9a87a2cee5407:0x2054da58617b47b2!8m2!3d43.1825137!4d5.695924!16s%2Fg%2F11b7llys5h!19sChIJB1TuLHqoyRIRskd7YVjaVCA?authuser=0&hl=fr&rclk=1","Pressing Couture","4,7","(151)","Pressing","·","Centre Commercial Cap Saint Cyr","Ferme bientôt","· 19:00 · Ouvre à 09:00 sam.","·","04 94 88 76 90","http://www.pressing-saint-cyr.fr/","","Site Web","","Itinéraires","https://ssl.gstatic.com/local/servicebusiness/default_user.png","""","Pressing","et retouche au top très serviable je recommande à 100 pour cent""","",""
"https://www.google.fr/maps/place/Pressing+de+Trets/data=!4m7!3m6!1s0x12c99c52aabfcb1f:0x2441d8bc0ad3bf7!8m2!3d43.4484128!4d5.6878199!16s%2Fg%2F1tk0srx5!19sChIJH8u_qlKcyRIR9zutwIsdRAI?authuser=0&hl=fr&rclk=1","Pressing de Trets","4,5","(38)","Blanchisserie","·","·","Ferme bientôt","· 19:00 · Ouvre à 09:00 sam.","34 Av. Jean Jaurès","04 42 61 30 96","","","Itinéraires","","","https://ssl.gstatic.com/local/servicebusiness/default_user.png","""L'établissement est professionnel et fournit un travail de qualité.""","","","","·"
"https://www.google.fr/maps/place/Pressing+Blanchisserie+De+Puyricard+%C3%A0+Aix-en-Provence+dans+les+Bouches-du-Rh%C3%B4ne/data=!4m7!3m6!1s0x12c98c9c1997b0e1:0x9652c389429fc433!8m2!3d43.5807743!4d5.4210822!16s%2Fg%2F11df3xmfp0!19sChIJ4bCXGZyMyRIRM8SfQonDUpY?authuser=0&hl=fr&rclk=1","Pressing Blanchisserie De Puyricard à Aix-en-Provence dans les Bouches-du-Rhône","3,0","(59)","Service de blanchisserie","·","·","Ferme bientôt","· 19:00 · Ouvre à 09:00 sam.","215 Av. de la Touloubre","04 42 92 22 23","","","Itinéraires","","","https://ssl.gstatic.com/local/servicebusiness/default_user.png","""100% recommend this establishment for quality and price.""","","","","·"
"https://www.google.fr/maps/place/Pressing+des+Pr%C3%AAcheurs/data=!4m7!3m6!1s0x12c98dbc32811d51:0x59f08eecdb411c8d!8m2!3d43.5297327!4d5.4509626!16s%2Fg%2F1tdhwy0j!19sChIJUR2BMryNyRIRjRxB2-yO8Fk?authuser=0&hl=fr&rclk=1","Pressing des Prêcheurs","2,3","(43)","Pressing","·","36 Pl. des Prêcheurs","Ferme bientôt","· 19:00 · Ouvre à 08:30 sam.","·","04 42 21 36 19","","","Itinéraires","","","https://ssl.gstatic.com/local/servicebusiness/default_user.png","""Meilleur","pressing","d'Aix et des alentours.""","",""
"https://www.google.fr/maps/place/Pressing+O%27+SAVOIR+FER/data=!4m7!3m6!1s0x12c9f92e91e7368b:0x8f28777d40157fc2!8m2!3d43.6301022!4d5.1492232!16s%2Fg%2F1tgc1vp4!19sChIJizbnkS75yRIRwn8VQH13KI8?authuser=0&hl=fr&rclk=1","Pressing O' SAVOIR FER","4,6","(27)","Pressing","·","10 Pl. Cabardel","Ferme bientôt","· 18:30 · Ouvre à 09:00 sam.","·","04 90 55 07 83","","","Itinéraires","","","https://ssl.gstatic.com/local/servicebusiness/default_user.png","""Super","pressing","que je recommande !""","",""
"https://www.google.fr/maps/place/O%26A+pressing/data=!4m7!3m6!1s0x8e6c7b0dfd958799:0xc571584e5cf6382f!8m2!3d30.6959409!4d-49.8171262!16s%2Fg%2F11m6_5y_14!19sChIJmYeV_Q17bI4RLzj2XE5YccU?authuser=0&hl=fr&rclk=1","O&A pressing","","","Pressing","","","","","","06 29 27 90 80","","","Itinéraires","","","","","","","",""
"https://www.google.fr/maps/place/Car+Wash+Auto+Pressing/data=!4m7!3m6!1s0x12c99f339745f207:0x13318319efd00a9f!8m2!3d43.3688979!4d5.6490861!16s%2Fg%2F11g_gt1_c!19sChIJB_JFlzOfyRIRnwrQ7xmDMRM?authuser=0&hl=fr&rclk=1","Car Wash Auto Pressing","3,6","(43)","Station de lavage automobile","·","ZAC Pujol","Ouvert 24h/24","","·","09 80 48 76 00","http://auto-pressing.com/","","Site Web","","Itinéraires","https://ssl.gstatic.com/local/servicebusiness/default_user.png","""Je ne vais plus que chez eux""","","","",""
"","","","","","","","","","","","","","","","","","","","","",""